Sr/Si,SHAP value
0.0,-0.0015953931742269524
0.0,-0.00024067073217549966
0.0,-0.0003370697689631163
0.0,-0.00021721113130185877
0.0,-0.0002417284431068209
0.0,-0.0002514986268794433
0.0,-0.0005390902551866317
0.0,-0.0003052404764770244
0.0,-0.0002487055644404963
0.0,-0.0001793429948152644
0.0,-0.00029741618466373016
0.0,-0.00031824474715304383
0.0,-0.0025514299642175704
0.0,-0.00022387600652904556
0.0,-0.000898065232991067
0.0,-0.00029021614213742264
0.0,-0.00022149133901126853
0.0,-0.0002593618365748235
0.0,-0.00022240151547949546
0.0,-0.00029292306870318697
0.0,-0.0007277515762426237
0.0,-0.0003379096145948351
0.0,-0.0004807604540610241
0.0,-0.00029726213623919583
0.0,-0.0002991423966467673
0.0,-0.0006781727335058149
0.0,-0.0002232030141333509
0.0,-0.0002264628571865309
0.0,-0.00023788804353249975
0.0,-0.00024199837007700945
0.0,-0.0007557434907601217
0.0,-0.00029749130426794487
0.0,-0.001180831593844322
0.0,-0.00032223258052873607
0.0,-0.000169599406929522
0.0,-0.000369267246675156
0.0,-0.0002798679818764673
0.0,-0.00028551351405989685
0.0,-0.000296330897529973
0.0,-0.00043191125147714146
0.0,-0.0004872255287708125
0.0,-0.0005023114858051556
0.0,-0.00029125489786175756
0.0,-0.0018863636857928117
0.0,-0.00028260522034382745
0.0,-0.0011419100311641035
0.0,-0.0007100031497521812
0.0,-0.0009244336991097339
0.0,-0.0025523303849275952
0.0,-0.000233511319567347
0.0,-0.00019194570170002643
0.0,-0.0006409756181783217
0.0,-0.0005250309451123905
0.0,-0.0003290374878125024
0.0,-0.00023641598215532185
0.0,-0.000242755059828183
0.0,-0.0006946706816123656
0.0,-0.000491368061256676
0.0,-0.0004138621782150145
0.0,-0.000752785203673819
0.0,-0.00020137073463746987
0.0,-0.0003869548165395479
0.0,-0.0003142249611873671
0.0,-0.00032224466097945066
0.0,-0.00047883722503545806
0.0,-0.00020099872160322162
0.0,-0.0007843142046116617
0.0,-0.0002232198738099652
0.0,-0.0003390799839679375
0.0,-0.002129663051033124
0.0,-0.0003777489952371488
0.0,-0.0007334463273500548
0.0,-0.00033866793862023044
0.0,-0.0004549123257713392
0.0,-0.0004376815352452955
0.0,-0.0004348464956454361
0.0,-0.00019150624987635944
0.0,-0.000333468493200584
0.0,-0.00023093045479403453
0.0,-0.00022149313062266277
0.0,-0.0002133251842860791
0.0,-0.0004546604845940937
0.0,-0.00023627636791069385
0.0,-0.0022890158361392712
0.0,-0.00019837081939103155
0.0,-0.0005730934103728507
0.0,-0.00018922572163705063
0.0,-0.0003297211160554025
0.0,-0.00021323653883865016
0.0,-0.00035654055159917625
0.0,-0.0005233946808210114
0.0,-0.00018553365900092736
0.0,-0.0003881851584589548
0.0,-0.0002910012950250749
0.0,-0.0002975678474870028
0.0,-0.00022198414428042097
0.0,-0.0004250045435914195
0.0,-0.0004499309384675818
0.0,-0.0002087263105446361
0.0,-0.0005021364679613774
0.0,-0.00039823650888285144
0.0,-0.0005379112741453579
0.0,-0.0003678325032395245
0.0,-0.0008839705978107047
0.0,-0.00024190512560139134
0.0,-0.00028832554981106416
0.0,-0.0002236653644865199
0.0,-0.0003288493201907537
0.0,-0.0001647831136390458
0.0,-0.0004626108327984737
0.0,-0.00024198440858737804
0.0,-0.0002740363379981572
0.0,-0.0003249416501815077
0.0,-0.00031114272290623616
0.0,-0.0002720403361906399
0.0,-0.00043360830298201826
0.0,-0.00037539907189426723
0.0,-0.000717324184471365
0.0,-0.0002150882687489711
0.0,-0.00026500931909860005
0.0,-0.00024334834136975896
0.0,-0.0005461855123797799
0.0,-0.0003609251124435307
0.0,-0.00031609209134331347
0.0,-0.00036982119120085175
0.0,-0.0004938697057380144
0.0,-0.00024241084797238757
0.0,-0.0003136969470650878
0.0,-0.0002025417431329292
0.0,-0.000819664305231838
0.0,-0.0002763411010710661
0.0,-0.0002902084377908638
0.0,-0.00044756884846012005
0.0,-0.0002869632343633489
0.0,-0.007042068610913975
0.0,-0.0003943464839015746
0.0,-0.0004885718005791874
0.0,-0.00034468023380493357
0.0,-0.0002883194404299536
0.0,-0.0002774056376513967
0.0,-0.00028903860682066705
0.0,-0.001387367801621335
0.0,-0.00026519487449423376
0.0,-0.0014199876259684068
0.0,-0.0003479470199550797
0.0,-0.0010133318723484993
0.0,-0.000375787284446429
0.0,-0.00021327760157481958
0.0,-0.0005180460015417621
0.0,-0.0002635623744947262
0.0,-0.00036353421592873165
0.0,-0.00039716552289544086
0.0,-0.00038228906960076966
0.0,-0.0002910447162226945
0.0,-0.00040488800328718
0.0,-0.0003584246110234685
0.0,-0.0002588014103774225
0.0,-0.0004085806935846854
0.0,-0.0004094788083211341
0.0,-0.000720695641799858
0.0,-0.00023691361192418222
0.0,-0.00031778534480013577
0.0,-0.0002855870324589547
0.0,-0.00029010022306389163
0.0,-0.00023509556636935376
0.0,-0.0002064257038720631
0.0,-0.0013699830350884176
0.0,-0.0003515831274032334
0.0,-0.0005014458799736994
0.0,-0.00043041213906587364
0.0,-0.0002170696551239857
0.0,-0.00030417869044961903
0.0,-0.00024402045050602133
0.0,-0.00022355909171728385
0.0,-0.0002188188255122199
0.0,-0.00028166051230589224
0.0,-0.00015070057446359174
0.0,-0.0004152871901489449
0.0,-0.00039813511665269096
0.0,-0.00028171551805307004
0.0,-0.00042436003096758227
0.0,-0.00018968943286837907
0.0,-0.0005708941943972444
0.0,-0.0008906122584737657
0.0,-0.0003419842328848908
0.0,-0.0006793561643119265
0.0,-0.00021721113130185877
0.0,-0.00023184404755466427
0.0,-0.0002658664975124939
0.0,-0.000546126474957147
0.0,-0.0011935635631649655
0.0,-0.0003617170603017453
0.0,-0.0022080612223109196
0.0,-0.00023093045479403453
0.0,-0.00033910301342427156
0.0,-0.0002811855339379693
0.0,-0.00022331123181705228
0.0,-0.00028237458689078906
0.0,-0.0002329574976155229
0.0,-0.000591234879777925
0.0,-0.00034364786954344076
0.0,-0.0002765761573138187
0.0,-0.0006675314775670621
0.0,-0.00037179551620397617
0.0,-0.0002418306340640922
0.0,-0.002355100761805044
0.0,-0.00041104492626581075
0.0,-0.0002990280247732987
0.0,-0.0004511626505744389
0.0,-0.0002849438843041302
0.0,-0.0002545194378908603
0.0,-0.00025448124603863795
0.0,-0.0002535415100886188
0.0,-0.00019732076320408068
0.0,-0.0007473715025532283
0.0,-0.00026174967594903354
0.0,-0.00048679258383669334
0.0,-0.00026371265172787955
0.0,-0.00042797452484139053
0.0,-0.0009926005641103996
0.0,-0.0001966497878602105
0.0,-0.00018286207596693212
0.0,-0.00024048090042625244
0.0,-0.00012234346535252544
0.0,-0.0003058864199094596
0.0,-0.0009848991768999591
0.0,-0.000205454057745149
0.0,-0.00039827171399450594
0.0,-0.00027616678569145184
0.0,-0.0003567044636673789
0.0,-0.00033964546246004716
0.0,-0.0004384892939538316
0.0,-0.0008253758895148995
0.0,-0.0004443228877031717
0.0,-0.0002520801560512771
0.0,-0.0002549911552369552
0.0,-0.00023858375189725843
0.0,-0.0004146977128405238
0.0,-0.0004707889152400874
0.0,-0.000251947431005856
0.0,-0.0004368958892640601
0.0,-0.00031824474715304383
0.0,-0.00046605743496075386
0.0,-0.000260649402610809
0.0,-0.00030143598464776666
0.0,-0.00035703928824816483
0.0,-0.0004381777329348951
0.0,-0.00033036222517671707
0.0,-0.00035525718342743436
0.0,-0.00044439719749657733
0.0,-0.0005551295586454852
0.0,-0.00019967415171167355
0.0,-0.0005677591336738596
0.0,-0.0004609971459345484
0.0,-0.0003275195386727279
0.0,-0.00024586221545856853
0.0,-0.00029510853203384383
0.0,-0.00034077772776616944
0.0,-0.0007486067857467053
0.0,-0.0003030294068535228
0.0,-0.0004726214937125325
0.0,-0.0005374568693696489
0.0,-0.0005545195010458211
0.0,-0.0007606857438097354
0.0,-0.0009926005641103996
0.0,-0.0005216736201947557
0.0,-0.0020848355140901716
0.0,-0.0026800872070628138
0.0,-0.0005600258181881558
0.0,-0.0007859951079372468
0.0,-0.00029405618062478835
0.0,-0.0005449168667011517
0.0,-0.0003117045625187943
0.0,-0.0005585869883733656
0.0,-0.00019518555923028308
0.0,-0.0005618054815282737
0.0,-0.00032016709951251856
0.0,-0.0004789232368318155
0.0,-0.0003402339629225991
0.0,-0.00025069830404314373
0.0,-0.0004995304247215105
0.0,-0.0004687458551694346
0.0,-0.0015756405735859484
0.0,-0.00014574769919148693
0.0,-0.00024716710110447377
0.0,-0.0003026353832480364
0.0,-0.0005334284927752862
0.0,-0.0015675537975169678
0.0,-0.00019700954839740984
0.0,-0.00019711385500839317
0.0,-0.0005078248114414578
0.0,-0.00031827710185202676
0.0,-0.00048673285574843254
0.0,-0.00023972791445559509
0.0,-0.0003542881985769223
0.0,-0.00031116563455591483
0.0,-0.000608034168527053
0.0,-0.0011498703850123062
0.0,-0.0002633904027564531
0.0,-0.00016266163054214718
0.0,-0.00023331125472962792
0.0,-0.0002990280247732988
0.0,-0.0002837870145824803
0.0,-0.0003697823982295038
0.0,-0.0014810147015735604
0.0,-0.0002517642340942812
0.0,-0.0009671976667804843
0.0,-0.0032291091689424334
0.0,-0.00027394440563867123
0.0,-0.00023280594123739487
0.0,-0.00036237428104066236
0.0,-0.00032331915333968153
0.0,-0.00019963918965236076
0.0,-0.00023918140531831495
0.0,-0.0005144582492661331
0.0,-0.00024236373697982243
0.0,-0.0002500842777561078
0.0,-0.0002712079918431313
0.0,-0.00023761227749113145
0.0,-0.0015310214067333085
0.0,-0.0007342701915466472
0.0,-0.0002427117300860271
0.0,-0.00020778764045673647
0.0,-0.00023620252856397644
0.0,-0.0008395741272071172
0.0,-0.00024206475201533334
0.0,-0.00042951325021529924
0.0,-0.00022997136812149825
0.0,-0.00026486056662771703
0.0,-0.0002264628571865309
0.0,-0.000454500333851171
0.0,-0.0004826197621107069
0.0,-0.0003698363413757645
0.0,-0.0005151328064318758
0.0,-0.001180831593844322
0.0,-0.00021505440212315344
0.0,-0.00034309045568757144
0.0,-0.001341863674177377
0.0,-0.00028144867490354603
0.0,-0.00030701001369153123
0.0,-0.00039130381662419683
0.0,-0.0004591664758826051
0.0,-0.00028680165368035284
0.0,-0.0006098922287772401
0.0,-0.0002475949081634759
0.0,-0.0002886367624334828
0.0,-0.00022690758546723748
0.0,-0.00032113934013671633
0.0,-0.00021756654232990758
0.0,-0.00027806177569633715
0.0,-0.00025538946644006666
0.0,-0.0002769421757833981
0.0,-0.000169097667549909
0.0,-0.0004240883146947901
0.0,-0.00024042610210176936
0.0,-0.0003139059634358387
0.0,-0.0002115201209770186
0.0,-0.0002593618365748235
0.0,-0.001604760881271676
0.0,-0.0005900591989278429
0.0,-0.00022603241960662446
0.0,-0.00041104492626581075
0.0,-0.0003232216933988975
0.0,-0.0002413632506185684
0.0,-0.0003907701411837515
0.0,-0.0004326152577178996
0.0,-0.00034968855610955973
0.0,-0.0003684389345676683
0.0,-0.00042245796412707115
0.0,-0.0016291290664628385
0.0,-0.00029666759706195914
0.0,-0.00034131554197250043
0.0,-0.0004426230221125269
0.0,-0.0002914492460573282
0.0,-0.00026021204811097317
0.0,-0.0003974280626473752
0.0,-0.00041902868687114953
0.0,-0.0003374419498033143
0.0,-0.0006528791997527663
0.0,-0.0001705177632081048
0.0,-0.0005128575778124285
0.0,-0.0010432347330876978
0.0,-0.0002285169191273325
0.0,-0.00021286520587042156
0.0,-0.0003950425462526612
0.0,-0.00042385504397824216
0.0,-0.0017984308157214665
0.0,-0.00021953605550103326
0.0,-0.0003697902924503618
0.0,-0.00037571894238179774
0.0,-0.0002728122910776295
0.0,-0.00047995012892399435
0.0,-0.0004154882442601427
0.0,-0.0002730445387366293
0.0,-0.0005317153882054224
0.0,-0.00023233634602233162
0.0,-0.0038131427292121046
0.0,-0.0005044817312640561
0.0,-0.0002027126933139872
0.0,-0.0002656709784983079
0.0,-0.00019349833021331498
0.0,-0.00039503745874254866
0.0,-0.00022994778382598205
0.0,-0.0003358581247392456
0.0,-0.00025139338983868194
0.0,-0.0002498537670313263
0.0,-0.0003527319338175485
0.0,-0.00029841453434545297
0.0,-0.001442743169441806
0.0,-0.00067495164528031
0.0,-0.00031114128283222094
0.0,-0.0008946319774338965
0.0,-0.0005310807082808911
0.0,-0.0004807604540610241
0.0,-0.00023144244802250923
0.0,-0.000537159102299548
0.0,-0.0002994933030193281
0.0,-0.00047432565736573893
0.0,-0.0002606605306719147
0.0,-0.0006245625449796306
0.0,-0.0002372162113458955
0.0,-0.00026782933512420906
0.0,-0.0002540753267863714
0.0,-0.0008635795276355109
0.0,-0.00025249138116246377
0.0,-0.0002195675070824606
0.0,-0.00044006389432313397
0.0,-0.0005435876659161948
0.0,-0.00020512349814037965
0.0,-0.0005701610508672357
0.0,-0.0004161106399903084
0.0,-0.00038081711504270505
0.0,-0.00032597527180823585
0.0,-0.00024019066126786497
0.0,-0.00025749141718090727
0.0,-0.0003052404764770244
0.0,-0.0006359194183027556
0.0,-0.0009926005641103996
0.0,-0.0002873974881534741
0.0,-0.0002472555488651937
0.0,-0.00037359820003763635
0.0,-0.00032016709951251856
0.0,-0.0003723841819219526
0.0,-0.0010831832466404831
0.0,-0.0002531739509330003
0.0,-0.00027829376991514
0.0,-0.00035450141665084345
0.0,-0.000277851838787889
0.0,-0.0003402246686361146
0.0,-0.00022366046432701971
0.0,-0.0006295006348689125
0.0,-0.0002367991480192127
0.0,-0.0019899889137363624
0.0,-0.000508081347122641
0.0,-0.00034659214848494293
0.0,-0.0021032591072655043
0.0,-0.00028075755242352627
0.0,-0.0002855870324589547
0.0,-0.00020330888127071545
0.0,-0.0002593618365748235
0.0,-0.00024233800418818244
0.0,-0.00038117058830710026
0.0,-0.0002712079918431313
0.0,-0.0011781453123690605
0.0,-0.00021192465942724246
0.0,-0.00021286520587042156
0.0,-0.00021805251122597073
0.0,-0.0003961259694633452
0.0,-0.00028357941767759293
0.0,-0.00034167152713762233
0.0,-0.0004124150293312478
0.0,-0.00038583884279348203
0.0,-0.0003751872631701563
0.0,-0.00028463642214088616
0.0,-0.00020079511796927465
0.0,-0.0003704286196732462
0.0,-0.00021060887292749595
0.0,-0.00022538702761539227
0.0,-0.00019311026995340468
0.0,-0.00023944483257576994
0.0,-0.00043185131643064164
0.0,-0.0010477698593099047
0.0,-0.000510677672072027
0.0,-0.00035357267179565147
0.0,-0.0004875173012925668
0.0,-0.00023641598215532185
0.0,-0.0007497973373250508
0.0,-0.0005534166645400466
0.0,-0.0003226551458468765
0.0,-0.0002841984200587391
0.0,-0.0010391790607163554
0.0,-0.00017600614648329536
0.0,-0.0003721384119461495
0.0,-0.00025563235824456785
0.0,-0.0003918622710829202
0.0,-0.0006336805767453034
0.0,-0.00024999694889776494
0.0,-0.000415289414836983
0.0,-0.0018223662813184444
0.0,-0.0009104974538987755
0.0,-0.00022018738067820215
0.0,-0.00039518166211308103
0.0,-0.0002715863344205081
0.0,-0.000640097595944392
0.0,-0.0007090267060486854
0.0,-0.0002506827179317121
0.0,-0.00029806684439137165
0.0,-0.00031958527281908356
0.0,-0.0004514810065696396
0.0,-0.0006937982752750437
0.0,-0.00016449581687609483
0.0,-0.00041975741796768313
0.0,-0.00018688461130776223
0.0,-0.00017717647218135998
0.0,-0.0001599409633840079
0.0,-0.00032894811481965636
0.0,-0.00022871956299998127
0.0,-0.0019443480491074148
0.0,-0.00048106813008624703
0.0,-0.0007909247812451814
0.0,-0.0007407145410505471
0.0,-0.00025893713846270505
0.0,-0.0002606054367125471
0.0,-0.0005282408493136702
0.0,-0.00046324983720021854
0.0,-0.00018458297816734343
0.0,-0.00023593242273822008
0.0,-0.0003733721492515687
0.0,-0.00023794062475575265
0.0,-0.0007171539080350445
0.0,-0.00038764092387862597
0.0,-0.0004665345608485853
0.0,-0.0002459597387284763
0.0,-0.00021939646865111624
0.0,-0.00024163057697786986
0.0,-0.0004762553227958026
0.0,-0.0002303983536587747
0.0,-0.0003162974225147986
0.0,-0.0012469490165034952
0.0,-0.00038110278230599394
0.0,-0.0004834492278714593
0.0,-0.0004294790256860899
0.0,-0.000615373226962716
0.0,-0.00033768447108681646
0.0,-0.00022859327767749097
0.0,-0.00021805251122597073
0.0,-0.000311889658175636
0.0,-0.00036982119120085175
0.0,-0.0021302039187290817
0.0,-0.00029417790298390977
0.0,-0.0002459131003970992
0.0,-0.0002757011998054241
0.0,-0.00024089718983790072
0.0,-0.00020778764045673647
0.0,-0.0007088346347225425
0.0,-0.00022271084638236755
0.0,-0.0003000370678628985
0.0,-0.0007415975944167545
0.0,-0.0004194336402025524
0.0,-0.00031616566529370064
0.0,-0.00019805429978944183
0.0,-0.00037053710634483294
0.0,-0.0007781125138648111
0.0,-0.0009470268293416297
0.0,-0.00028856403051081853
0.0,-0.0004419666087588979
0.0,-0.00028955184416308615
0.0,-0.0004111458814426451
0.0,-0.00037248543080030465
0.0,-0.00022314559911007444
0.0,-0.00037692535023550153
0.0,-0.0005924045453259625
0.0,-0.00023035598970769027
0.0,-0.0002805221009592209
0.0,-0.0003663838269801154
0.0,-0.0006482326657081874
0.0,-0.000816975122261419
0.0,-0.00024212867868682986
0.0,-0.0005176631560576
0.0,-0.00036678787304280313
0.0,-0.0005319413206931073
0.0,-0.00023270686050128514
0.0,-0.00037582178180555685
0.0,-0.0005374941908480476
0.0,-0.0012269084921693915
0.0,-0.0001981087306469758
0.0,-0.0007664042827573214
0.0,-0.0004353510040522745
0.0,-0.0003052865119616159
0.0,-0.00031068851490006263
0.0,-0.0005526492485364466
0.0,-0.0007967175282187052
0.0,-0.0002066720715922225
0.0,-0.0003516008526036346
0.0,-0.00033718070205096903
0.0,-0.0002498390563174427
0.0,-0.0008935373910191986
0.0,-0.0007290293348997961
0.0,-0.00034675683090116925
0.0,-0.00012091174211564789
0.0,-0.00018485756550114954
0.0,-0.0005326419264209738
0.0,-0.0008332101444056052
0.0,-0.0002813993912012065
0.0,-0.00031908435930575184
0.0,-0.00035817712971033145
0.0,-0.000655091613579971
0.0,-0.0002339654218683018
0.0,-0.0003187424716896823
0.0,-0.00035203861017988675
0.0,-0.00021291151706215506
0.0,-0.001434070990539067
0.0,-0.0003738459287379892
0.0,-0.0017899272017173344
0.0,-0.000323799541755766
0.0,-0.0003391016976164768
0.0,-0.0002703105611721139
0.0,-0.00023994582332174152
0.0,-0.00024096169208037265
0.0,-0.00026356842298359183
0.0,-0.0003911242136518109
0.0,-0.0003512118437713026
0.0,-0.00023970141375061104
0.0,-0.000200279325524938
0.0,-0.0007575984249254623
0.0,-0.00027993957034720126
0.0,-0.0001509002256491109
0.0,-0.0001845130555305488
0.0,-0.000225196955380855
0.0,-0.0002186603290010054
0.0,-0.00021853757485665892
0.0,-0.0007910786249506844
0.0,-0.000730244162366073
0.0,-0.00039638512095747973
0.0,-0.000209827601398398
0.0,-0.00034468023380493357
0.0,-0.0005358065701794531
0.0,-0.0007879639534962276
0.0,-0.0003385644668476865
0.0,-0.00022550223807814998
0.0,-0.0005388660654144146
0.0,-0.0002147918383731165
0.0,-0.0003526929176883181
0.0,-0.0007290293348997961
0.0,-0.0002857293793612422
0.0,-0.0003402339629225991
0.0,-0.0005187437297550743
0.0,-0.000154362949940883
0.0,-0.0004094600964932958
0.0,-0.0002188610343086463
0.0,-0.0003944528208866912
0.0,-0.0005257797823917829
0.0,-0.0011935112182982568
0.0,-0.00046155581226491434
0.0,-0.00023258743203438258
0.0,-0.00020930746782088158
0.0,-0.00038635066099849963
0.0,-0.0006845481773039245
0.0,-0.00039362960270458594
0.0,-0.00016219913486089426
0.0,-0.000568534776044924
0.0,-0.0002763840500463692
0.0,-0.00033173102391600057
0.0,-0.0004189974704432066
0.0,-0.0016424457815211078
0.0,-0.00024147107791656328
0.0,-0.00045828752244796655
0.0,-0.0003402339629225991
0.0,-0.0002068379157603878
0.0,-0.000611893332212769
0.0,-0.00046605743496075386
0.0,-0.00038446142934241937
0.0,-0.00022039366969549124
0.0,-0.0003598401874408117
0.0,-0.00031342376649566366
0.0,-0.00013970774770143802
0.0,-0.0003529328203198913
0.0,-0.00025069830404314373
0.0,-0.00040382474189559016
0.0,-0.0014555506975752555
0.0,-0.00035926344059775817
0.0,-0.0003949449502977122
0.0,-0.0003810990660860341
0.0,-0.00032024873099725657
0.0,-0.0002518299910656464
0.0,-0.00035044157388220885
0.0,-0.0005485594413602333
0.0,-0.00027760702714199636
0.0,-0.0002145181143235255
0.0,-0.00021809561599755347
0.0,-0.00023951292702370362
0.0,-0.0002441865598167875
0.0,-0.0004903084403718917
0.0,-0.0003152313426491953
0.0,-0.00020950686533943683
0.0,-0.0006521563729658551
0.0,-0.00032437201828021194
0.0,-0.0004872428092535279
0.0,-0.00036982119120085175
0.0,-0.00035249603044595613
0.0,-0.0002110186837546516
0.0,-0.0002430063116397461
0.0,-0.0002058507223688297
0.0,-0.00024316137774050227
0.0,-0.00033085305571036366
0.0,-0.0014377006408904693
0.0,-0.00016490333429290606
0.0,-0.0012229426211972183
0.0,-0.0003046648670841782
0.0,-0.0011561857570631076
0.0,-0.0003776396664657394
0.0,-0.0002824800551376592
0.0,-0.000516376453602673
0.0,-0.0002422968873054271
0.0,-0.00042088575599810664
0.0,-0.00042209990885365444
0.0,-0.0004098454068387368
0.0,-0.0002715863344205081
0.0,-0.0005798958982270669
0.0,-0.00024452483220743754
0.0,-0.0001736379661433151
0.0,-0.0003693859760182475
0.0,-0.0007483963642340843
0.0,-0.0002721993771452129
0.0,-0.0013765988587070364
0.0,-0.00043265416806853704
0.0,-0.0005169907215596071
0.0,-0.00041104492626581075
0.0,-0.0020996111741099738
0.0,-0.00028891602393292217
0.0,-0.00019688196847794014
0.0,-0.00046673483410564486
0.0,-0.00022987090947042954
0.0,-0.0006177964471100301
0.0,-0.00045736642865301056
0.0,-0.0006080496119129554
0.0,-0.0007690704973244617
0.0,-0.00022391654399370913
0.0,-0.00014485267343379685
0.0,-0.001324954067389231
0.0,-0.000800467643218984
0.0,-0.00022074830464890942
0.0,-0.00025563069589347974
0.0,-0.0004523349129804531
0.0,-0.00028636309655814
0.0,-0.00020312133354134757
0.0,-0.0003171754647809867
0.0,-0.0015070080862210511
0.0,-0.00039471402133984087
0.0,-0.0004376815352452955
0.0,-0.000696064620941822
0.0,-0.00020755534985883114
0.0,-0.00042763380946696125
0.0,-0.0007955278344181245
0.0,-0.00023960145277915497
0.0,-0.0002449933542703319
0.0,-0.000314671294587155
0.0,-0.0005094862659950928
0.0,-0.0002329574976155229
0.0,-0.0003281675413375363
0.0,-0.0001972662133713021
0.0,-0.0003136747350662548
0.0,-0.0002398374010068533
0.0,-0.00030642375506999156
0.0,-0.00044554972562154955
0.0,-0.000427039365497409
0.0,-0.00030503637560361186
0.0,-0.0005416190971448122
0.0,-0.0006798799965220383
0.0,-0.00022323332110200917
0.0,-0.00019336687347375404
0.0,-0.0002619779856473578
0.0,-0.0016111949491389107
0.0,-0.00023573966099813782
0.0,-0.0022890158361392712
0.0,-0.00022150134866886467
0.0,-0.00024212398015004933
0.0,-0.00032631445447451625
0.0,-0.00023372208039831364
0.0,-0.00015674663091188305
0.0,-0.0012295841248293423
0.0,-0.0003997486870414923
0.0,-0.0011849603636654822
0.0,-0.0001759048234671957
0.0,-0.00024091528133030396
0.0,-0.0007714217298603784
0.0,-0.0003858139227176462
0.0,-0.00023366586209370944
0.0,-0.00041763569444732194
0.0,-0.00037590180267091454
0.0,-0.00015505216712708326
0.0,-0.0006609630156827264
0.0,-0.0009458813336578379
0.0,-0.00022125797243071837
0.0,-0.00018852197008224937
0.0,-0.00016138833905409168
0.0,-0.0005531205020622333
0.0,-0.00025113275642002524
0.0,-0.00023178262691928264
0.0,-0.00024766722010151636
0.0,-0.00029461890199820976
0.0,-0.001557498883930617
0.0,-0.0015316207634126203
0.0,-0.00021319880830871169
0.0,-0.0003810990660860341
0.0,-0.00020186398091248884
0.0,-0.0010087906360938981
0.0,-0.0004003695680129367
0.0,-0.00026216512116482505
0.0,-0.00023808924782638997
0.0,-0.00022695003141752612
0.0,-0.00020803882765980006
0.0,-0.00032222711877511194
0.0,-0.0005682924336954959
0.0,-0.00046870365491104255
0.0,-0.00031259961353675893
0.0,-0.0005329896045454961
0.0,-0.00019506244353659688
0.0,-0.0002910447162226945
0.0,-0.005244392139810922
0.0,-0.00012234346535252544
0.0,-0.0007191394371629122
0.0,-0.00021869804314601966
0.0,-0.00026390967626408645
0.0,-0.00018948399285382474
0.0,-0.0003703102062996773
0.0,-0.0008451488418958809
0.0,-0.000718468274758025
0.0,-0.00026216258091525755
0.0,-0.00026518662572547175
0.0,-0.0002030635599369256
0.0,-0.00022866642933558554
0.0,-0.0002645582739474238
0.0,-0.0002460095896872933
0.0,-0.0012662174352243785
0.0,-0.0005931272652602401
0.0,-0.001090923660483147
0.0,-0.0002677988067220632
0.0,-0.0005470612463511367
0.0,-0.0012269084921693915
0.0,-0.00019915127995678289
0.0,-0.0002578147724249452
0.0,-0.0002855870324589547
0.0,-0.0005767934267743775
0.0,-0.0024819505472217346
0.0,-0.0003379096145948351
0.0,-0.00023390133542478418
0.0,-0.0005703672492519911
0.0,-0.0002514986268794433
0.0,-0.00020266162003272837
0.0,-0.00015874353464674109
0.0,-0.00031622690937756193
0.0,-0.00029228775128803424
0.0,-0.0003686764513752745
0.0,-0.00023437622736925592
0.0,-0.00024034824084548945
0.0,-0.00023340402316215106
0.0,-0.0004790580787010088
0.0,-0.00021789223577713297
0.0,-0.00046552131665058687
0.0,-0.0003027316920983093
0.0,-0.0004663011933655295
0.0,-0.00017486268795372398
0.0,-0.0002853286124673352
0.0,-0.00039843821628298386
0.0,-0.00022105127509037322
0.0,-0.00023494273132753312
0.0,-0.0026978664343076586
0.0,-0.0005710521057913449
0.0,-0.00022599557444435812
0.0,-0.0002978103484023113
0.0,-0.0002581490903974483
0.0,-0.0008878694655673374
0.0,-0.00028660509393844285
0.0,-0.0002712079918431313
0.0,-0.00033045301987731066
0.0,-0.00017997465112506376
0.0,-0.0007425928885541032
0.0,-0.0004920143521508033
0.0,-0.0002316522361837238
0.0,-0.00024094223208064337
0.0,-0.00046673483410564486
0.0,-0.00035154236767209355
0.0,-0.00024874880976421057
0.0,-0.0005968980655937705
0.0,-0.0003219392749730319
0.0,-0.000454455588669268
0.0,-0.0003959822646079146
0.0,-0.00035253357539981984
0.0,-0.0004373260282555089
0.0,-0.00031825540020524853
0.0,-0.00036125704597700354
0.0,-0.0001853428604172017
0.0,-0.00023595084547955157
0.0,-0.000397187432705389
0.0,-0.00048648964050210545
0.0,-0.0005814212007847626
0.0,-0.00039597151818908556
0.0,-0.0004762553227958026
0.0,-0.0004966429940153554
0.0,-0.0005075540370125465
0.0,-0.00043160535593906327
0.0,-0.0004225970256832269
0.0,-0.0004483185780925523
0.0,-0.00022361606032472885
0.0,-0.0004762553227958026
0.0,-0.0008384856972277074
0.0,-0.00037473043767847407
0.0,-0.00027453679241844133
0.0,-0.00018521800470700376
0.0,-0.0006193718091147756
0.0,-0.00026598560150454755
0.0,-0.0003339672229362179
0.0,-0.000265200650475964
0.0,-0.00023944483257576994
0.0,-0.0003225766144033215
0.0,-0.00026222244811204497
0.0,-0.0002990280247732987
0.0,-0.0003045154382839038
0.0,-0.00037953549658314235
0.0,-0.0004465152350326276
0.0,-0.00015951834719827568
0.0,-0.00014485267343379685
0.0,-0.003773457254267125
0.0,-0.00038773989277419415
0.0,-0.0002856295496784135
0.0,-0.00024435269014404026
0.0,-0.0006245191974725508
0.0,-0.0004775754098604929
0.0,-0.00019923172651355425
0.0,-0.0009839035954736105
0.0,-0.0001771259368276909
0.0,-0.0004595070511945713
0.0,-0.00023063190874549297
0.0,-0.00032949153871050465
0.0,-0.00020578908443370867
0.0,-0.0002520381155709283
0.0,-0.000475214635246632
0.0,-0.00025586114473165306
0.0,-0.0003988738236936664
0.0,-0.00023022436826299726
0.0,-0.0029077863890564866
0.0,-0.0003311817842360306
0.0,-0.0002738640625688764
0.0,-0.0003572610228313152
0.0,-0.0002636879187528871
0.0,-0.00036262283937950015
0.0,-0.000309136751472489
0.0,-0.0003358581247392456
0.0,-0.00023691715805759767
0.0,-0.0002241888249048713
0.0,-0.00030699451498294805
0.0,-0.000451242274349866
0.0,-0.00019871709741891677
0.0,-0.00024219563653129388
0.0,-0.00043796569982178083
0.0,-0.0003802136216025724
0.0,-0.00021574547423832321
0.0,-0.0006196727997116963
0.0,-0.0010792743788120465
0.0,-0.0004408668895604757
0.0,-0.0006142803984072103
0.0,-0.00034996643138589614
0.0,-0.0002785167589157193
0.0,-0.000465578224958075
0.0,-0.0011037146101733491
0.0,-0.0005011939275073006
0.0,-0.0007370674166429532
0.0,-0.0005174388795114072
0.0,-0.00038546617015132337
0.0,-0.0002406626596603031
0.0,-0.00023504776595900542
0.0,-0.0003192617596556487
0.0,-0.0004595070511945713
0.0,-0.000490498434063303
0.0,-0.00040326201470600013
0.0,-0.0012415484021430134
0.0,-0.000419168070457489
0.0,-0.00029309073739612536
0.0,-0.0003324008238094366
0.0,-0.0013699830350884176
0.0,-0.000916047767597072
0.0,-0.0004161106399903084
0.0,-0.00043817099499438917
0.0,-0.0005291699578670854
0.0,-0.00023021134417599307
0.0,-0.00022362013548363435
0.0,-0.00023225259413033134
0.0,-0.0013255669516081963
0.0,-0.0002967816442042164
0.0,-0.0001646617652623167
0.0,-0.0005128575778124285
0.0,-0.00024225223956334205
0.0,-0.0002389319349725138
0.0,-0.00029692145837109516
0.0,-0.0003685157933403535
0.0,-0.00020119753524759144
0.0,-0.00036307668777670727
0.0,-0.0003215360813393236
0.0,-0.0005040160142977404
0.0,-0.0013463454070207614
0.0,-0.00021936040351475315
0.0,-0.0035901796966335245
0.0,-0.0002918571102544305
0.0,-0.0004409907677925504
0.0,-0.0003067179971776271
0.0,-0.00023933209363491854
0.0,-0.0004925953326276714
0.0,-0.001758870421345593
0.0,-0.00025506695647914114
0.0,-0.00026359946299174574
0.0,-0.00044017989515324294
0.0,-0.0005432954545417531
0.0,-0.0009003889085439164
0.0,-0.0004313162017155481
0.0,-0.00028167673025338626
0.0,-0.0007204854723930229
0.0,-0.00024193475596043088
0.0,-0.00022881515327755942
0.0,-0.00040613269106690484
0.0,-0.0004085156471504526
0.0,-0.0002043705055049291
0.0,-0.00022533215209989856
0.0,-0.0003153756230536729
0.0,-0.000182642271740325
0.0,-0.0004128054998958677
0.0,-0.00023556021820688927
0.0,-0.0007812547807081381
0.0,-0.00023701506137916792
0.0,-0.00021519161291731572
0.0,-0.000294346763086462
0.0,-0.00028116738356920426
0.0,-0.0005182201555321247
0.0,-0.0005782883348329797
0.0,-0.0005317932406978186
0.0,-0.00028144186770906693
0.0,-0.00025563069589347974
0.0,-0.000457759487791704
0.0,-0.0003890883507815399
0.0,-0.0010652299493297162
0.0,-0.0003427574042108985
0.0,-0.0002495829184284841
0.0,-0.0002847787168603325
0.0,-0.0002122429817965877
0.0,-0.0004776542641750355
0.0,-0.0001992049430872583
0.0,-0.00019648368872896243
0.0,-0.0007783943653823115
0.0,-0.0002266735373501645
0.0,-0.0003916232471866461
0.0,-0.00030297615214149064
0.0,-0.0001888020920239422
0.0,-0.00022830932363580484
0.0,-0.00021715809578921975
0.0,-0.0009225815239696851
0.0,-0.0007473715025532283
0.0,-0.0011561857570631076
0.0,-0.00020562336740919873
0.0,-0.0004673878684870331
0.0,-0.00035844528752740937
0.0,-0.00025449230897724363
0.0,-0.0001807404002118741
0.0,-0.0003052404764770244
0.0,-0.0003033941359065188
0.0,-0.00043109726518317655
0.0,-0.00031455522410495107
0.0,-0.001353768528506547
0.0,-0.0003159795771873148
0.0,-0.00023706085953718514
0.0,-0.0014747891885830394
0.0,-0.0002441595160181918
0.0,-0.0008878694655673374
0.0,-0.000236990533546997
0.0,-0.0006679428022298481
0.0,-0.00030003067473551227
0.0,-0.0005148355221424271
0.0,-0.0004230176061474974
0.0,-0.0011481492813140027
0.0,-0.0011819031279117617
0.0,-0.0002852412387948077
0.0,-0.000326238430946548
0.0,-0.00024048090042625244
0.0,-0.00041217543330036464
0.0,-0.00045572665189557647
0.0,-0.00026017421467043107
0.0,-0.000316627497391009
0.0,-0.0004228279495465686
0.0,-0.00043796569982178083
0.0,-0.00048144721642860044
0.0,-0.0002999873954410886
0.0,-0.0003633352902804366
0.0,-0.0003824472675649091
0.0,-0.0004523407675827101
0.0,-0.0005013012897498709
0.0,-0.0004248269167010518
0.0,-0.0005143046458064313
0.0,-0.00046685635059102754
0.0,-0.00025988950614083125
0.0,-0.00021381384444499977
0.0,-0.0002636879187528871
0.0,-0.0004872421585641371
0.0,-0.000549955599980206
0.0,-0.0002948876882439177
0.0,-0.0003029136956273832
0.0,-0.0004661925943507732
0.0,-0.0007952632084644409
0.0,-0.0003632007367879815
0.0,-0.0006194089108559111
0.0,-0.0006198280820379469
0.0,-0.0002898298467477218
0.0,-0.0005399608323637728
0.0,-0.0020932647295299144
0.0,-0.0002355948665571715
0.0,-0.0002886367624334828
0.0,-0.0005719496808980297
0.0,-0.0002728198705213514
0.0,-0.0004663011933655295
0.0,-0.00020684298645896572
0.0,-0.00030503616134753436
0.0,-0.0003710169649634453
0.0,-0.00036382130042492236
0.0,-0.0004260945095257803
0.0,-0.00022693303586503646
0.0,-0.00044062330890175244
0.0,-0.0002567619028169487
0.0,-0.00015403827538777045
0.0,-0.0003736422796049937
0.0,-0.00034817599085965197
0.0,-0.00023443373378291424
0.0,-0.0002854806139439681
0.0,-0.0007693054962909389
0.0,-0.00043434673930903094
0.0,-0.000217574713869419
0.0,-0.00033795509250978117
0.0,-0.00028047345390518877
0.0,-0.0005569286300836566
0.0,-0.00033763487425797506
0.0,-0.00037826459954028586
0.0,-0.00021088550843167609
0.0,-0.0007290293348997961
0.0,-0.00019476879331172998
0.0,-0.0003517427264302838
0.0,-0.00024931371880245764
0.0,-0.0005279715628196233
0.0,-0.0007497420253914277
0.0,-0.00045243571732061686
0.0,-0.0003842759517223726
0.0,-0.0010477698593099047
0.0,-0.00017241586892830578
0.0,-0.0003785656777919761
0.0,-0.00038196696893923936
0.0,-0.00043438157890169797
0.0,-0.0003108992453221183
0.0,-0.00048768366707219136
0.0,-0.0003244511397547608
0.0,-0.00032652864343861687
0.0,-0.00020113898578908826
0.0,-0.000209856544991139
0.0,-0.0002726842792091552
0.0,-0.00048607277848853025
0.0,-0.0005514962319308572
0.0,-0.00030154207792558425
0.0,-0.00020867260112471408
0.0,-0.00020315637518269708
0.0,-0.00024808071068802614
0.0,-0.0007189779113425393
0.0,-0.00020084814017744425
0.0,-0.00033404199308369317
0.0,-0.00023192103185583433
0.0,-0.00032691141756132215
0.0,-0.00020059146978580885
0.0,-0.00031609209134331347
0.0,-0.00022462099059489656
0.0,-0.00023824669635697963
0.0,-0.000317728896642746
0.0,-0.00024438469190650263
0.0,-0.0002596769698748909
0.0,-0.00029538630831300725
0.0,-0.0002115201209770186
0.0,-0.00021794739268114397
0.0,-0.00022149313062266277
0.0,-0.00018811613643641062
0.0,-0.00033677734928871277
0.0,-0.0002446924721566924
0.0,-0.0003801550982782862
0.0,-0.000300577345101951
0.0,-0.002255691035875285
0.0,-0.0005309616046331324
0.0,-0.0002963642074034408
0.0,-0.00032932195393216616
0.0,-0.0002950586119154885
0.0,-0.0009225815239696851
0.0,-0.0006282848604337371
0.0,-0.00020726096265138994
0.0,-0.00036032060308094577
0.0,-0.0003940939151376814
0.0,-0.00025748268967912773
0.0,-0.00023693376321231072
0.0,-0.00029536749347778245
0.0,-0.0002889859042199948
0.0,-0.00040014447549200613
0.0,-0.0003669510726810859
0.0,-0.00021827191881164507
0.0,-0.0007555450644577753
0.0,-0.00022184842953733346
0.0,-0.0003180294260716475
0.0,-0.0006080496119129554
0.0,-0.0007494993055003002
0.0,-0.00029172603170895617
0.0,-0.00021479586902933292
0.0,-0.0005203279351772638
0.0,-0.0004815584203640962
0.0,-0.00024396525962906568
0.0,-0.00026089869896251446
0.0,-0.00019040359483117183
0.0,-0.0002514986268794433
0.0,-0.000341201144824057
0.0,-0.00031637361912991845
0.0,-0.0004116183323649243
0.0,-0.00025321620636698905
0.0,-0.0002242114622204647
0.0,-0.00023648038964941038
0.0,-0.000277150750802529
0.0,-0.00022550223807814998
0.0,-0.0004748555273044446
0.0,-0.00019311026995340468
0.0,-0.0013855451347241055
0.0,-0.00022582571523588896
0.0,-0.0004926980043861082
0.0,-0.00025975818303329996
0.0,-0.0016345213437406823
0.0,-0.0002446924721566924
0.0,-0.0002375873635441383
0.0,-0.00039798677737623106
0.0,-0.00025213006341992896
0.0,-0.00026396022739832016
0.0,-0.00019768741670896805
0.0,-0.0004246826180703343
0.0,-0.00046137951420587454
0.0,-0.00028953812099856733
0.0,-0.0002538927139972622
0.0,-0.0004186522985137187
0.0,-0.0013223537560716838
0.0,-0.00023951031932879153
0.0,-0.00024233800418818244
0.0,-0.000333868621845756
0.0,-0.00043317462649631824
0.0,-0.001255555605004039
0.0,-0.0002699707965660395
0.0,-0.0004804086053086762
0.0,-0.00044350019608978584
0.0,-0.00022519814586534237
0.0,-0.0001998573796930985
0.0,-0.00042570311412513104
0.0,-0.00024707773884506847
0.0,-0.0006418338292180327
0.0,-0.0007342701915466472
0.0,-0.00026364160917785573
0.0,-0.0005463857069088001
0.0,-0.00020618525585579662
0.0,-0.000272718982820949
0.0,-0.00033063794414452867
0.0,-0.0003612564525522442
0.0,-0.00029292306870318697
0.0,-0.00023525116074320714
0.0,-0.0002984258613994926
0.0,-0.00015278355163561433
0.0,-0.0002025417431329292
0.0,-0.0005615275551502191
0.0,-0.00027746683872966133
0.0,-0.00027353914889931996
0.0,-0.00028047345390518877
0.0,-0.0008563700284798895
0.0,-0.0002543475302097156
0.0,-0.0002218908754876221
0.0,-0.0002125634668779241
0.0,-0.0005656713366134794
0.0,-0.00045703606587083816
0.0,-0.00023707305415285733
0.0,-0.0006614988584389521
0.0,-0.000608034168527053
0.0,-0.00025339976778770247
0.0,-0.00019261001118209655
0.0,-0.00024019979161079877
0.0,-0.0003987605952561972
0.0,-0.00027474012984369714
0.0,-0.0001365790236879495
0.0,-0.00021827191881164507
0.0,-0.00023944483257576994
0.0,-0.00015440439886425043
0.0,-0.000514740432499684
0.0,-0.0005204157407172783
0.0,-0.00047739346406123443
0.0,-0.0004514378772792554
0.0,-0.0002549163115838128
0.0,-0.00031529071027115827
0.0,-0.0003703753259555724
0.0,-0.00022659050376602223
0.0,-0.0002973642118231487
0.0,-0.0004885718005791874
0.0,-0.00026791516972625353
0.0,-0.0002715863344205081
0.0,-0.002649454621152416
0.0,-0.00022977075986186531
0.0,-0.0002881844629918627
0.0,-0.0016234910167025804
0.0,-0.0005242196733083398
0.0,-0.00016998155484132082
0.0,-0.0003171754647809867
0.0,-0.00048821154959129744
0.0,-0.0002369795921033643
0.0,-0.000497979812565031
0.0,-0.0007095754452587441
0.0,-0.0004085156471504526
0.0,-0.00015797765516286006
0.0,-0.0002497649412657627
0.0,-0.0002285102800503108
0.0,-0.00023136462468680073
0.0,-0.00026920143958512123
0.0,-0.0005006685960788458
0.0,-0.0003940939151376814
0.0,-0.0003136969470650878
0.0,-0.00017295050651528488
0.0,-0.00032480960157339994
0.0,-0.00023641510118484858
0.0,-0.00025404133029835544
0.0,-0.0007277515762426237
0.0,-0.000272718982820949
0.0,-0.0005189118251013537
0.0,-0.0004747543246435803
0.0,-0.0005018968719304943
0.0,-0.0001761734650392815
0.0,-0.00023881362841356965
0.0,-0.0004873109276024923
0.0,-0.0002363677312941277
0.0,-0.000991443922139797
0.0,-0.0003163222870218592
0.0,-0.0005578346677339422
0.0,-0.0003139059634358387
0.0,-0.0001705177632081048
0.0,-0.0003777567347091011
0.0,-0.00044474599680362274
0.0,-0.0003312275801212946
0.0,-0.0005233906666343178
0.0,-0.0004567146827589153
0.0,-0.0003738571880360557
0.0,-0.00035884628481906857
0.0,-0.0002585822331190378
0.0,-0.000296754010712544
0.0,-0.0006664276284856557
0.0,-0.00028894593874809
0.0,-0.00016809811361928744
0.0,-0.0006758184172392274
0.0,-0.000205177033184428
0.0,-0.0002950398634953847
0.0,-0.00021327760157481958
0.0,-0.0002968590554394001
0.0,-0.0003131543344181647
0.0,-0.0004172071439179392
0.0,-0.00022741893860442192
0.0,-0.00021765674309061627
0.0,-0.00023581498686913303
0.0,-0.00021255097156571968
0.0,-0.00022550223807814998
0.0,-0.00023834650588482113
0.0,-0.00015409508775120708
0.0,-0.0002936517531801348
0.0,-0.0005189118251013537
0.0,-0.00022233769768434405
0.0,-0.0002081700358188076
0.0,-0.00040125303466594526
0.0,-0.00026802102102427717
0.0,-0.00030290942258485944
0.0,-0.0009839035954736105
0.0,-0.0010377391853682724
0.0,-0.00042965133457352565
0.0,-0.00036215973301747487
0.0,-0.0002374073367363201
0.0,-0.0002274820898659689
0.0,-0.0005274068144304182
0.0,-0.0004583438042399652
0.0,-0.00026518822313917833
0.0,-0.00019559381868657202
0.0,-0.0002716724634435761
0.0,-0.0004315902179857595
0.0,-0.00048821154959129744
0.0,-0.0002374310255434596
0.0,-0.00029472604569548595
0.0,-0.00041120683078371814
0.0,-0.000677618662402457
0.0,-0.0002555222825409543
0.0,-0.00016755415348952555
0.0,-0.00018577827635870485
0.0,-0.00040996892411462616
0.0,-0.00019616111929061296
0.0,-0.0004729554087863429
0.0,-0.0003648884474099592
0.0,-0.00021381384444499977
0.0,-0.00028213066284857107
0.0,-0.00019090294408796087
0.0,-0.00022745939768211435
0.0,-0.00023706159476564795
0.0,-0.00043827727592040604
0.0,-0.00031238617345258964
0.0,-0.00020490247196400165
0.0,-0.001180831593844322
0.0,-0.001557498883930617
0.0,-0.0002872212778680027
0.0,-0.0005201546110918259
0.0,-0.0003994365738341561
0.0,-0.00021771118380636327
0.0,-0.000375330346817547
0.0,-0.0005307189070366664
0.0,-0.0005082651641094444
0.0,-0.0016743954066214903
0.0,-0.00019043319359102686
0.0,-0.000419616753934201
0.0,-0.00029464340948628736
0.0,-0.0005242122245633589
0.0,-0.000435379532466628
0.0,-0.0002426298650297943
0.0,-0.0003138107729485536
0.0,-0.0013966726722662458
0.0,-0.0003703102062996773
0.0,-0.00022434818664208346
0.0,-0.00048768366707219136
0.0,-0.0005160197349112144
0.0,-0.0002593618365748235
0.0,-0.0002610119853621281
0.0,-0.00036768866175428334
0.0,-0.0003263626047313777
0.0,-0.00030472413783799425
0.0,-0.000229984774955212
0.0,-0.0003201902445134339
0.0,-0.0003561426824112594
0.0,-0.0003547849741151515
0.0,-0.0005431957388211614
0.0,-0.001341863674177377
0.0,-0.0015453824228575368
0.0,-0.0006150087208782876
0.0,-0.00015608958067063434
0.0,-0.0003579428858076052
0.0,-0.00024411515472990615
0.0,-0.0005468007294022596
0.0,-0.0009237484347453972
0.0,-0.0003015287113411233
0.0,-0.0006834996542381059
0.0,-0.000998143457014968
0.0,-0.00039488735994992676
0.0,-0.0002395191161757429
0.0,-0.0003048479767105313
0.0,-0.0004262265143937655
0.0,-0.00032369508085985607
0.0,-0.0002802971433053005
0.0,-0.00022812426282638258
0.0,-0.00047228967954742585
0.0,-0.0004646734073234812
0.0,-0.00026230443575779225
0.0,-0.0002705305749160481
0.0,-0.0004069256461183535
0.0,-0.0006519597920135393
0.0,-0.0003240320212540092
0.0,-0.0003874751703703387
0.0,-0.0003406225842911491
0.0,-0.00027257728726797116
0.0,-0.00021075696971280895
0.0,-0.0004672230245975531
0.0,-0.000717324184471365
0.0,-0.0004688513038266431
0.0,-0.0002798576452422344
0.0,-0.00023865098148535542
0.0,-0.0013026225961658897
0.0,-0.00023278990216624686
0.0,-0.0004122941091318386
0.0,-0.000336807999724009
0.0,-0.00023732745861373598
0.0,-0.00019723642840114035
0.0,-0.0004732254173240394
0.0,-0.0003810478158377327
0.0,-0.0005056681784883421
0.0,-0.00026390967626408645
0.0,-0.00019938493612613978
0.0,-0.00017241586892830578
0.0,-0.0004343261351919138
0.0,-0.0002952271597768988
0.0,-0.000476026049955253
0.0,-0.0003901211634688381
0.0,-0.0005125515827026013
0.0,-0.0014013174105811557
0.0,-0.0002546180381708252
0.0,-0.00023192103185583433
0.0,-0.00019340590194688337
0.0,-0.0004406219763207177
0.0,-0.0005280790603004773
0.0,-0.0004791770437448337
0.0,-0.0002979464314970471
0.0,-0.00048578472455793005
0.0,-0.0004124644243682091
0.0,-0.00038011597114132696
0.0,-0.0002963547751669416
0.0,-0.00036594907769790715
0.0,-0.0004139987928288543
0.0,-0.0005627087055616974
0.0,-0.0004356620713809365
0.0,-0.0011432037472018136
0.0,-0.00020708367458291123
0.0,-0.0007349604556078136
0.0,-0.00043161498402082547
0.0,-0.00024438469190650263
0.0,-0.00023514165081980724
0.0,-0.00026494268385147236
0.0,-0.0003660262760691001
0.0,-0.0003206135972255606
0.0,-0.000401546647995182
0.0,-0.00019535438914635957
0.0,-0.0002721203160531909
0.0,-0.0002368552952943931
0.0,-0.00032652864343861687
0.0,-0.00037912776279789575
0.0,-0.0007425543147119673
0.0,-0.00027574594250207317
0.0,-0.00018577827635870485
0.0,-0.0005294147980900276
0.0,-0.0005431124426347188
0.0,-0.0004773849172102022
0.0,-0.0002707919397172187
0.0,-0.0002492807652417023
0.0,-0.0003558547462413825
0.0,-0.0003493670494465657
0.0,-0.0004280324575020975
0.0,-0.0007693483174934838
0.0,-0.00021701505504284258
0.0,-0.000341744197243859
0.0,-0.00032839958705062783
0.0,-0.0002178766242536277
0.0,-0.0002760703219495693
0.0,-0.001171624351825234
0.0,-0.0002705305749160481
0.0,-0.0003810990660860341
0.0,-0.0015223792212850104
0.0,-0.0004250895781125014
0.0,-0.0003196077962540772
0.0,-0.0004942847238954807
0.0,-0.000289076936866749
0.0,-0.00041217543330036464
0.0,-0.0009225815239696851
0.0,-0.0008391692437117659
0.0,-0.0002903539687611477
0.0,-0.0004894825474158264
0.0,-0.0006944231136133685
0.0,-0.0002289893669399709
0.0,-0.0003703102062996773
0.0,-0.0001691542100076726
0.0,-0.00142827583198405
0.0,-0.000762514717520409
0.0,-0.00015409508775120708
0.0,-0.00035947202367457
0.0,-0.0003689925148524266
0.0,-0.0006656802284113715
0.0,-0.00035969295464164476
0.0,-0.00037691938410336584
0.0,-0.00023746771986267101
0.0,-0.00023706159476564795
0.0,-0.00020004717804213482
0.0,-0.0005928895396223827
0.0,-0.00022001325922786508
0.0,-0.00035991890189725645
0.0,-0.0002644199178131402
0.0,-0.0002638962759291186
0.0,-0.000348154300926198
0.0,-0.00024225315296247393
0.0,-0.0004416572546196497
0.0,-0.000411362096470613
0.0,-0.0003919548757748405
0.0,-0.001180831593844322
0.0,-0.0002124807093902457
0.0,-0.0002721203160531909
0.0,-0.0007293490923399085
0.0,-0.0002994933030193281
0.0,-0.0002412352386645248
0.0,-0.0009137461269524918
0.0,-0.00047492996371125036
0.0,-0.00025922814537988805
0.0,-0.0003685157933403535
0.0,-0.0004545337513712313
0.0,-0.0004892396639387661
0.0,-0.00032422212467657916
0.0,-0.00041218617971919356
0.0,-0.0003224162821062512
0.0,-0.00031627984107157056
0.0,0.0003166214044309301
0.0,-0.0012805159258674646
0.0,-0.0002263016468999543
0.0,-0.0004117722855691668
0.0,-0.000338952228999579
0.0,-0.00028116738356920426
0.0,-0.000315636934653977
0.0,-0.00021152056435558918
0.0,-0.0005221299514491249
0.0,-0.0005420875984544372
0.0,-0.0002188610343086463
0.0,-0.00024745481349498555
0.0,-0.0003923910650163163
0.0,-0.00022866642933558554
0.0,-0.000260321700045135
0.0,-0.000585380472492785
0.0,-0.0015459445911182586
0.0,-0.00014741484569668999
0.0,-0.0011296975216756112
0.0,-0.0003345398718399889
0.0,-0.0002488368460247099
0.0,-0.00032894253580076995
0.0,-0.0002734006267788719
0.0,-0.00044367808877923687
0.0,-0.0003542881985769223
0.0,-0.0002399404033854391
0.0,-0.0002710538342613588
0.0,-0.0004314217833325947
0.0,-0.0005324740936770216
0.0,-0.00029228334949535275
0.0,-0.00020422922157592595
0.0,-0.00042979850801060733
0.0,-0.00038363995247408465
0.0,-0.0004878087966392366
0.0,-0.00022557690923585838
0.0,-0.00023869197133092506
0.0,-0.0018339351723592487
0.0,-0.000717324184471365
0.0,-0.0004710563359864538
0.0,-0.00023469889420312545
0.0,-0.0002673842383431725
0.0,-0.00015951834719827568
0.0,-0.00029667874738198533
0.0,-0.00020277953521242943
0.0,-0.0002804149418768721
0.0,-0.00023774786279577863
0.0,-0.0004403796641427332
0.0,-0.00037102952663528154
0.0,-0.00034617516932178755
0.0,-0.0005924207280696181
0.0,-0.00038609337829962573
0.0,-0.00040635547633952426
0.0,-0.00043524788975017565
0.0,-0.0005371594079438055
0.0,-0.0008266906870774046
0.0,-0.0008630476290559756
0.0,-0.00018518540867276586
0.0,-0.000289442072284243
0.0,-0.0005314629976693423
0.0,-0.00022477857017252125
0.0,-0.00025389981103353317
0.0,-0.00022557832515785796
0.0,-0.0002809324234784295
0.0,-0.00048106813008624703
0.0,-0.0007909053550367521
0.0,-0.0005018968719304943
0.0,-0.0003180294260716475
0.0,-0.00020328296033422325
0.0,-0.0002531608230081954
0.0,-0.00033229372264060783
0.0,-0.00023693182233858905
0.0,-0.0007673793463793874
0.0,-0.000366719626838258
0.0,-0.0005899135331283699
0.0,-0.0003171754647809867
0.0,-0.0004315902179857595
0.0,-0.0002899319081065219
0.0,-0.00035650050158860967
0.0,-0.00029414462481020383
0.0,-0.0003261028311288499
0.0,-0.0004894451572253463
0.0,-0.00029750584373272826
0.0,-0.0001805998148252596
0.0,-0.0003685485734664845
0.0,-0.00021075696971280895
0.0,-0.00040518965687469654
0.0,-0.00033718070205096903
0.0,-0.00029510853203384383
0.0,-0.0003001826506860792
0.0,-0.0002593618365748235
0.0,-0.00029984668079706986
0.0,-0.0005479809265383628
0.0,-0.0005112366639170977
0.0,-0.0009735261390210386
0.0,-0.0002643330350814091
0.0,-0.00023258743203438258
0.0,-0.0003001118091413616
0.0,-0.00018846832703009995
0.0,-0.000262283791572056
0.0,-0.00035890282119822934
0.0,-0.00015595789981890035
0.0,-0.0002042844671557247
0.0,-0.00032494918926882614
0.0,-0.00022481929687860784
0.0,-0.003185134975077611
0.0,-0.00028551351405989685
0.0,-0.00037573425996939916
0.0,-0.00019652159283854752
0.0,-0.0002972792026150042
0.0,-0.0005615429985361215
0.0,-0.00021798492753824134
0.0,-0.00027435568453860906
0.0,-0.0001784832436071796
0.0,-0.00031323899412928895
0.0,-0.0002168424891017551
0.0,-0.00020536618775460243
0.0,-0.0014341806135068481
0.0,-0.00021052776075562574
0.0,-0.0003665041622443228
0.0,-0.0005041714452215598
0.0,-0.000187274101555643
0.0,-0.0002847483477688704
0.0,-0.0002929127320689541
0.0,-0.0001652194741669435
0.0,-0.0005013012897498709
0.0,-0.00031657483131497977
0.0,-0.0004645494776469723
0.0,-0.00024201845814760298
0.0,-0.00028213066284857107
0.0,-0.00020512349814037965
0.0,-0.0004762553227958026
0.0,-0.00047493295066224685
0.0,-0.00021291208847148738
0.0,-0.00041120683078371814
0.0,-0.00044590687202291474
0.0,-0.0002611060860039285
0.0,-0.00028425367660486013
0.0,-0.0013109976796275473
0.0,-0.0001765187385676562
0.0,-0.0002084917793996578
0.0,-0.00029783385341200134
0.0,-0.00021765674309061627
0.0,-0.0019443365939643125
0.0,-0.0002991423966467673
0.0,-0.00029926695725585614
0.0,-0.00024537676183385203
0.0,-0.000598820090373617
0.0,-0.0003721384119461495
0.0,-0.0004222209494287205
0.0,-0.0005428105103687472
0.0,-0.0002538426106218882
0.0,-0.000669447610549788
0.0,-0.0003454272884015694
0.0,-0.00024209403137405954
0.0,-0.0002360900023158448
0.0,-0.0004206011018686069
0.0,-0.00043352223353423567
0.0,-0.0005128575778124285
0.0,-0.00046751435700657327
0.0,-0.002690234778023856
0.0,-0.0003979739153259287
0.0,-0.00022503937580323032
0.0,-0.0003018648090440111
0.0,-0.0002948876882439177
0.0,-0.00021625607092099755
0.0,-0.0003907701411837515
0.0,-0.0008810164918426381
0.0,-0.000562337484606596
0.0,-0.00019732076320408068
0.0,-0.0003614705578893071
0.0,-0.00019535438914635957
0.0,-0.0003999627699760637
0.0,-0.0005339631034327768
0.0,-0.00024190438424343918
0.0,-0.000514740432499684
0.0,-0.00028626718543902003
0.0,-0.0002366331686088312
0.0,-0.00023706076297825383
0.0,-0.00026047877950627547
0.0,-0.00032913591939911705
0.0,-0.0003339268088579009
0.0,-0.0001814302242254668
0.0,-0.00046048974013244303
0.0,-0.0002471541436409188
0.0,-0.00020655940297482252
0.0,-0.00023588093724095325
0.0,-0.00017759305244997373
0.0,-0.0002962538326840354
0.0,-0.0007315856098028714
0.0,-0.00015325021010890565
0.0,-0.00025526793701582197
0.0,-0.0005075540370125465
0.0,-0.0003922791989386581
0.0,-0.00031680587950965366
0.0,-0.0006009508423549197
0.0,-0.00029276242176008553
0.0,-0.002458722923240863
0.0,-0.00023906956916739186
0.0,-0.000548926787303728
0.0,-0.0010240874256895304
0.0,-0.000366463683070665
0.0,-0.004115370916695635
0.0,-0.00035473964311108985
0.0,-0.0001793429948152644
0.0,-0.0004805325349851851
0.0,-0.0002858170245149725
0.0,-0.0002586922319615955
0.0,-0.0004332088457258941
0.0,-0.0007252246882311333
0.0,-0.00029109004148685733
0.0,-0.00016527660001591083
0.0,-0.0005233895193645031
0.0,-0.00029734515586246553
0.0,-0.00019666674013558462
0.0,-0.000171953564553901
0.0,-0.0007231254370759555
0.0,-0.0015223792212850104
0.0,-0.0004181987578433545
0.0,-0.00047353763945077646
0.0,-0.00023093045479403453
0.0,-0.0013763408410784413
0.0,-0.00022203904309741924
0.0,-0.00028432327337020067
0.0,-0.00018020474808229655
0.0,-0.00028809585986467527
0.0,-0.0002167842958033533
0.0,-0.00038873014435877347
0.0,-0.00017526843312706277
0.0,-0.0003370791395593821
0.0,-0.0038147150191023527
0.0,-0.0007109749957987597
0.0,-0.00025858505913977406
0.0,-0.00015674663091188305
0.0,-0.0004526960868190669
0.0,-0.00024051745184906716
0.0,-0.0002226156581962652
0.0,-0.0004762553227958026
0.0005,-0.0004762553227958026
0.002499999999999999,-0.00047739346406123443
0.009999999999999998,0.06842657629119832
0.010000000000000002,0.09906747273850779
0.010000000000000002,0.05019887975298599
0.010000000000000002,0.05347096339958145
0.010000000000000002,0.09906747273850779
0.010000000000000004,0.034426728921944164
0.015000000000000001,0.002546740208173812
0.030000000000000002,0.0024964118320058622
0.03472222222222221,0.0017836123122523934
0.034722222222222224,0.0018318557107295135
0.059999999999999984,0.0022128443865200333
0.05999999999999999,0.0018755654175934139
0.05999999999999999,0.0017065567002671827
0.05999999999999999,0.001348484983991629
0.05999999999999999,0.0015512203215560711
0.06000000000000001,0.002212488806852279
0.06944444444444443,0.0017093266261227525
0.06944444444444443,0.0016448143280451298
0.08333333333333334,0.013861106467385814
