K/Si,SHAP value
0.0,-0.00310244897628671
0.0,-0.00040118345590031186
0.0,-0.0006961287900210999
0.0,-0.00223781108884098
0.0,-0.000911676928944747
0.0,-0.0009447032072939731
0.0,-0.0011307042942805307
0.0,-0.0014242339969975485
0.0,-0.0012283170366825392
0.0,-0.0004797990356323046
0.0,-0.0006854928180555085
0.0,-0.0007572308425782235
0.0,-0.0004936266213995184
0.0,-0.0007977514973699692
0.0,-0.0008446046665525753
0.0,-0.00048753513574889003
0.0,-0.000753140840324888
0.0,-0.0009324922672256323
0.0,-0.0007338269506877706
0.0,-0.0008519291865553235
0.0,-0.000631585022832395
0.0,-0.0007017366307969854
0.0,-0.0010654014352515478
0.0,-0.0005706848721673702
0.0,-0.0004286316966958008
0.0,-0.0007007791468598341
0.0,-0.0007965471243052576
0.0,-0.00042101690347269083
0.0,-0.001235900277005683
0.0,-0.0005124854381200352
0.0,-0.00044237770094654753
0.0,-0.00044601676127669525
0.0,-0.0010615355684629045
0.0,-0.0006517504813516107
0.0,-0.0007430399756907241
0.0,-0.0007035983780291455
0.0,-0.0007411405759738443
0.0,-0.0010949154661026026
0.0,-0.0012987442868267265
0.0,-0.0011543218291859981
0.0,-0.0007087223908237805
0.0,-0.0011326662907428433
0.0,-0.0006745908650513125
0.0,-0.00039475170596136363
0.0,-0.0011752012945900156
0.0,-0.0005937388767305131
0.0,-0.0006862071001122622
0.0,-0.0007407968242205759
0.0,-0.0005928444680192894
0.0,-0.0007035278617795336
0.0,-0.0007300093031010394
0.0,-0.00080681988152913
0.0,-0.0004328573507561333
0.0,-0.0014095282957509061
0.0,-0.001195980963259301
0.0,-0.0005482721702457144
0.0,-0.0007166027790553144
0.0,-0.00045852459790906967
0.0,-0.0008804979956046338
0.0,-0.0008729675181254307
0.0,-0.0006681391416453478
0.0,-0.0007480088864048138
0.0,-0.0007720333415346962
0.0,-0.001004413339835765
0.0,-0.0011346042763352975
0.0,-0.0006061246125643825
0.0,-0.0006578525571078176
0.0,-0.0010668831293671897
0.0,-0.0007208410063209126
0.0,-0.000588917447944554
0.0,-0.000835675587852845
0.0,-0.0007799390015591633
0.0,-0.0006213712303052213
0.0,-0.0007413880319309705
0.0,-0.0007388703549283305
0.0,-0.007771110013710817
0.0,-0.0007895907052795264
0.0,-0.0004123349423534974
0.0,-0.0006338033223105155
0.0,-0.0051713532539402005
0.0,-0.000863816055235958
0.0,-0.0010818320537540071
0.0,-0.002043292650708743
0.0,-0.00046965129699020973
0.0,-0.0008331679796863182
0.0,-0.0006204442151307715
0.0,-0.0006807136366236658
0.0,-0.0008579512381007575
0.0,-0.00046059684532670254
0.0,-0.0007213349459190759
0.0,-0.0006868367936448443
0.0,-0.004590154384687774
0.0,-0.0004978494903692284
0.0,-0.0008279074907203248
0.0,-0.0006149549445285817
0.0,-0.0006755580956142764
0.0,-0.0007103108032140649
0.0,-0.0006702351538042174
0.0,-0.0010602871541637335
0.0,-0.0006962713700094916
0.0,-0.0004590730856614844
0.0,-0.0005283592067833625
0.0,-0.0009553115775555226
0.0,-0.006197115648455511
0.0,-0.00433962457063355
0.0,-0.0005642467674215368
0.0,-0.0011409818223190463
0.0,-0.0007034625955852763
0.0,-0.0008691418172862498
0.0,-0.00038258136213230537
0.0,-0.0012513945183783462
0.0,-0.0006437073991628045
0.0,-0.0005469215787604636
0.0,-0.0014934724697962213
0.0,-0.000559720999258108
0.0,-0.0008644890568504194
0.0,-0.001858957481382297
0.0,-0.0010739075739643778
0.0,-0.0006957951402778329
0.0,-0.0007110485603843231
0.0,-0.0009402425226231753
0.0,-0.0004941914643881511
0.0,-0.0010555713917749275
0.0,-0.0007473946436213884
0.0,-0.0007250447581058964
0.0,-0.0005830060604098104
0.0,-0.0006828555177692002
0.0,-0.0011792387705872093
0.0,-0.0007361005809488549
0.0,-0.000728880870777426
0.0,-0.000987707622302164
0.0,-0.0008804215559380209
0.0,-0.0005725492969650012
0.0,-0.0007037238025378718
0.0,-0.0011520358311052298
0.0,-0.00122711615446903
0.0,-0.0007098098678364874
0.0,-0.0008804979956046338
0.0,-0.0008736015772452993
0.0,-0.0008050011110490145
0.0,-0.000620618108233091
0.0,-0.00046534699018944774
0.0,-0.000725806724035004
0.0,-0.00039279986892560485
0.0,-0.0008937916532711787
0.0,-0.0006047368859536265
0.0,-0.0007655980105099127
0.0,-0.0006483476001587673
0.0,-0.0007712887522649091
0.0,-0.00046237286398354943
0.0,-0.0012284547101366443
0.0,-0.0031405592774303233
0.0,-0.0009613272370666319
0.0,-0.0005819736738186289
0.0,-0.00049066811503749
0.0,-0.00046347425420127837
0.0,-0.0005014561409635423
0.0,-0.0011360989820181594
0.0,-0.0010994422349552234
0.0,-0.001189008654799119
0.0,-0.0004778915231656633
0.0,-0.0008924888631124906
0.0,-0.0006649094689143176
0.0,-0.0004919234661738352
0.0,-0.0018672315017489753
0.0,-0.0006457334297597042
0.0,-0.0004337100323469572
0.0,-0.0007281526405372094
0.0,-0.0007166027790553144
0.0,-0.0006554595357788389
0.0,-0.0012187289639072267
0.0,-0.0007175187284540805
0.0,-0.0006204395692523806
0.0,-0.0005465077843330057
0.0,-0.0008781836804902814
0.0,-0.00048004438458399106
0.0,-0.0006691229640202497
0.0,-0.0007556689872455742
0.0,-0.0008751242419911146
0.0,-0.0005387356815603262
0.0,-0.0011800812843200266
0.0,-0.0005564484763553412
0.0,-0.0011134128975260138
0.0,-0.0011449216344309645
0.0,-0.0033457956560590317
0.0,-0.000693521095475308
0.0,-0.0006563087743067959
0.0,-0.0007464408921220183
0.0,-0.0006692171667993807
0.0,-0.0006780482541616156
0.0,-0.0006561508659652626
0.0,-0.0010707952931740515
0.0,-0.0017561230140839762
0.0,-0.0006008136624215308
0.0,-0.0006344272943721944
0.0,-0.00181069136152364
0.0,-0.003344617059019836
0.0,-0.0016980669846684284
0.0,-0.0011805370136888872
0.0,-0.000510458181460155
0.0,-0.0009610241383080586
0.0,-0.0010910233954180132
0.0,-0.0012256768803554302
0.0,-0.001263845344041185
0.0,-0.0010095355981433773
0.0,-0.0007488587685432585
0.0,-0.0009224226183543709
0.0,-0.0007187207164171497
0.0,-0.0007119347834453144
0.0,-0.0006842733945440238
0.0,-0.0008902044914491472
0.0,-0.0012331585781859803
0.0,-0.0005786762363763769
0.0,-0.0005965533938377795
0.0,-0.0007166027790553144
0.0,-0.0013301281949805136
0.0,-0.00044635021385477247
0.0,-0.0008431790839548391
0.0,-0.0007637434654554992
0.0,-0.000765433085765346
0.0,-0.0009542245414876511
0.0,-0.00046643361223421844
0.0,-0.0006281865601228319
0.0,-0.0010415736362824393
0.0,-0.0007632213098756091
0.0,-0.0014513046319969973
0.0,-0.00066829197778505
0.0,-0.00047195974765077184
0.0,-0.0006317085731486458
0.0,-0.0006253715108531311
0.0,-0.0008021724151267105
0.0,-0.008180379760521357
0.0,-0.0029250568785895974
0.0,-0.0006385436386246741
0.0,-0.0005070049220314871
0.0,-0.0007325353930578486
0.0,-0.0007028110259062615
0.0,-0.002540473817844399
0.0,-0.0006256532124039327
0.0,-0.0007578922044578089
0.0,-0.0006259558647780165
0.0,-0.0011866428631582097
0.0,-0.0008167921761196123
0.0,-0.0006874905718006911
0.0,-0.000719174573423815
0.0,-0.0004754690250613319
0.0,-0.00629058964924761
0.0,-0.0005154492934330034
0.0,-0.0005971901277714031
0.0,-0.0007220044710251544
0.0,-0.0007747818202087009
0.0,-0.0005900396828632327
0.0,-0.000752316453872282
0.0,-0.0007899861025674236
0.0,-0.001228168764616573
0.0,-0.0006796384808578458
0.0,-0.0008582699010621786
0.0,-0.0006682569244750974
0.0,-0.0008393026938401981
0.0,-0.0008602457617854662
0.0,-0.0006518592357553743
0.0,-0.0006830684344915777
0.0,-0.0010713187148616715
0.0,-0.0007364960550127576
0.0,-0.0020780268515190607
0.0,-0.0007744983872465678
0.0,-0.0007118939697007645
0.0,-0.0010132632156624214
0.0,-0.0014659656910303801
0.0,-0.000783023787772527
0.0,-0.0006826647441903922
0.0,-0.0007898622102217156
0.0,-0.001315434028416521
0.0,-0.00076981878413845
0.0,-0.000512510789310583
0.0,-0.0007939600664120182
0.0,-0.0007475036267567979
0.0,-0.000819810478227071
0.0,-0.000863859460551788
0.0,-0.0005472591722966039
0.0,-0.0008829541721817868
0.0,-0.0008444237255632374
0.0,-0.0007642158568396375
0.0,-0.001367637634824535
0.0,-0.004131262437391358
0.0,-0.0006153546552194602
0.0,-0.0007961832528888967
0.0,-0.0006157776998691004
0.0,-0.0006892875382684678
0.0,-0.0010947441169741735
0.0,-0.0005820043690765871
0.0,-0.0009012127083396185
0.0,-0.0008201496350721846
0.0,-0.0008681049672896681
0.0,-0.0008744167682853898
0.0,-0.000634839719300501
0.0,-0.0007501323320939949
0.0,-0.00095388333963588
0.0,-0.0008746446774485616
0.0,-0.0012891165613651912
0.0,-0.0005545027056440519
0.0,-0.000706239044271274
0.0,-0.0010897220279104012
0.0,-0.0006674339710535296
0.0,-0.0005700577016149337
0.0,-0.0006185862319751196
0.0,-0.0012221634043626329
0.0,-0.0008201646193297195
0.0,-0.0010687988030802867
0.0,-0.0005140001458192764
0.0,-0.0005504954856127725
0.0,-0.00043849699876112125
0.0,-0.0005998226002222337
0.0,-0.0033457956560590317
0.0,-0.0007504946598515313
0.0,-0.0006688955414652953
0.0,-0.0009122062253979963
0.0,-0.0022627979397570686
0.0,-0.0008297004338040987
0.0,-0.001055339710223408
0.0,-0.0007837307145574855
0.0,-0.000947500747932305
0.0,-0.00046528380001005775
0.0,-0.00047420567317387624
0.0,-0.0008405441430519631
0.0,-0.0008194599088338212
0.0,-0.0007755221241442222
0.0,-0.0008952559972749658
0.0,-0.001404294752819899
0.0,-0.0010852314076586166
0.0,-0.0005722716321854254
0.0,-0.0009868702472902791
0.0,-0.0009490233114339874
0.0,-0.0014652548654497644
0.0,-0.0010474448576874209
0.0,-0.0007497134688796907
0.0,-0.0006394109146599967
0.0,-0.0006874023576123729
0.0,-0.0006836594672508878
0.0,-0.0011438604523241662
0.0,-0.0010479806715982525
0.0,-0.0007069551869596764
0.0,-0.0005702067055371405
0.0,-0.0006617435039735696
0.0,-0.0012071476832195168
0.0,-0.0012376813579630212
0.0,-0.006523036444453805
0.0,-0.0007398823163365776
0.0,-0.0005882722669667199
0.0,-0.0022163177746357056
0.0,-0.0007789848280120032
0.0,-0.0006204395692523806
0.0,-0.0008739108904255735
0.0,-0.0008490964658600625
0.0,-0.0007447909887527977
0.0,-0.0008215773295374776
0.0,-0.0007969685892678871
0.0,-0.00046428967113731445
0.0,-0.0007300519232562032
0.0,-0.0057453133052747475
0.0,-0.0007204085295898753
0.0,-0.0009785035687236091
0.0,-0.0007858590607399098
0.0,-0.0006869146898965272
0.0,-0.0007863152856356152
0.0,-0.0005722521115360052
0.0,-0.0007371521764249622
0.0,-0.0007107413937656402
0.0,-0.0047290058997094715
0.0,-0.000933137238661048
0.0,-0.0009664035640172258
0.0,-0.0006874989401602677
0.0,-0.0005809031656371667
0.0,-0.0013085006473523887
0.0,-0.0008373620693124156
0.0,-0.009870032646190971
0.0,-0.0006946367241891066
0.0,-0.00048766768600253706
0.0,-0.001252434872019027
0.0,-0.0005936743129395732
0.0,-0.0007254154713172921
0.0,-0.0004383379460937648
0.0,-0.000996316638579924
0.0,-0.0005951947264965454
0.0,-0.0007789712609447671
0.0,-0.0010857476933828012
0.0,-0.0005865875289093524
0.0,-0.0010040332788373177
0.0,-0.0006363920169725682
0.0,-0.0008427097362827545
0.0,-0.0006812044255192944
0.0,-0.0008847620867840623
0.0,-0.0005620650605171114
0.0,-0.0011806911122329345
0.0,-0.0007260631509683938
0.0,-0.0004751802808114144
0.0,-0.001012156750769802
0.0,-0.0006473073253982492
0.0,-0.0004075750923053454
0.0,-0.0008852622558394921
0.0,-0.0007541804245085368
0.0,-0.0007161065873741781
0.0,-0.0006150851412143271
0.0,-0.0007797959986952403
0.0,-0.0006018180863531893
0.0,-0.000653522770923627
0.0,-0.0005654537726546759
0.0,-0.0012198109430602553
0.0,-0.001516656849399935
0.0,-0.00066883098476955
0.0,-0.00043179869889241763
0.0,-0.001015520732174422
0.0,-0.0006667400511413886
0.0,-0.0009770526021697353
0.0,-0.0014716385834513488
0.0,-0.0006154884110814357
0.0,-0.0007482479041169179
0.0,-0.0010115798881088012
0.0,-0.0007020428052132308
0.0,-0.0006120724872899473
0.0,-0.00046018485744454075
0.0,-0.004326985023379851
0.0,-0.001221656918229914
0.0,-0.0028178319891994743
0.0,-0.0011762183083484532
0.0,-0.0012029823974849256
0.0,-0.0013471575675713797
0.0,-0.0006485153891640352
0.0,-0.000728610405180726
0.0,-0.0010290413099549778
0.0,-0.000681402992295693
0.0,-0.0006909479099039115
0.0,-0.0010879673153683103
0.0,-0.0007192933983901017
0.0,-0.0004819031952373526
0.0,-0.0007151933103264799
0.0,-0.0015300345168412337
0.0,-0.003015248276143781
0.0,-0.000834596122189232
0.0,-0.0012025419113017581
0.0,-0.0005556719376629531
0.0,-0.0006766817309977718
0.0,-0.000697109460424729
0.0,-0.0004884998561551777
0.0,-0.00048004438458399106
0.0,-0.0012810938441854987
0.0,-0.0008864451299762436
0.0,-0.0006518538318497989
0.0,-0.001356848072888212
0.0,-0.000730814355419248
0.0,-0.0006946367241891067
0.0,-0.0076216614542585215
0.0,-0.0007899116139396772
0.0,-0.005308785005213304
0.0,-0.0004485345636855925
0.0,-0.0006019615714294989
0.0,-0.0011222076759229498
0.0,-0.0007990173144048979
0.0,-0.0006851583471777312
0.0,-0.000648999378545615
0.0,-0.0006066446103220613
0.0,-0.0005080795416784213
0.0,-0.0011061791211814144
0.0,-0.0005621188781674625
0.0,-0.0007988747354484726
0.0,-0.0006069822742847694
0.0,-0.0009098967674703857
0.0,-0.0008300887397175929
0.0,-0.0010229815563323325
0.0,-0.00043502320064118936
0.0,-0.0007007646081710672
0.0,-0.000658905961343036
0.0,-0.0010101619299071765
0.0,-0.0006432963219104656
0.0,-0.0007157365175201161
0.0,-0.0008725431828820459
0.0,-0.0008739108904255735
0.0,-0.0007494462712544955
0.0,-0.0007175187284540805
0.0,-0.0006169950240077594
0.0,-0.0011258530137733562
0.0,-0.0004644626817758853
0.0,-0.0010604309923035588
0.0,-0.0004527352034119068
0.0,-0.0007603619185013486
0.0,-0.0007185232529307784
0.0,-0.0011018482660217603
0.0,-0.0005907425136691908
0.0,-0.0008640110137375592
0.0,-0.0004482132468540845
0.0,-0.0007356429770109578
0.0,-0.001538291232590801
0.0,-0.00056710913997291
0.0,-0.0007389293915876014
0.0,-0.0012812728000303213
0.0,-0.0007150388404034493
0.0,-0.0010664604932777795
0.0,-0.0006224468901508496
0.0,-0.0007226212340605936
0.0,-0.0004695987184342888
0.0,-0.000638922020694247
0.0,-0.0010482438963864812
0.0,-0.0007131500790915346
0.0,-0.0005421436691019854
0.0,-0.0005042745370103221
0.0,-0.0007996011868104449
0.0,-0.0006885774132101134
0.0,-0.0015234628947053642
0.0,-0.0008209741425827495
0.0,-0.0014541658342948698
0.0,-0.00045775142179481436
0.0,-0.0004739136031049999
0.0,-0.0005848839141795118
0.0,-0.0008279074907203248
0.0,-0.0004739662286561524
0.0,-0.0009206877224824494
0.0,-0.0018176504152478351
0.0,-0.0010631573708115062
0.0,-0.0012945694742738157
0.0,-0.0007731781453865374
0.0,-0.0011261478150497747
0.0,-0.000983654916636209
0.0,-0.006437435181978623
0.0,-0.0005696182820221351
0.0,-0.001069626392603253
0.0,-0.0007438070225969782
0.0,-0.0003972615690896621
0.0,-0.0007443184371286245
0.0,-0.0010368212681027714
0.0,-0.006091112770444955
0.0,-0.000600557054538694
0.0,-0.0006382191795527157
0.0,-0.0006498163806667122
0.0,-0.002942031624230198
0.0,-0.0014695413006071785
0.0,-0.0007195851926492092
0.0,-0.0006819607376100979
0.0,-0.0010291670605760326
0.0,-0.0008015512377162433
0.0,-0.0010582837952614471
0.0,-0.0007289139911811098
0.0,-0.004159313781499931
0.0,-0.001204489511542662
0.0,-0.0006461429500614224
0.0,-0.0011224139102613481
0.0,-0.0006821123638854269
0.0,-0.0026515965320125477
0.0,-0.0004751802808114144
0.0,-0.0005576244109437947
0.0,-0.0005992312557038258
0.0,-0.0011184734546798815
0.0,-0.0006253711407308944
0.0,-0.0006247986208475393
0.0,-0.0006616965037393556
0.0,-0.000758561339183377
0.0,-0.0007085605173603434
0.0,-0.0007345336065792778
0.0,-0.0005194909346673367
0.0,-0.001141617175545548
0.0,-0.0006498437403980214
0.0,-0.001086189958538352
0.0,-0.00144288395535952
0.0,-0.0006198078436024765
0.0,-0.0007166398796460123
0.0,-0.0005521506715254879
0.0,-0.0004051444200937373
0.0,-0.0005505678135913433
0.0,-0.00046984773530845525
0.0,-0.0005600996167151252
0.0,-0.0006949433233632698
0.0,-0.0008198217491957021
0.0,-0.0007430175159969185
0.0,-0.0005725180647141176
0.0,-0.0005854151122062459
0.0,-0.000681360825450263
0.0,-0.0008021724151267105
0.0,-0.0006430603794305798
0.0,-0.0007575315610480937
0.0,-0.003322475936276686
0.0,-0.005887166450496412
0.0,-0.0015620263862029147
0.0,-0.0004485345636855925
0.0,-0.004100205765087519
0.0,-0.0004888879717623311
0.0,-0.0011347124590350866
0.0,-0.0007795809621448421
0.0,-0.0008364974062731926
0.0,-0.0011984980535210985
0.0,-0.0016425732346845333
0.0,-0.000481737986551873
0.0,-0.0007112671995923466
0.0,-0.0007908130475775955
0.0,-0.0007038900342077038
0.0,-0.0012283363513629012
0.0,-0.0011042475844714051
0.0,-0.0006137317263806807
0.0,-0.000720293362211097
0.0,-0.0012535639316366164
0.0,-0.0006148153323852231
0.0,-0.0004935076658407008
0.0,-0.0006241848423931307
0.0,-0.0012766648308958975
0.0,-0.000672924975725769
0.0,-0.0011269434840730378
0.0,-0.0014718329732440348
0.0,-0.0012720654977467498
0.0,-0.005693093687762795
0.0,-0.0006523948673923651
0.0,-0.0006433089752103383
0.0,-0.0009307414372376873
0.0,-0.0006761392628216145
0.0,-0.000853987253941032
0.0,-0.0009059271886737423
0.0,-0.0007994746645266126
0.0,-0.000830322142839723
0.0,-0.0008153890328765043
0.0,-0.0016977315757899106
0.0,-0.0007439601515486511
0.0,-0.0005027468899527152
0.0,-0.0007260631509683938
0.0,-0.0010791467116006818
0.0,-0.0004547832221856233
0.0,-0.0008665525268228095
0.0,-0.0007642158568396375
0.0,-0.0012819576471290231
0.0,-0.0006268386883076051
0.0,-0.0010654891405876383
0.0,-0.0004923139701905175
0.0,-0.0007085351264231253
0.0,-0.0006978672809253584
0.0,-0.001594619698128523
0.0,-0.0005928444680192894
0.0,-0.0010684335412979014
0.0,-0.00114791153052795
0.0,-0.0014242053776267955
0.0,-0.0005362564937118776
0.0,-0.0006982521667985303
0.0,-0.00046552521898022956
0.0,-0.0005955979757725251
0.0,-0.0009429919702548629
0.0,-0.0006279372761677225
0.0,-0.0005668065455885261
0.0,-0.0009086114755681017
0.0,-0.0012253806066542907
0.0,-0.0006556208258070564
0.0,-0.0006340759029176543
0.0,-0.0006445478798912587
0.0,-0.0007670644788415593
0.0,-0.0008672495785279876
0.0,-0.0008338111479190985
0.0,-0.00141176197228834
0.0,-0.0008030951813036483
0.0,-0.0007141029161220355
0.0,-0.0004941271671475237
0.0,-0.0008015355119437017
0.0,-0.006289709980281425
0.0,-0.00041171116332902765
0.0,-0.0036596662646894065
0.0,-0.0018246562726111728
0.0,-0.00046534699018944774
0.0,-0.0008385355722654131
0.0,-0.0007786081073132935
0.0,-0.0008283548515948386
0.0,-0.0007862470138909598
0.0,-0.001338460890597437
0.0,-0.0010817853058583664
0.0,-0.0006552475257037981
0.0,-0.00043523310022316683
0.0,-0.001422197392860242
0.0,-0.0006147547504065785
0.0,-0.0007951857301337599
0.0,-0.0006996251546336802
0.0,-0.00041558598092121334
0.0,-0.001019072922179279
0.0,-0.004208884711584324
0.0,-0.00045176677349270813
0.0,-0.0005654824415288131
0.0,-0.0032755869146296255
0.0,-0.0008353483661150817
0.0,-0.0007012727196723909
0.0,-0.00736554760638827
0.0,-0.0007647737281218794
0.0,-0.006289634216361243
0.0,-0.0005664759087841055
0.0,-0.005430652434137194
0.0,-0.001526519824341947
0.0,-0.0008534243181187013
0.0,-0.0006691972581401354
0.0,-0.0011031275121994853
0.0,-0.0008530761170447093
0.0,-0.0007842327511931704
0.0,-0.0006374888613385216
0.0,-0.0006208180998521011
0.0,-0.0007040749744164116
0.0,-0.0005857340711469744
0.0,-0.000465900474941722
0.0,-0.0007084266729716376
0.0,-0.003485608906235837
0.0,-0.00090277329243909
0.0,-0.0005958509474558189
0.0,-0.0016561246233199281
0.0,-0.0006103505365704441
0.0,-0.0007053273718678381
0.0,-0.0007150388404034493
0.0,-0.00047402709153066664
0.0,-0.0005552191962358288
0.0,-0.0008739108904255735
0.0,-0.0006528812131534853
0.0,-0.000658705495530329
0.0,-0.00043298788184281
0.0,-0.0012200423372505235
0.0,-0.0005264486589691956
0.0,-0.0006745563983418992
0.0,-0.0010550711830396016
0.0,-0.0005440137891294884
0.0,-0.0005757917717762399
0.0,-0.0006362850291280625
0.0,-0.0008578308049637878
0.0,-0.0012741741810540091
0.0,-0.0006811830638937214
0.0,-0.0007167939154979876
0.0,-0.0005995270908243602
0.0,-0.0007418302683824696
0.0,-0.0006868391703838406
0.0,-0.000749315750478086
0.0,-0.0008671672336529235
0.0,-0.001197854366391028
0.0,-0.0008696129648085476
0.0,-0.0006654937806176812
0.0,-0.0006755855131342112
0.0,-0.0013319703009782827
0.0,-0.0006743557587164236
0.0,-0.0006509793395912532
0.0,-0.0010406166021565046
0.0,-0.0007974836694513359
0.0,-0.0006509319614058118
0.0,-0.0006127229092216205
0.0,-0.0007661888736593188
0.0,-0.0008279074907203248
0.0,-0.0007005475532100726
0.0,-0.0009047820205123472
0.0,-0.0012904207508128464
0.0,-0.0008794039561316412
0.0,-0.0006181584200486298
0.0,-0.0008393617536551613
0.0,-0.0007438110019273512
0.0,-0.0009096605010295911
0.0,-0.0009328353296018526
0.0,-0.0008736015772452993
0.0,-0.0007221604257197059
0.0,-0.0006321632990785828
0.0,-0.0006991309082228024
0.0,-0.001655276258438572
0.0,-0.0007475624010887941
0.0,-0.0008013830925828073
0.0,-0.0004990908058846956
0.0,-0.0006353468078858372
0.0,-0.0008091017021940634
0.0,-0.002538502481658032
0.0,-0.0006670232526153895
0.0,-0.0006539157234376291
0.0,-0.0014696249302923435
0.0,-0.0007996557533802412
0.0,-0.0007961208258122753
0.0,-0.0005970204869610841
0.0,-0.0031405592774303233
0.0,-0.0012229407075847354
0.0,-0.0007910034467251616
0.0,-0.0007364960550127576
0.0,-0.001965375708900512
0.0,-0.0008279074907203248
0.0,-0.0008794469598407945
0.0,-0.0011861531962503499
0.0,-0.0006358024340771135
0.0,-0.000674591708557466
0.0,-0.0007533740697119938
0.0,-0.0007068809861635309
0.0,-0.0006729118030968093
0.0,-0.0006778253939879463
0.0,-0.0008296789135216023
0.0,-0.0009016040657867793
0.0,-0.0006836275292100701
0.0,-0.0006348558850457002
0.0,-0.00046366472791618075
0.0,-0.0007009084117331764
0.0,-0.0004988398805367959
0.0,-0.0008019054946762473
0.0,-0.0007876870119338425
0.0,-0.0005745979575898011
0.0,-0.00044635021385477247
0.0,-0.000933489667828205
0.0,-0.0005307281711859487
0.0,-0.0008030372497661873
0.0,-0.0006515661316431311
0.0,-0.0006456000083686176
0.0,-0.000582461541769622
0.0,-0.0012930955744878895
0.0,-0.0046642535901377374
0.0,-0.0005541512417144824
0.0,-0.000621536910446546
0.0,-0.0007303598669772097
0.0,-0.0006590546276582258
0.0,-0.0026795483709819716
0.0,-0.0006853117195585903
0.0,-0.0008510583372605023
0.0,-0.0007150388404034493
0.0,-0.000743466489645765
0.0,-0.0006582122495614977
0.0,-0.000703848053542491
0.0,-0.0009068883233932007
0.0,-0.0010681494971178415
0.0,-0.0006915353642152533
0.0,-0.0007682297274123785
0.0,-0.0006068941181251556
0.0,-0.0006946367241891067
0.0,-0.00039381740087303304
0.0,-0.0016317640736904062
0.0,-0.0005230538989069845
0.0,-0.0010456159028610016
0.0,-0.0009068883233932007
0.0,-0.000764734573218549
0.0,-0.0010890034109405143
0.0,-0.0006853117195585903
0.0,-0.0007077785091981812
0.0,-0.0006666195623142042
0.0,-0.0028931779890958307
0.0,-0.0010465799911553405
0.0,-0.0005128024222757301
0.0,-0.0008021724151267105
0.0,-0.0004675745473399422
0.0,-0.0005186640795743695
0.0,-0.005409584893031114
0.0,-0.0011914574963417322
0.0,-0.0010121999319037053
0.0,-0.0008804979956046338
0.0,-0.0004778834103157349
0.0,-0.0007533740697119938
0.0,-0.0004124184779060962
0.0,-0.0012810938441854987
0.0,-0.0008883478276525665
0.0,-0.0006044315613578646
0.0,-0.0007478560415022427
0.0,-0.0011106080268020167
0.0,-0.0007208410063209126
0.0,-0.0005991822914246246
0.0,-0.00973195203147427
0.0,-0.0016675083091159187
0.0,-0.0006915915584780771
0.0,-0.001002893089455648
0.0,-0.000594664593492647
0.0,-0.0004254798271386573
0.0,-0.0010948961990538087
0.0,-0.0004560150867959813
0.0,-0.0006959911075013395
0.0,-0.0004687587443631507
0.0,-0.005765835059285548
0.0,-0.0006246188559362196
0.0,-0.0008535878097362722
0.0,-0.0007298679059965193
0.0,-0.0007222960417992511
0.0,-0.0006959911075013395
0.0,-0.0009875310666460431
0.0,-0.0008894056775190239
0.0,-0.0007726644337600041
0.0,-0.001538291232590801
0.0,-0.0027298495352774664
0.0,-0.0008030372497661873
0.0,-0.0006544929962566424
0.0,-0.0009434786311639209
0.0,-0.005142211019516102
0.0,-0.0006700718096396357
0.0,-0.000858672994016863
0.0,-0.00039658954657225965
0.0,-0.0012078816104163829
0.0,-0.0007143571195789841
0.0,-0.0005886194111676888
0.0,-0.0008818981343354026
0.0,-0.0007298683727237101
0.0,-0.0007616500488601915
0.0,-0.0008055185909234459
0.0,-0.0007026990900625578
0.0,-0.0015204896107656708
0.0,-0.003262110647290746
0.0,-0.0008678098758512196
0.0,-0.0010889381831727255
0.0,-0.0008868732160838749
0.0,-0.0006681037775108469
0.0,-0.0010804902064411985
0.0,-0.0007419054528790025
0.0,-0.011939464121527002
0.0,-0.0010863996511092417
0.0,-0.0007924453757035591
0.0,-0.000819810478227071
0.0,-0.0008131209964286875
0.0,-0.0022563168984173366
0.0,-0.0005570635542488783
0.0,-0.0005882420442641052
0.0,-0.00080681988152913
0.0,-0.0010668831293671897
0.0,-0.0007523348944414533
0.0,-0.0005740505809080881
0.0,-0.0008994266150275901
0.0,-0.004522863720433204
0.0,-0.0004786452894350707
0.0,-0.0007042252375169342
0.0,-0.0004918365164019868
0.0,-0.001134650130974692
0.0,-0.0008048537516118724
0.0,-0.0013250408402813957
0.0,-0.0007118939697007645
0.0,-0.0004603670832451321
0.0,-0.0005385855858291582
0.0,-0.0007066545221802708
0.0,-0.0006874023576123729
0.0,-0.0017949537464374051
0.0,-0.0029979284434963446
0.0,-0.0008530221448468356
0.0,-0.0007159505698345836
0.0,-0.0007815632035246718
0.0,-0.0006166050369701514
0.0,-0.000756485890587631
0.0,-0.0030769394558860883
0.0,-0.00044100956686771967
0.0,-0.0008182144564372527
0.0,-0.0020740645236659197
0.0,-0.0013656862437202689
0.0,-0.00047335023141084506
0.0,-0.0005651538347588991
0.0,-0.000707284619024047
0.0,-0.0007657110887296475
0.0,-0.000646230308810768
0.0,-0.0007037655025754042
0.0,-0.0007031679666203243
0.0,-0.0010954464385264796
0.0,-0.0007641353462692979
0.0,-0.0006286442222357274
0.0,-0.0006650781969988363
0.0,-0.0007736602454160928
0.0,-0.0005130636658843723
0.0,-0.000615906272493861
0.0,-0.0011177759644709672
0.0,-0.0016659223444872174
0.0,-0.0007719899593751315
0.0,-0.0023481096516592007
0.0,-0.0008739030333668619
0.0,-0.0007185843578474259
0.0,-0.001227612196403827
0.0,-0.0006830684344915777
0.0,-0.0007493157504780856
0.0,-0.0006594152309861104
0.0,-0.0005886194111676888
0.0,-0.0006957045876686406
0.0,-0.0007708848716373499
0.0,-0.0007944814320645768
0.0,-0.0005894797353321177
0.0,-0.00044326011586674616
0.0,-0.0011575710755523773
0.0,-0.0005105841471183115
0.0,-0.0012686833707316258
0.0,-0.002333754945593131
0.0,-0.0007091260492807629
0.0,-0.0008100435512337262
0.0,-0.000589098010805655
0.0,-0.0014770442519050993
0.0,-0.0011690060873109608
0.0,-0.0007798641451409578
0.0,-0.00044620081461211556
0.0,-0.0007680161176068283
0.0,-0.0007166027790553144
0.0,-0.0008641024028326498
0.0,-0.0008373067192413739
0.0,-0.0012669013363166616
0.0,-0.0011777785178944409
0.0,-0.0004935076658407008
0.0,-0.0007394668102560213
0.0,-0.0005399128829502398
0.0,-0.0007218892076669571
0.0,-0.0007825150442574543
0.0,-0.00047423413377750337
0.0,-0.0005350119173269251
0.0,-0.0008057485026380529
0.0,-0.0008214144556064234
0.0,-0.0006253715108531311
0.0,-0.0007342517679589381
0.0,-0.0007061847200396173
0.0,-0.000728801889080598
0.0,-0.003225292928988876
0.0,-0.0004719654657827902
0.0,-0.0028434821501091504
0.0,-0.0006716916467828134
0.0,-0.0008534165207654112
0.0,-0.0007404254086943679
0.0,-0.0007169298782699195
0.0,-0.0007197337197172915
0.0,-0.0009482670291397498
0.0,-0.0024015761005415142
0.0,-0.0007114375181705891
0.0,-0.0006284022275094167
0.0,-0.0023920622996236878
0.0,-0.0014519297125552648
0.0,-0.0035672666784579248
0.0,-0.0008307379215165652
0.0,-0.0006492207040286915
0.0,-0.0009024366868040849
0.0,-0.0007252546566955957
0.0,-0.0006854513806699948
0.0,-0.0007371571084614741
0.0,-0.0007070239429495589
0.0,-0.0008074595409401086
0.0,-0.000616342018169292
0.0,-0.0012317856448551398
0.0,-0.001043949201942811
0.0,-0.0008078897029286828
0.0,-0.0007520242423188555
0.0,-0.0008813230886670571
0.0,-0.0010993581889348948
0.0,-0.0008440200244618712
0.0,-0.0004299677124884393
0.0,-0.0006329259003649044
0.0,-0.0010963823296912037
0.0,-0.0005146816946406846
0.0,-0.0010770656078100034
0.0,-0.0007224917517184052
0.0,-0.0008937916532711787
0.0,-0.0018246562726111728
0.0,-0.0004207746889590588
0.0,-0.0011689763367156234
0.0,-0.0007310637251610695
0.0,-0.0008104548833223002
0.0,-0.0007358746185117534
0.0,-0.0008485642107034595
0.0,-0.0023230501108232773
0.0,-0.0006955645648389828
0.0,-0.0004696211265125174
0.0,-0.0006666981868185611
0.0,-0.0005230053317052742
0.0,-0.000780085831216055
0.0,-0.00079987131716387
0.0,-0.0006467330992501979
0.0,-0.0009898988103349848
0.0,-0.0007186139570843935
0.0,-0.0007563864436836214
0.0,-0.0009765411419744712
0.0,-0.0011133940601991109
0.0,-0.00047832042990010544
0.0,-0.0006402872790937203
0.0,-0.0008227477029133554
0.0,-0.00043971797224240464
0.0,-0.0006405146107334443
0.0,-0.000831224328809794
0.0,-0.0007000805527128028
0.0,-0.0006157776998691004
0.0,-0.0006235237675537048
0.0,-0.0005167677488153617
0.0,-0.0006275219848224129
0.0,-0.0008289754430608698
0.0,-0.0006127015367977769
0.0,-0.00487701030949074
0.0,-0.0006079177596289627
0.0,-0.000481816575960923
0.0,-0.0006674339710535296
0.0,-0.0005372454867635693
0.0,-0.0005124556198763025
0.0,-0.0006859995081940905
0.0,-0.0011069615832692869
0.0,-0.003629204521176123
0.0,-0.0005062434546114867
0.0,-0.0006206208421336924
0.0,-0.0008279074907203248
0.0,-0.0004608210935974029
0.0,-0.0005477680236934608
0.0,-0.0007513968070699852
0.0,-0.0007052036589852385
0.0,-0.0008220745601069748
0.0,-0.0007928694048554534
0.0,-0.0009720630981368712
0.0,-0.0005711890187196237
0.0,-0.0006642892923122803
0.0,-0.0006971652546333141
0.0,-0.0005868295179014458
0.0,-0.0006925578254301146
0.0,-0.0006320653319701663
0.0,-0.0011085213787804238
0.0,-0.0006650544413073069
0.0,-0.002057127764751848
0.0,-0.0006683193028945087
0.0,-0.0008203740867607082
0.0,-0.0006140530379398809
0.0,-0.0009735498541409315
0.0,-0.0011189971625060915
0.0,-0.0005068738782241997
0.0,-0.0007126396077839614
0.0,-0.0006810627420093061
0.0,-0.0007208501032568729
0.0,-0.0005977145524120763
0.0,-0.0006554595357788389
0.0,-0.0006093480556687602
0.0,-0.0005981852938802028
0.0,-0.0007026461096767976
0.0,-0.0005108986739563625
0.0,-0.0007211950944394436
0.0,-0.0005612333633118924
0.0,-0.0006214748417669563
0.0,-0.0011472872302075309
0.0,-0.000607607582844496
0.0,-0.00045276287556582465
0.0,-0.0011265177322936214
0.0,-0.00272588129702339
0.0,-0.0004634280649461094
0.0,-0.001281416129424147
0.0,-0.0005877693332930281
0.0,-0.000579368557359976
0.0,-0.00047448976180288014
0.0,-0.0005439157509210358
0.0,-0.0008301986048886412
0.0,-0.00044066804367578474
0.0,-0.0007659400245155932
0.0,-0.0011595432208261229
0.0,-0.007729832925117837
0.0,-0.0005868295179014458
0.0,-0.0005671142105954625
0.0,-0.0007678575543794052
0.0,-0.0013743746575670807
0.0,-0.0007610534187684713
0.0,-0.0006923113111196317
0.0,-0.0006506951851832423
0.0,-0.0005955205932035855
0.0,-0.0006186964696882353
0.0,-0.0005436424863990464
0.0,-0.0008606623261190255
0.0,-0.003314223203554234
0.0,-0.0005140189102824079
0.0,-0.0012208848509833409
0.0,-0.0006556468406741137
0.0,-0.0026529330195294264
0.0,-0.0006729917388238665
0.0,-0.001117661777671852
0.0,-0.0007682818263997913
0.0,-0.00046898040116030894
0.0,-0.0008008668567111857
0.0,-0.0006317152889658478
0.0,-0.0008087395004896564
0.0,-0.0017741774235114913
0.0,-0.0008452205020564247
0.0,-0.0010264835131536978
0.0,-0.000851553046382485
0.0,-0.0006659390175829254
0.0,-0.0006110029668103173
0.0,-0.0004862245960278951
0.0,-0.000815536153314878
0.0,-0.0007544533170928877
0.0,-0.0008279074907203248
0.0,-0.001165961221890544
0.0,-0.0014591235221060532
0.0,-0.0007071158598222492
0.0,-0.0014009416871359319
0.0,-0.0007166940441673752
0.0,-0.0004506256999132265
0.0,-0.00046611624814614863
0.0,-0.0006115115060822601
0.0,-0.00044474118992080604
0.0,-0.000788044713252608
0.0,-0.0005694766311904517
0.0,-0.0006013612940908577
0.0,-0.0009810989019988932
0.0,-0.0008475140678737941
0.0,-0.00043257716244772965
0.0,-0.0004795404267739004
0.0,-0.0005171841053814715
0.0,-0.0005776456971079321
0.0,-0.0005758894611621357
0.0,-0.0005968778357304686
0.0,-0.0008485642107034595
0.0,-0.0005965791948258305
0.0,-0.0011986736612759914
0.0,-0.0006286442222357274
0.0,-0.0007881657262628547
0.0,-0.0003939525825293529
0.0,-0.000860715480297439
0.0,-0.0005696628733714634
0.0,-0.001303997269812332
0.0,-0.0012055727256786593
0.0,-0.0008976500192596223
0.0,-0.0007437551444449678
0.0,-0.00047057108884764786
0.0,-0.0006687831395030271
0.0,-0.00043926334018331436
0.0,-0.0006131395342938563
0.0,-0.000703848053542491
0.0,-0.0010548912842609178
0.0,-0.0006435651380641595
0.0,-0.001362002437493598
0.0,-0.0005310410175583305
0.0,-0.0006570781079308691
0.0,-0.0012866127128755612
0.0,-0.0006161459466928131
0.0,-0.0009089239468333848
0.0,-0.0008165116925148933
0.0,-0.0006021765818824712
0.0,-0.0007166418107413862
0.0,-0.001114304983196248
0.0,-0.0008889155552684447
0.0,-0.000709322947648822
0.0,-0.0007776449766331364
0.0,-0.0007524896372367411
0.0,-0.0013495754364816548
0.0,-0.00042863169669580067
0.0,-0.0008935232221587856
0.0,-0.0007478023800681091
0.0,-0.000720659842163534
0.0,-0.0012187289639072267
0.0,-0.0026529330195294264
0.0,-0.0009092197424146977
0.0,-0.0019893482356446546
0.0,-0.0007015084653429918
0.0,-0.0006312673813336276
0.0,-0.0011213255947784754
0.0,-0.0005051967516860352
0.0,-0.0007734437273870872
0.0,-0.0011393273580795112
0.0,-0.001195980963259301
0.0,-0.0004286316966958008
0.0,-0.0009594573610670437
0.0,-0.000848720078819007
0.0,-0.0010839532616317253
0.0,-0.0009096605010295911
0.0,-0.0011092905355781265
0.0,-0.0006027369004996123
0.0,-0.0006930165424824009
0.0,-0.0011189971625060915
0.0,-0.0011098857049514786
0.0,-0.0008160852425417612
0.0,-0.0006572912313567074
0.0,-0.0005757917717762399
0.0,-0.0016309580579655899
0.0,-0.0006032520509199222
0.0,-0.000524790615736994
0.0,-0.0007718334894036142
0.0,-0.001194971365209395
0.0,-0.0011335098913220723
0.0,-0.0004740509875857433
0.0,-0.005164007643574693
0.0,-0.0008301986048886412
0.0,-0.0005791345604799746
0.0,-0.0005230053317052742
0.0,-0.0006830148411448392
0.0,-0.0019893482356446546
0.0,-0.0010253810179893556
0.0,-0.003530782811534787
0.0,-0.0006770847253066457
0.0,-0.0010250456568690483
0.0,-0.0007161065873741781
0.0,-0.00043523310022316694
0.0,-0.0004946389198924625
0.0,-0.0007147553903159359
0.0,-0.0011808895184715748
0.0,-0.0006824337020546131
0.0,-0.00046623414907151506
0.0,-0.0007386385845508477
0.0,-0.0009802414457822373
0.0,-0.0007034427781812201
0.0,-0.0012317856448551398
0.0,-0.00047301110448292173
0.0,-0.000864596237718797
0.0,-0.0007252703378191655
0.0,-0.0012619457445464588
0.0,-0.0010172136385903938
0.0,-0.0043887702527975305
0.0,-0.0008781836804902814
0.0,-0.0007480003931273169
0.0,-0.0013317237023710267
0.0,-0.0005418649112713205
0.0,-0.00207936266326696
0.0,-0.003630495612572819
0.0,-0.001311627151338615
0.0,-0.0007376432501862324
0.0,-0.0008301802210505951
0.0,-0.0007133566391600267
0.0,-0.0008139246920347251
0.0,-0.00043028918592047876
0.0,-0.0008182467436684552
0.0,-0.0007327588651716709
0.0,-0.0003934684120635738
0.0,-0.0011013371779017198
0.0,-0.0007198693505446527
0.0,-0.00100566133448526
0.0,-0.0015601535564274932
0.0,-0.00041334255532328977
0.0,-0.0007071158598222492
0.0,-0.0007766634034852082
0.0,-0.0005240837954081806
0.0,-0.0010908912326908285
0.0,-0.0007291097580523812
0.0,-0.0005140001458192764
0.0,-0.0006742945862342838
0.0,-0.0006135924084785615
0.0,-0.0006041383729192349
0.0,-0.0008121572430508704
0.0,-0.005511749037516442
0.0,-0.0012480055105133238
0.0,-0.0006910144673154616
0.0,-0.0004941914643881511
0.0,-0.0007911784493338119
0.0,-0.0006438519597989558
0.0,-0.00046750939362909016
0.0,-0.0011366666829935434
0.0,-0.001331001699699704
0.0,-0.0033457956560590317
0.0,-0.0007867086553659414
0.0,-0.0004683248291044008
0.0,-0.0008430026315914761
0.0,-0.0005356263603123362
0.0,-0.0007764285222444359
0.0,-0.0008636902465545693
0.0,-0.002786510447988111
0.0,-0.0005940812537650563
0.0,-0.0008296587803435963
0.0,-0.0008279074907203248
0.0,-0.0008863890237662283
0.0,-0.0007946974798884577
0.0,-0.0005020617111250331
0.0,-0.0008354255885661064
0.0,-0.001234169852361404
0.0,-0.0008393617536551613
0.0,-0.0006362290844536887
0.0,-0.0011767978995898072
0.0,-0.0005603482846177248
0.0,-0.0009034213494454605
0.0,-0.0005891560934750556
0.0,-0.0004757089543716007
0.0,-0.0010969775686570206
0.0,-0.0010485007380277428
0.0,-0.0004367518425089031
0.0,-0.000731218484437969
0.0,-0.0008382735680315021
0.0,-0.0013780513428132061
0.0,-0.0006718430270973018
0.0,-0.0005811386341680316
0.0,-0.0008226004003040649
0.0,-0.0005166578125328909
0.0,-0.0010691081436144997
0.0,-0.0005820043690765871
0.0,-0.00696269785533202
0.0,-0.0006537898080984436
0.0,-0.0005941508377932173
0.0,-0.0012722975824586197
0.0,-0.0004378921771188097
0.0,-0.0007400838409080581
0.0,-0.0005576954160747979
0.0,-0.0007365956538585707
0.0,-0.0008074595409401086
0.0,-0.0006923827424298286
0.0,-0.0008331142085913935
0.0,-0.014607080234219996
0.0,-0.0004618236502903405
0.0,-0.0009791181175242674
0.0,-0.004732150197205495
0.0,-0.0008868994468609982
0.0,-0.0011047343250976903
0.0,-0.0006291973630943765
0.0,-0.000659167857002164
0.0,-0.0018710492639014275
0.0,-0.0008163153964703927
0.0,-0.0008936932027325715
0.0,-0.0007166027790553144
0.0,-0.0007242255057938617
0.0,-0.0005496238809328974
0.0,-0.0009292873543747016
0.0,-0.0006404899094660514
0.0,-0.0004925334627697836
0.0,-0.0008664140942371045
0.0,-0.0006175660931047658
0.0,-0.001594619698128523
0.0,-0.0004758997580271902
0.0,-0.000571915162569709
0.0,-0.001250581770312711
0.0,-0.0007147479589305877
0.0,-0.0010519801418995152
0.0,-0.0009983788311708481
0.0,-0.0012881830264808308
0.0,-0.0007606151135820542
0.0,-0.0033457956560590317
0.0,-0.0005553127487488115
0.0,-0.0007089656808506621
0.0,-0.001526519824341947
0.0,-0.0007939032252313764
0.0,-0.001125555482205886
0.0,-0.002540473817844399
0.0,-0.000463449651332055
0.0,-0.000520380810356657
0.0,-0.0006703521403558907
0.0,-0.0007385318556510542
0.0,-0.0007540701118470832
0.0,-0.0006550662082644292
0.0,-0.0006553555669518652
0.0,-0.0008516602567934389
0.0,-0.0007880782790487725
0.0,-0.0008219605194034832
0.0,-0.0007867354595319656
0.0,-0.0008013900890742685
0.0,-0.0011417298852840195
0.0,-0.0004812864078766184
0.0,-0.0006282070130334649
0.0,-0.0020789340379022293
0.0,-0.0008352062735295943
0.0,-0.0006420678106657568
0.0,-0.001101459263963227
0.0,-0.005985788010323455
0.0,-0.0006696183566808308
0.0,-0.0010803274578476936
0.0,-0.001308970934918846
0.0,-0.0009084374559357048
0.0,-0.0006322450601085902
0.0,-0.00046092939284941766
0.0,-0.0006760934771507624
0.0,-0.0007000190730353396
0.0,-0.0007440128640129866
0.0,-0.0008701816270539319
0.0,-0.0003939525825293529
0.0,-0.001496027137359934
0.0,-0.0007197638739156994
0.0,-0.0007512071488923592
0.0,-0.0007324101218744557
0.0,-0.006025026970390636
0.0,-0.0004392066540639791
0.0,-0.0008305000496116181
0.0,-0.0005062439072211839
0.0,-0.0007000805527128028
0.0,-0.0005600571018043646
0.0,-0.00122162361488717
0.0,-0.0006955645648389828
0.0,-0.0013063429243003809
0.0,-0.0006328331472424855
0.0,-0.0007199299802527176
0.0,-0.0007456305795228435
0.0,-0.00045466257617030216
0.0,-0.0007419767724053958
0.0,-0.0007381887100333362
0.0,-0.000897130900914052
0.0,-0.0005083612193823152
0.0,-0.001130752081602744
0.0,-0.0007500877132091974
0.0,-0.0004981828318045306
0.0,-0.0007017360803934928
0.0,-0.000457566697407441
0.0,-0.0006783677365250585
0.0,-0.0007514338179209763
0.0,-0.0006749957577117792
0.0,-0.0012871799821465113
0.0,-0.0006557941820497337
0.0,-0.0005979196609812344
0.0,-0.0006795475459307178
0.0,-0.0009596009192279168
0.0,-0.0005660556078023673
0.0,-0.0007685829579292094
0.0,-0.0004964997522411121
0.0,-0.0007546753878314163
0.0,-0.0007366163723928884
0.0,-0.00044501327413559656
0.0,-0.0007015084653429918
0.0,-0.0007275316528809248
0.0,-0.0008279074907203248
0.0,-0.0006570781079308691
0.0,-0.012116419721652174
0.0,-0.0006295877716663386
0.0,-0.0028527039804924392
0.0,-0.0009132161034983453
0.0,-0.0007834344171780546
0.0,-0.000580950725075881
0.0,-0.0005483831286142052
0.0,-0.0004777618514552467
0.0,-0.0008152579981009867
0.0,-0.0006591636180567033
0.0,-0.0007589660167642751
0.0,-0.0007176640443785575
0.0,-0.002413384077352235
0.0,-0.001041442653883885
0.0,-0.0006696452313039749
0.0,-0.0010550566837855045
0.0,-0.0010072071635553093
0.0,-0.0004618236502903405
0.0,-0.000561787722187816
0.0,-0.0005383098602211373
0.0,-0.0006483308555470689
0.0,-0.0007928694048554534
0.0,-0.00046070652052138876
0.0,-0.0005907473561462089
0.0,-0.0006780482541616156
0.0,-0.0007308613504105193
0.0,-0.0005018099072478464
0.0,-0.0007292171272932778
0.0,-0.0005230053317052742
0.0,-0.0006175660931047658
0.0,-0.0007217983732293264
0.0,-0.000749205484894358
0.0,-0.002862301785389135
0.0,-0.0005424010460062546
0.0,-0.00048704761685088125
0.0,-0.0005187369245523867
0.0,-0.0005782603718552648
0.0,-0.0010608520471746714
0.0,-0.0005277847137622829
0.0,-0.0010527558559348808
0.0,-0.0008967521401892733
0.0,-0.00047031255325782564
0.0,-0.0004209820074533884
0.0,-0.0005106756472077951
0.0,-0.0010416437378126405
0.0,-0.0007032140068987734
0.0,-0.0008309406182171013
0.0,-0.0009729195528867931
0.0,-0.0006067730550578856
0.0,-0.0006265594262142564
0.0,-0.0005960439288065615
0.0,-0.00818014343676798
0.0,-0.0006407057323421868
0.0,-0.00080681988152913
0.0,-0.0013761149308702421
0.0,-0.0010565392838804127
0.0,-0.001526519824341947
0.0,-0.0008914096043368911
0.0,-0.0030622287594224457
0.0,-0.0008829495449986056
0.0,-0.0005964252915149188
0.0,-0.00048236795438330864
0.0,-0.000693051635913977
0.0,-0.001131482363775925
0.0,-0.0004124184779060962
0.0,-0.0009983788311708481
0.0,-0.0008064644679281232
0.0,-0.0005262965768891379
0.0,-0.0008195632794193169
0.0,-0.0007809157047658454
0.0,-0.0013049967729680267
0.0,-0.0007806558552494125
0.0,-0.0007097683046388966
0.0,-0.0009584382099693552
0.0,-0.0008733377912549211
0.0,-0.0006648807399032991
0.0,-0.0008898518004465556
0.0,-0.00040682890876584705
0.0018181818181818186,-0.0005949164513392848
0.0022222222222222222,-0.0005944153895948666
0.0022222222222222222,-0.0005944153895948666
0.00225,-0.0009774578799834322
0.002256410256410257,-0.0009443996869012962
0.002256410256410257,-0.0009443996869012962
0.0028571428571428576,-0.0005712132719774981
0.004500000000000003,-0.000917680694416743
0.005599999999999999,-0.002254669542092929
0.009000000000000001,-0.0009214183626674013
0.013899999999999997,-0.00035985891916055557
0.0315,-0.0003619890557993212
0.033600000000000005,-0.00037222981749617613
0.039999999999999994,-0.00038229845771930245
0.04199999999999998,-0.0005275171858822472
0.04200000000000002,-0.0004489117129544462
0.042087542087542076,-0.0007744138153957313
0.042087542087542076,-0.0007819564299678723
0.04480000000000001,-0.0003458772784251136
0.04655737704918032,-0.002691975199368795
0.04999999999999998,-0.0006511443065735813
0.04999999999999999,-0.0005967428730211101
0.049999999999999996,-0.0005970287430203995
0.05,-0.0006699539700050465
0.05000000000000001,-0.0006522997990266244
0.05000000000000001,-0.0005076365745790135
0.05000000000000003,-0.0006703862809505355
0.05500000000000001,-1.3244362802097967e-05
0.05897435897435898,-0.00025912050005104007
0.06,-0.004970790668054881
0.06002400960384156,-0.0002438921265104669
0.0625,-9.547643202698887e-05
0.0625,-9.547643202698887e-05
0.06875,5.55710975215816e-06
0.06875,1.8942181084630864e-05
0.08399999999999995,-5.381118260749343e-05
0.08888888888888888,0.00024309548368781756
0.09,-5.9653486486204754e-05
0.09009009009009009,0.0001548409650813887
0.1,-0.0008300891247859293
0.1,-0.0015675858163996402
0.1,-0.0007858166803538395
0.1,-0.0005844617639597021
0.1,-0.0003847591543689996
0.1,-0.00039947695126485574
0.1,-0.0008816021685682609
0.1,-0.00033950634871094315
0.1,-0.000374611959452871
0.1,-0.0011631946836676906
0.1,-0.00031233393225625606
0.10000000000000002,-5.819069654838135e-05
0.10000000000000002,0.00035589229881524426
0.10000000000000002,-5.8094115135777624e-05
0.11666666666666667,0.00038088498394613123
0.11851851851851848,0.00042388984469945713
0.11969696969696965,-6.61660673556705e-06
0.1222222222222222,-8.603076902643437e-05
0.1222222222222222,-4.428287152944213e-05
0.12400000000000008,0.0003959129310930055
0.125,-0.0006413780847503641
0.12999999999999995,-0.00040570421648000184
0.12999999999999995,-0.00040426749723056454
0.13201320132013203,0.0055171121319469866
0.1361285053090117,3.117489861813131e-05
0.14285714285714285,0.00010026190695436717
0.15,-3.752725080326517e-05
0.15000000000000002,-0.0002313632116659484
0.15000000000000002,-0.0002313632116659484
0.15000000000000002,-0.00029017508791414877
0.15000000000000002,-0.00019129324779966922
0.15000000000000002,-0.0003556315120039557
0.15000000000000002,-0.0002313632116659484
0.15000000000000002,-0.00029017508791414877
0.15000000000000005,-3.269643426574164e-05
0.15000000000000005,-3.269643426574164e-05
0.15253203172666258,0.00031827910159655445
0.154,0.0003380349576884251
0.154,0.0003704786934793761
0.154,0.0003447260556336827
0.154,0.0003338798823792969
0.154,0.0003447260556336827
0.154,0.0007416608540390117
0.15499070055796663,0.0006359354038098531
0.15499070055796663,0.0006291558758489443
0.15499070055796663,0.0008009612632541729
0.16,-4.188827390493846e-05
0.16000000000000003,0.0005321258677897698
0.165016501650165,0.0056709244014381
0.16666666666666663,4.9695199819547015e-05
0.16666666666666666,-8.820912637914258e-06
0.1666666666666668,2.0617283239946494e-05
0.1666666666666668,-0.0006224315688939372
0.1666666666666668,-0.00021943017136773186
0.1666666666666668,-0.00044553861651485847
0.1666666666666668,-0.00011819525321168989
0.17494751574527634,5.762765726122204e-05
0.17494751574527634,0.0001628369223168895
0.17494751574527634,0.00023058875287079256
0.17494751574527634,0.0003918840529315369
0.17999999999999997,0.00016739679997702486
0.18000000000000002,0.00014002933550934395
0.18000000000000005,0.00012991514198826216
0.18000000000000005,0.000139373028260352
0.18000000000000008,0.0001496098719523257
0.18000000000000008,0.00022120262419669597
0.18000000000000008,0.00013638138084102488
0.18000000000000008,0.0002836233544958326
0.18939393939393934,7.522531363812518e-05
0.1893939393939394,7.397392227687166e-05
0.18939393939393942,7.397392227687143e-05
0.18939393939393945,7.880285458608833e-05
0.1893939393939395,7.397392227687609e-05
0.1893939393939395,7.397392227687609e-05
0.1893939393939395,0.0012094413279633675
0.1893939393939395,-2.9064927484290004e-05
0.1999999999999999,-2.6752825803626348e-05
0.1999999999999999,-0.0003258962925791459
0.1999999999999999,-0.00017052298134074648
0.1999999999999999,-0.00031342052650554957
0.19999999999999993,9.0056608885673e-06
0.19999999999999993,-0.0002603984004622301
0.19999999999999993,0.00018714707558273235
0.19999999999999993,-0.00017669820334074266
0.19999999999999993,-0.00029072155934774425
0.19999999999999993,-0.0004521414538302773
0.19999999999999993,-0.00016710720964927618
0.19999999999999996,-0.0003083583046919446
0.19999999999999996,0.004370154610503982
0.19999999999999996,0.00021706557598731333
0.19999999999999996,-0.000596806095895198
0.19999999999999996,-0.00025470405208281437
0.19999999999999996,0.0002125512323134262
0.19999999999999996,0.00038338163427102266
0.19999999999999996,-0.0003112443664287452
0.19999999999999998,0.0020957067402850305
0.19999999999999998,0.00010504725264223021
0.19999999999999998,0.00017641355853357754
0.19999999999999998,-0.00013021358322895014
0.2,-5.556188779593902e-05
0.2,-0.00011671205798715459
0.2,-0.0001287662392330907
0.2,-0.000517518713631375
0.2,-1.8949131235318356e-05
0.2,-0.0002935323136852838
0.2,-0.00011990505605158812
0.2,0.0008502363318327466
0.2,-0.0002570831767188253
0.2,-0.0006021190493309225
0.2,-0.0006337948159742074
0.2,-0.00045467304600945536
0.20000000000000004,0.00042758605912732753
0.20000000000000004,0.0006024658081600964
0.20000000000000004,0.00012179419106481078
0.20000000000000007,-0.0004423207518561097
0.20000000000000012,0.0002706369038284507
0.2080000000000001,0.0009688558870304311
0.21,0.0001246576073903714
0.2220000000000001,0.0009531280162087597
0.24664879356568364,0.0018347678791218428
0.25000000000000006,0.0007436653045305647
0.2500000000000001,0.0013496722635061252
0.2500000000000001,0.000557713140407485
0.26333333333333336,0.00020409098527964388
0.2700000000000001,0.0005053300334912531
0.2735849056603774,0.00018119640368120685
0.27999999999999986,0.0006280339238208321
0.28571428571428575,0.00019321227147441953
0.29996250468691416,0.06464516664003322
0.2999999999999999,0.0001780035819807218
0.2999999999999999,0.0014264638984601483
0.29999999999999993,-0.00012852440859206435
0.29999999999999993,0.00018135704001116346
0.29999999999999993,0.0010546137625274074
0.29999999999999993,0.00013491274679572552
0.3,0.0004502274945425496
0.3,0.00029067525020932164
0.3,0.0008386292785167358
0.3,0.0005621071704413535
0.3,0.0005621071704413535
0.30000000000000004,0.005857001280287523
0.30000000000000004,0.006341781741111087
0.3000000000000001,0.0009445437725833203
0.3000000000000001,0.0001780035819807218
0.3000000000000001,0.0008963666914435939
0.3000000000000001,0.0007721586332669433
0.30000000000000016,0.00016590528978494592
0.33333333333333337,0.0027921627832024664
0.33370828646419215,0.09008454573650503
0.33499999999999996,0.025076598768487807
0.36,0.0009989754619225157
0.36,0.0037914577457976713
0.36,0.0005700537914947874
0.36,0.003164514797035781
0.36,0.0010082488053924186
0.36,0.00042356239975013446
0.36,0.0010772505907258613
0.36,0.0012389539629970982
0.36,0.0010833321788974628
0.3719999999999999,0.0026463182034653873
0.37199999999999994,0.002084958817689366
0.37199999999999994,0.002436698339329131
0.372,0.0021234851483089463
0.3720000000000002,0.0016119450983780059
0.372641509433962,0.0012550469805553846
0.37264150943396257,0.0034286728910770934
0.3749999999999999,0.0009806711576462348
0.375,0.0007139068390869246
0.375,0.0008225874237735224
0.375,0.0007948958109604803
0.375,0.00121230910942398
0.375,0.0008225874237735224
0.375,0.0008559779289474198
0.3750000000000002,0.0008360590625229804
0.3800000000000001,0.0011890768560543627
0.38500000000000006,0.0035049604372006386
0.3999999999999999,0.039635617801638136
0.4000000000000001,0.0030052932244913695
0.4000000000000001,0.026483115417537773
0.4000000000000001,0.008920446176666976
0.4199999999999998,0.003177257732928743
0.44444444444444436,0.0031369433710269246
0.44444444444444436,0.0031369433710269246
0.44444444444444436,0.0031369433710269246
0.445,0.07676943657079835
0.4499999999999999,0.004717042971459828
0.45,0.003419147382377904
0.4500000000000002,0.0047017837120578755
0.454,0.11406945724268469
0.454,0.11406945724268469
0.4540000000000002,0.01952211390766825
0.45454545454545453,0.0034996335176410596
0.4599999999999999,0.08280213512624561
0.46,0.08459413653700298
0.46000000000000013,0.08848786860289651
0.4666666666666667,0.003884720292770021
0.4666666666666667,0.004998018204520768
0.4999999999999998,0.03773558925497407
0.5,0.014003632570353855
0.5,0.0037447798828068525
0.5,0.0021593382077646005
0.5000000000000001,0.003970126845833284
0.5490196078431373,0.0018979219137822412
0.5833333333333334,0.0023547679310597985
0.5998800239952008,0.0033484952747296977
0.6,0.01206211120938441
0.6,0.003065644818918206
0.6,0.002802436058159637
0.6,0.0033597393405478504
0.6000000000000001,0.002472445319243201
0.6000000000000002,0.003943296763026357
0.6200000000000001,0.00325748362232934
0.6666666666666665,0.0029318932127708535
0.6666666666666665,0.002781178444592276
0.6666666666666669,0.0029073129786640374
0.6666666666666669,0.002531806057631085
0.6999999999999997,0.001647964966246911
0.7300000000000002,0.0031981155438390143
0.7300000000000002,0.0028918856039072665
0.7300000000000004,0.0022523648137597867
0.7425742574257421,0.0030385948209772137
0.7449999999999999,0.0016831156300125747
0.745,0.001728381516058637
0.7500000000000001,0.0023109345799290372
0.7523809523809524,0.002751549341786802
0.7523809523809524,0.002751549341786802
0.7799999999999998,0.0023506138220441486
0.7799999999999998,0.0026483630621803238
0.7799999999999998,0.0024439120107955514
0.7799999999999998,0.002323612081397885
0.7799999999999998,0.0023547284662683576
0.7799999999999998,0.0026453752351988987
0.7799999999999998,0.00237599780983253
0.7799999999999998,0.0012989080483764594
0.7799999999999999,0.0023126779604452866
0.7799999999999999,0.0013606074253705927
0.78,0.0025069317997787163
0.78,0.0025069317997787163
0.7800000000000001,0.0024946298391217855
0.7999999999999997,0.0030146739946901964
0.7999999999999999,0.0022788003164862427
0.8,0.002603434146353705
0.8,0.0026164162519138248
1.0,0.004259943037269118
1.0,0.002642129461999043
1.0,0.0027486418370144395
1.0088924818108327,0.005694305202032066
1.03950103950104,0.0018379336483099352
1.1138613861386137,0.0024657985312350394
1.333333333333333,0.002304982487758633
1.3333333333333333,0.002366079010276036
1.5000000000000007,0.003094835455083959
1.5000000000000007,0.0041600438880385286
1.5000000000000007,0.0031918220700645327
1.7543859649122804,-0.0009570004859283964
2.0000000000000004,0.0013489359736970138
2.8,0.0016318170166405768
2.8,0.0016327454808958966
2.8,0.0016318170166405768
3.1999999999999997,6.920564213081655e-05
5.0,0.0016359976690946535
5.999999999999998,0.00159709618304719
7.999999999999998,-0.00047207078216651764
8.000000000000002,-0.0015841755498685148
12.048192771084342,0.0010047185445432383
422.99999999999983,0.0021867802466641753
447.99999999999994,0.0022165795843047446
447.99999999999994,0.0022520962034318893
