H$_2$O/Si,SHAP value
0.0,-0.0008105370547276975
0.0,-0.0009135993558023721
0.0,-0.000993911919242065
0.0,-0.0005399852474866678
0.0,-0.0015329139299896913
0.0,-0.0008824460118720282
0.0,-0.0008561047550648876
0.0,-0.0011065616496986161
0.0,-0.0010307505228777697
0.0,-0.0008929628725005853
0.0,-0.0002977752139076393
0.0,-0.001192682081007395
0.0,-0.0009284967621115704
0.0,-0.0013690195899113981
0.0,-0.0005983689111875185
0.0,-0.001189812210276979
0.0,-0.0010989995681392813
0.0,-0.0018242231869580769
0.0,-0.001833926330799817
0.0,-0.001331065058781681
0.0,-0.001019526267422503
0.0,-0.0007227231654754464
0.0,-0.0010323252996828891
0.0,-0.0007580819330137761
0.0,-0.0009349793776358478
0.0,-0.0010345051545752875
0.0,-0.0005857385914481239
0.0,-0.001030540779300294
0.0,-0.0015664250380021765
0.0,-0.0008928568231885681
0.0,-0.0010561416686943534
0.0,-0.0005250385580707773
0.0,-0.0008691005663824783
0.0,-0.004872715152824218
0.0,-0.0009216727288888976
0.0,-0.0005156911735800895
0.0,-0.0009693857152596806
0.0,-0.0008742226867250727
0.0,-0.0009603762289891841
0.0,-0.0004905143673839591
0.0,-0.0008250072431036594
0.0,-0.0010200262333019577
0.0,-0.0027543609409809754
0.0,-0.0014917309144299369
0.0,-0.0009195855652914361
0.0,-0.0008778563203969678
0.0,-0.0002787272017333582
0.0,-0.0008749001310913122
0.0,-0.007836213000445917
0.0,-0.0007350309553901217
0.0,-0.0008158431705811646
0.0,-0.0010602319297327418
0.0,-0.0008096874257446233
0.0,-0.0005251356709515043
0.0,-0.0007768547247707521
0.0,-0.0009097133185182021
0.0,-0.0007933971173394882
0.0,-0.0009653733650512845
0.0,-0.0005857385914481239
0.0,-0.0006062016984064875
0.0,-0.0026442223727706033
0.0,-0.0006846150163652852
0.0,-0.0033862395600963474
0.0,-0.001042925964109231
0.0,0.0003504531358311465
0.0,-0.000800597559103419
0.0,-0.0006112487254802742
0.0,-0.0006785671363946802
0.0,-0.0009478989373033202
0.0,-0.0013038819993300484
0.0,-0.0008473561128767032
0.0,-0.0015617549237997642
0.0,-0.0015485419626104296
0.0,-0.0009461541613182853
0.0,-0.0007243302898643814
0.0,-0.0009901388919209607
0.0,-0.0010078877818683741
0.0,-0.0010174431419480354
0.0,-0.000706092373816282
0.0,-0.0009551016510070608
0.0,-0.0009166733233122699
0.0,-0.0006996901021745324
0.0,-0.0011199256952206275
0.0,-0.0009727293852799026
0.0,-0.0009262845420749678
0.0,-0.0009563754614839976
0.0,-0.0007967129388356568
0.0,-0.0007619492289986143
0.0,-0.0015407641869848224
0.0,-0.0007952037924877966
0.0,-0.0009487506299518619
0.0,-0.0008160452625003423
0.0,-0.0011962698065947786
0.0,-0.0008595250916560152
0.17,-0.0006933315038563355
0.22857142857142848,-0.0031881058914853258
0.3181818181818181,-0.0006138621709005563
0.33333333333333326,-0.006723826620201507
0.3888888888888889,-0.0006034841913946407
0.3888888888888889,-0.0006034841913946407
0.4500000000000002,-0.0014761568952229341
0.49999999999999983,-0.0005858923058998072
0.614,-0.001988916670178143
0.8866666666666666,-0.002959810453879375
1.0,-0.005974188964360047
1.0,-0.005974188964360047
1.0666666666666669,-0.0002917422111720608
1.78,-0.0031060083564677624
1.78,-0.002915569260872723
1.78,-0.0028926710860513265
1.78,-0.0029319169276606277
1.78,-0.0029319169276606277
1.8007202881152455,-0.00016978299215913482
1.9999999999999996,-0.0005035426548553236
1.9999999999999996,-0.00042230664813811003
2.0,-0.0005768570946341116
2.0000000000000004,-0.0013720222206494847
2.040816326530612,-0.0003528422786077827
2.040816326530612,-8.28932728532288e-05
2.0408163265306123,-0.00015575175990493708
2.0408163265306123,-0.000176894906918031
2.0408163265306127,-0.00021788590692729565
2.0790020790020796,-7.36924333387475e-05
2.0790020790020796,-0.0003030010165412374
2.100840336134454,-0.00019099190382771254
2.100840336134454,-0.0002929816122634071
2.133333333333333,-0.0004309209159567005
2.1333333333333333,-0.00016650033358684937
2.2388059701492535,-0.000571921600519489
2.238805970149254,-0.0003649202333344125
2.238805970149254,-0.0003649202333344125
2.5,-0.0005169410927375932
2.5,-0.00014480227565524302
2.5,-0.0008265747737697245
2.5,-0.0004921380495398025
2.5,-0.00045218956396411817
2.5,2.5604435366678812e-05
2.5000000000000004,-0.00040196397989317054
2.5000000000000004,-0.0004349036685875075
2.5000000000000004,-0.0004023077023786558
2.8571428571428568,-0.0008594159570099116
2.985074626865672,-0.0003498300718482441
2.9999999999999996,-0.0002894449198653792
2.9999999999999996,-0.0001252541455974137
2.9999999999999996,-0.0005074342748084551
2.9999999999999996,-0.00015333523615008538
2.9999999999999996,-0.0003638762770540275
3.0,-0.00044369139347372427
3.0,-0.00014501700148704567
3.0,-0.0005722328920268802
3.0,-8.204876010870354e-05
3.0,-0.0004581168851324703
3.0,-0.00040343055547197384
3.0000000000000013,-0.0005883936379759669
3.0599999999999987,-0.0004188010232939476
3.120000000000001,-0.00015190569828743957
3.1499999999999995,-0.00026074664835184163
3.150000000000001,-5.005345893321553e-05
3.299967000329996,-0.00027588334117885057
3.299967000329996,-5.190997367954902e-05
3.299967000329996,-0.00038965625378081217
3.299967000329996,-0.00015544601002313402
3.299967000329996,-0.00044820675311279867
3.2999670003299966,-0.0002159082257185173
3.2999670003299966,0.00014945778344780633
3.2999670003299966,-0.00029168903075190594
3.2999670003299966,-0.00021007610140618305
3.299967000329997,-0.00032002426946642815
3.3,-0.0004285000187750567
3.3,-0.00025224266471771014
3.3,-0.00019475951860176518
3.300000000000001,-0.000349884698144498
3.5225000000000004,-0.0009944605024759371
3.601440576230493,-8.553306694248648e-05
3.6014405762304937,-0.00044871803614203204
3.7500000000000013,-0.00013055126533482932
3.8611111111111094,-0.005514046997557633
3.9999999999999987,-0.00018223375129721022
3.9999999999999996,-0.0065584517122691385
3.9999999999999996,-0.0008799670801694336
4.0,-0.0001488275991179295
4.000000000000001,-0.0001449777570426101
4.210526315789475,-0.0005329487768158798
4.210526315789475,-0.00042025675813962604
4.477611940298506,-0.00033927321898031507
4.497751124437782,-7.250261670790685e-05
4.500000000000002,-0.00010452207898339324
4.500000000000003,-9.231337060771275e-05
4.545454545454543,0.0022974704901626347
4.545454545454543,-0.00017671718095813987
4.545454545454543,-0.0001497666389494752
4.545454545454543,0.002171452020576119
4.545454545454543,0.0024259830278859497
4.545454545454543,0.002393075437715816
4.545454545454543,-0.00015428374401936436
4.545454545454544,-0.0006155974412513185
4.545454545454545,5.908968025607181e-05
4.545454545454545,-5.917141026713624e-06
4.627659574468086,-0.0003295883403609923
4.650501672240803,-0.000449826863445546
4.747162022703817,-0.0004589517109926189
4.747162022703817,-0.00041474652736706616
4.747162022703817,-0.00041444615173107324
4.747162022703817,-0.0004158716790697817
4.747162022703817,-0.0004367116103794733
4.747162022703817,-0.0003891106069232724
4.787172941927249,-0.0001892180340751288
4.787172941927249,-0.0002508672213659612
4.787234042553191,0.0024098033709546596
4.787234042553192,0.001967046597665094
4.787234042553192,-0.0001979701675211588
4.787234042553192,-0.00018942754916820038
4.800601202404811,-0.0005936036189774483
4.819444444444444,-0.0051537503441339795
4.840425531914894,-0.0006040290397006011
4.840425531914894,-0.0006074500470701631
4.840425531914894,-0.00033191530717824005
4.8936170212765955,0.0021309407581827687
4.8936170212765955,0.0017009214004882498
4.893617021276596,-0.00027054465144608133
4.946808510638298,-0.0002533998888675523
4.946808510638298,-0.0002533998888675523
4.946808510638298,-0.00025082372243009806
4.950495049504951,-0.004612807415790388
4.9999999999999964,-0.0017982350868033334
4.9999999999999964,-0.0017982350868033334
4.999999999999997,-0.000530544575075441
4.999999999999997,-0.000976845535478185
4.999999999999997,-0.000976845535478185
4.999999999999998,-8.078601937966027e-05
4.999999999999998,0.05659927382706892
4.999999999999998,-0.00036185466016262546
4.999999999999998,0.0019844095481388858
4.999999999999998,-0.0020782283984106934
4.999999999999998,-0.0004981932584385697
4.999999999999998,1.0816970091240125e-05
4.999999999999998,-0.004122488344491766
4.999999999999998,-0.0007557353486141277
4.999999999999999,-0.0029021132973977514
4.999999999999999,-0.0004215988686154714
4.999999999999999,-5.784300900695619e-05
4.999999999999999,0.04430594266721496
4.999999999999999,-0.0006829385694189041
4.999999999999999,0.0013274630282941585
4.999999999999999,-0.0008262937745313481
4.999999999999999,-0.0008271561335080888
4.999999999999999,-0.00039262862907319947
4.999999999999999,-0.001066237116361415
4.999999999999999,-0.0004882628064399081
4.999999999999999,-0.0011572280995692757
4.999999999999999,-0.0020595786471396243
4.999999999999999,-0.0008310406809666057
5.0,-0.0018027715924264416
5.0,-0.0006470498812803328
5.0,-0.0006650806100042512
5.0,0.03094504786536954
5.0,-0.0011689972426122183
5.0,-0.002069842259642323
5.0,0.00033801057659688826
5.0,-0.0023404813820427067
5.0,-0.0021260791081082007
5.000000000000001,-0.0018792776309387105
5.000000000000001,-0.00010082500680828374
5.000000000000001,-0.0013140766682257763
5.000000000000001,-0.002106135322493591
5.000000000000001,-0.0024370591219887057
5.000000000000001,-0.00046250580427777404
5.000000000000001,-0.0017275138355760669
5.000000000000001,-0.0018388607225547171
5.000000000000001,-0.0011631622101520296
5.000000000000001,0.0013266188121968797
5.000000000000002,-0.001671718042467609
5.000000000000002,0.07338072570781806
5.000000000000002,-0.0015974488202235562
5.000000000000002,-0.0035155601254916896
5.000000000000002,0.07338072570781806
5.000000000000002,-0.0015275729040464825
5.000000000000003,-0.002051203160204739
5.000000000000003,-0.0003436688891073145
5.000000000000003,-0.002250292720033325
5.000000000000003,-0.0007777375863374372
5.000000000000003,-0.0030197711530941976
5.000000000000003,0.00033409639603752545
5.0000000000000036,-0.002200601514543383
5.0000000000000036,0.0013457506595478726
5.0000000000000036,-0.0004983424258395699
5.016357688113412,-0.0013114912796479696
5.016666666666669,-0.0023326820039570838
5.10204081632653,0.0004821894268243797
5.1020408163265305,0.00033938637202886193
5.1020408163265305,6.248062440113579e-05
5.1648351648351625,-0.000567237503516166
5.1648351648351625,-0.0006049831623634373
5.178571428571428,-0.0005220302959353667
5.178571428571428,-0.0004917444166870527
5.197505197505196,0.00035336287909239303
5.197505197505198,-7.263458283873647e-05
5.1975051975051985,0.0003424079386874474
5.252100840336136,0.0003442611164682441
5.333333333333333,-0.00018697698093417248
5.333333333333335,-0.00024252369036752245
5.333333333333336,-0.00013162756882572306
5.5,-0.0015986349289810438
5.5,-0.0009765308548081759
5.5,-0.00133268798503955
5.500000000000001,-0.0009931169257607838
5.500000000000002,-0.0009796201046975274
5.5000000000000036,-0.0009726266415982596
5.600000000000002,-0.0021166792873232895
5.770000000000003,-0.0009535556683369957
5.799999999999999,-0.0006355514720636974
5.799999999999999,-0.0006355514720636974
5.8430717863105155,0.0004070326599777774
5.8430717863105155,0.0004070326599777774
5.972696245733785,-0.00012365745280662818
5.972696245733787,-0.0001237534771427872
5.999999999999998,0.0004605980840143328
5.999999999999999,-0.0006010109106481843
6.000000000000003,-0.00016051184531918114
6.133333333333331,-0.004555794036546688
6.133333333333331,-0.002849615035876919
6.159260888693356,0.0004899158558838354
6.2500000000000036,-0.0009428377260517984
6.299212598425197,-0.0002808148965125372
6.330000000000001,-0.002162335859005327
6.330000000000002,-0.001723002727401892
6.4999999999999964,-0.003191961089809047
6.500000000000002,-0.0007973285250503065
6.666666666666664,-0.0008537423924632235
6.666666666666665,-0.0010304874540997338
6.666666666666667,0.00025558299336031395
6.7499999999999964,-0.002497640409296834
6.8000000000000025,-0.001380772747411342
6.999999999999997,-9.067399661388119e-05
6.999999999999997,-0.00014798319189496104
6.999999999999997,-0.00036941331512653557
6.999999999999998,-0.0012636002722100168
6.999999999999998,0.0007273770443129484
6.999999999999999,-0.002027911282354754
6.999999999999999,6.104654526568034e-06
6.999999999999999,-0.00034428566370462566
6.999999999999999,-5.4918670448812826e-05
6.999999999999999,-0.0004536970581257
7.0,-0.0037223514922513825
7.000000000000001,-0.0005313928292967313
7.000000000000001,-0.00029726688840843235
7.000000000000001,-0.00035457608368951176
7.000000000000001,-0.00032426814664220473
7.000000000000001,-0.0004212407030280752
7.000000000000001,-0.0005542308416216316
7.000000000000002,-0.00026238641923960167
7.000000000000002,-0.0003360243601527803
7.0000000000000036,-0.00018800054702662838
7.199999999999998,-0.003842649964986072
7.236595425571808,-0.002958138091553037
7.2499999999999964,0.0012975546898612766
7.25,-0.0002190598390742005
7.250000000000001,-0.00020272264957877224
7.279999999999995,-0.0008015305403674078
7.333333333333335,-0.002151662972801838
7.416666666666668,-0.002151662972801838
7.450000000000001,-0.004113332435378412
7.499999999999997,9.324369360270153e-05
7.499999999999998,-0.0010085362533474441
7.499999999999999,-0.002212374849986585
7.5,-0.0023046868767646364
7.5,-0.0009188703791175799
7.5,-0.0002632715458007329
7.5000000000000036,-0.00023734497838003395
7.575757575757573,-0.0016465462614558793
7.686539182602174,-0.003114558866922814
7.699923000769988,-0.0005511835027851501
7.6999230007699895,-0.0005010567787260218
7.6999230007699895,-0.0005488134926706827
7.6999230007699895,-0.0002193899526659727
7.69992300076999,-0.0004381524729770448
7.69992300076999,-0.0004815368321484382
7.699923000769991,-0.00047560279538723735
7.699923000769991,-0.00039546446572056806
7.699923000769992,-0.00035340373146253243
7.699923000769992,-0.0002988807815521299
7.710771077107709,0.0006314232196115675
7.7500000000000036,0.008824389949059569
7.76961151942403,0.0007237185487188842
7.889999999999998,0.011186952899856585
8.16666666666666,-0.0029649010914210303
8.18937939859245,-0.010743530949562208
8.300000000000002,-0.0011593053613360342
8.300000000000006,-0.0011972810077309362
8.35,-0.005503917010196173
8.499999999999998,-0.0021391065583842546
8.7,-0.00022302905399608998
8.749999999999998,-0.002164438062079077
8.780487804878048,-0.010974101965752846
8.788000000000002,-0.004222624575922706
8.987603305785123,-0.002118138913970521
8.987603305785123,-0.0021335613206232
9.0,-0.0050537780241891915
9.0,-0.00778055392254253
9.0,-0.0034250092021444554
9.0,-0.0072103444172257804
9.0,-0.007804798849715028
9.0,-0.0034123902695658457
9.0,-0.0019839679908918886
9.000000000000002,-0.0036241281375868637
9.330357142857144,-0.0038153068018903936
9.500000000000002,-0.0014407125178317961
9.583333333333334,-0.007642879305213306
9.583333333333336,-0.007610671234742362
9.799999999999999,-0.006818699078410798
9.8,-0.002019148821571762
9.8,-0.0020159300861648777
9.8,-0.0020159300861648777
9.82,-0.0017041306568437876
9.870000000000001,-0.0012053982690722691
9.999999999999998,-0.0007945195236648267
9.999999999999998,-0.0012836539470030366
9.999999999999998,-0.0010971348878793118
9.999999999999998,-0.0018274009356596115
9.999999999999998,-0.0017847897431796734
9.999999999999998,-0.0012679099161762215
9.999999999999998,-0.002426422209484743
9.999999999999998,-0.002181583774999021
9.999999999999998,-0.0018955162819619675
10.0,-0.0017776634248825153
10.0,-0.0016145059732531528
10.0,-0.000721069538823969
10.0,-0.004555017445064843
10.0,-0.0017157736015660742
10.0,-0.0018277865807702401
10.0,-0.0012628078002451576
10.0,-0.0015079164172967345
10.0,-0.004555017445064843
10.0,-0.0014120096293968438
10.0,-0.0008534160093416182
10.0,-0.001405945413754586
10.0,-0.0015501756463824892
10.0,-0.0007941278229721692
10.0,-0.0008080754276710499
10.0,-0.004555017445064843
10.0,-0.0007684946918970878
10.0,-0.001120899368137877
10.0,-0.0061818802193573585
10.0,-0.001790272914842653
10.0,-0.0013639223810818662
10.0,-0.002525755829445864
10.0,-0.0008022748187308152
10.0,-0.0014342256724702432
10.0,-0.008344204074799655
10.0,-0.0024197390254253348
10.0,-0.008825744324961643
10.0,-0.001767978649130511
10.0,-0.002419568884596262
10.0,-0.0007091552041255228
10.0,-0.001044280947527914
10.0,-0.0017359219884518506
10.0,-0.0015191229898740553
10.0,-0.0021679525827961402
10.0,-0.001048864620837858
10.0,-0.001831903130899622
10.0,-0.0016069340302770688
10.0,-0.00033656515071890317
10.0,-0.004114751714674334
10.0,-0.0010213977936884932
10.0,-0.0007093655576342101
10.0,-0.0015117094788302545
10.0,-0.0013326057295808926
10.0,-0.0019539810712431134
10.0,-0.001546671773328821
10.0,-0.001120899368137877
10.0,-0.0007190345723189999
10.0,-0.0009155144473599173
10.0,-0.0008637436549428572
10.0,-0.001212365094246304
10.0,-0.004555017445064843
10.000000000000002,-0.002036789741727959
10.000000000000002,-0.002465916052557305
10.000000000000002,-0.0014396026262285405
10.000000000000002,-0.010816116842010828
10.000000000000002,-0.010816116842010828
10.000000000000002,-0.0009545685427721837
10.000000000000002,-0.001571640973268989
10.000000000000002,-0.0009032484513758116
10.000000000000002,-0.0011243826316009323
10.000000000000002,-0.0006811520326101359
10.204081632653061,-0.00037184684005686256
10.204081632653061,-0.0002479519675034674
10.395010395010395,-0.00032641605759755623
10.395010395010395,-0.0007972458284264479
10.504201680672269,-0.0009750697835107843
10.504201680672269,-0.0007595328689106094
10.504201680672269,-0.0007570535580507294
10.606060606060604,-0.000594151910034457
10.606060606060604,-0.0007720166326672048
10.606060606060604,-0.0008826606096655193
10.606060606060604,-0.000688188372762413
10.606060606060606,-0.0008809536795420592
10.606060606060606,-0.0008621588399097593
10.606060606060606,-0.0009924175168152844
10.606060606060606,-0.0010289236741258187
10.606060606060606,-0.0009122757376442899
10.606060606060606,-0.0009440773879191339
10.666666666666666,-0.0023822432896360435
10.666666666666666,-0.0010672452464861894
10.666666666666666,-0.0009804621702990573
10.666666666666666,-0.000869279516686329
10.666666666666666,-0.0007297970930704645
10.666666666666666,-0.001069888729104461
10.666666666666668,-0.000868078354469152
10.666666666666668,-0.0006326266395859277
10.666666666666668,-0.000924032644159981
10.673011556764104,-0.015648254237756964
10.829999999999998,-0.0011965373395582133
10.83,-0.0009803233774669557
10.891089108910892,-0.014365335608923467
10.891089108910892,-0.010263480637148742
10.999999999999998,-0.0026281904743455323
11.0,-0.0032994054693368906
11.0,-0.0011701739038164
11.0,-0.001114545306199337
11.0,-0.010816707812592296
11.000000000000002,-0.014488789343494258
11.283323000619964,-0.005301815589418694
11.283323000619964,-0.005203825657304966
11.283323000619964,-0.005123844939835225
11.299999999999999,-0.0024327793750851773
11.47,-0.0012242174024923605
11.47,-0.0012091139474578916
11.6,-0.008382070267237002
11.6,-0.006334239538016756
11.6,-0.0047817217600596715
11.6,-0.006334239538016756
11.6,-0.007953710154995233
11.6,-0.006503256057565635
11.697660467906417,-0.011251147095547883
11.7,-0.002108900821225313
11.8,-0.002596426238678814
11.8,-0.002596426238678814
11.800000000000002,-0.002604915186225182
11.958511287370348,-0.00268823291404541
11.999999999999998,-0.0027746020568753826
12.0,-0.001445275361887519
12.0,-0.0028598619147349276
12.0,-0.0017706644746133902
12.051190899395666,-0.004637424094646816
12.3,-0.0015877101934474176
12.34567901234568,-0.001110502477417661
12.34567901234568,-0.001110502477417661
12.34567901234568,-0.001110502477417661
12.34567901234568,-0.0011800296964011112
12.4375,-0.0018828809617284661
12.5,-0.0012214728150001398
12.599999999999998,-0.001130236843507139
12.6875,-0.0027754066788239426
12.6875,-0.0023310864897805247
12.999999999999998,-0.0024438703718411255
12.999999999999998,-0.002364224413988297
13.0,-0.0023520334771597066
13.0,-0.0020375969929372633
13.0,-0.0023310470851337006
13.000000000000002,-0.0021807661409355777
13.000000000000002,-0.0023435717544276068
13.000000000000002,-0.002345171087301151
13.000000000000004,-0.0013416929977028004
13.120000000000001,-0.0024906273145768897
13.3,-0.0023840682101123863
13.499999999999998,-0.0021189312874271204
13.499999999999998,-0.009985378148780736
13.5,-0.0018057531926173932
13.5,-0.009841228021220632
13.5,-0.0018411697252122558
13.5,-0.001874584336098631
13.500000000000002,-0.008441678935613489
13.645906228131562,-0.003096538009624945
13.645906228131562,-0.005411802105772818
13.645906228131562,-0.003088514028680615
13.645906228131562,-0.005418224899575154
13.833333333333336,-0.0014289268441702412
13.999999999999998,-0.0027538766261164917
13.999999999999998,-0.004548095100831689
13.999999999999998,-0.008718241571553256
13.999999999999998,-0.002186396710636197
13.999999999999998,-0.0044336574335347495
13.999999999999998,-0.0030376200864318595
13.999999999999998,-0.005830026278597447
13.999999999999998,-0.0029249102441851285
13.999999999999998,-0.004291097964903569
13.999999999999998,-0.0044534320577413
14.0,-0.0019488573622827153
14.0,-0.0018487937956493776
14.0,-0.002008303318716698
14.0,-0.0015440621963535427
14.0,-0.002634254991020606
14.0,-0.006939311525826001
14.0,-0.0023544298139551957
14.0,-0.0069642706115972345
14.000000000000002,-0.002138746039035438
14.000000000000004,-0.012449255526192606
14.18032786885246,-0.0068274017166408815
14.25,-0.0027967976453075107
14.5,-0.010877215447308825
14.5,-0.0015578267231689876
14.705882352941183,-0.0019809522228335227
14.799999999999999,-0.0015388616412631672
14.799999999999999,-0.0021246069051673944
14.999999999999996,-0.0037423234038067425
14.999999999999996,-0.0075786837036239734
14.999999999999996,-0.008343566084384592
14.999999999999996,-0.001570779368028881
14.999999999999996,-0.004386275666236688
14.999999999999996,-0.0075786837036239734
14.999999999999996,-0.005362403529956952
14.999999999999996,-0.004903181042307927
14.999999999999998,-0.0027285561747174536
14.999999999999998,-0.002877504501369919
14.999999999999998,-0.0011371866115488223
14.999999999999998,-0.0026332159033819174
14.999999999999998,-0.0009602607406864992
14.999999999999998,-0.0014004994021185031
14.999999999999998,-0.0018458929904136348
14.999999999999998,-0.0038305196933841566
14.999999999999998,-0.007661554828885789
14.999999999999998,-0.0037665301413371756
14.999999999999998,-0.001904251716147711
14.999999999999998,-0.0012463852452970698
14.999999999999998,-0.0018440558084541698
14.999999999999998,-0.001271279218590125
14.999999999999998,-0.0018542325669162769
14.999999999999998,-0.0010788356219809817
14.999999999999998,-0.002065111279224342
14.999999999999998,-0.001142078852330455
14.999999999999998,-0.0008521325244731291
14.999999999999998,-0.0010200791923304347
14.999999999999998,-0.0015470184294860921
14.999999999999998,-0.006844041755323078
14.999999999999998,-0.0009522087059471566
14.999999999999998,-0.0014793222996201658
14.999999999999998,-0.0018246840989385186
14.999999999999998,-0.0019525868677407335
14.999999999999998,-0.0023425605830315463
14.999999999999998,-0.0017549100283349032
14.999999999999998,-0.0010385741144135021
15.0,-0.009015592978686215
15.0,-0.0016254421760175622
15.0,-0.0028822471791341065
15.0,-0.0008484972160146607
15.0,-0.0030030323995781146
15.0,-0.0014584006013083157
15.0,-0.0015106170070916098
15.0,-0.0013314292219464541
15.0,-0.0029727185720564726
15.0,-0.0009439535360379588
15.0,-0.0008837076297469402
15.0,-0.00357026949367165
15.0,-0.0013314292219464541
15.0,-0.0005146090683583554
15.0,-0.0036389801171789905
15.0,-0.0013727699423886196
15.0,-0.0018103681997152868
15.0,-0.001896266869669211
15.0,-0.0022042536796830596
15.0,-0.003378214252868917
15.0,-0.0035762605351590325
15.0,-0.0027681297478537644
15.0,-0.0005856173931555623
15.0,-0.0009195248546421602
15.0,-0.0052262889567836895
15.0,-0.0016328410481518919
15.0,-0.0006308541606872827
15.0,-0.002890021398141092
15.0,-0.0012161013971673995
15.0,-0.0015106170070916098
15.0,-0.003378214252868917
15.0,-0.005432132631074231
15.0,-0.0032976301092254258
15.0,-0.0009885321912987636
15.0,-0.0039597619601482404
15.0,-0.0013314292219464541
15.0,-0.0016672004776871283
15.000000000000002,-0.002000004608921546
15.000000000000002,-0.000749318059700677
15.000000000000002,-0.006247846087378658
15.000000000000002,-0.00383839904584964
15.000000000000002,-0.0008388496137580904
15.000000000000002,-0.005435612680350125
15.000000000000002,-0.003098247386333669
15.000000000000002,-0.0027003997187581143
15.000000000000002,-0.0008526093311333121
15.000000000000002,-0.003347885845831286
15.000000000000002,-0.0027969789533787
15.000000000000002,-0.0024338195396405656
15.000000000000004,-0.0015012479239717026
15.000000000000004,-0.0016777277798034347
15.000000000000004,-0.005293935473645966
15.15151515151515,-0.0007297517965182558
15.15151515151515,-0.0007858559593779833
15.15151515151515,-0.0008775357561286791
15.199999999999998,-0.00243396478180635
15.199999999999998,-0.00243396478180635
15.409746800980125,-0.0020390470949984457
15.500000000000002,-0.0031592102821744127
15.555555555555554,-0.005393971256236892
15.6,-0.004436810790646946
15.625,-0.001224460057917281
15.716856628674265,-0.0021810083537076143
15.8,-0.0020200450687523743
15.8,-0.0020200450687523743
15.800000000000004,-0.001285659367552566
15.925925925925924,-0.0019481141854838053
15.981481481481483,-0.004956900176475411
16.0,-0.0023623970148639434
16.0,-0.002168794367467355
16.0,-0.004446732793609384
16.0,-0.0021748300265908302
16.0,-0.004446732793609384
16.0,-0.0019048970274928077
16.0,-0.0008463498247329465
16.0,-0.002173749250703701
16.0,-0.001014329837711569
16.000000000000004,-0.014401825742705357
16.000000000000004,-0.000728180345068444
16.000000000000004,-0.000917963386800071
16.000000000000004,-0.014660101844410531
16.12903225806452,-0.0017247955747295084
16.168148746968473,-0.0017312131864442007
16.168148746968473,-0.0010743812652502813
16.23376623376623,-0.0011718288096846398
16.400000000000002,-0.003819748017693931
16.49983500164998,-0.0009872825864754046
16.49983500164998,-0.0009328725433686155
16.49983500164998,-0.0009350529686288392
16.49983500164998,-0.0012661514304783735
16.49983500164998,-0.0009975067822204403
16.499835001649984,-0.0011007121789554464
16.499835001649984,-0.0012846474737934445
16.499835001649984,-0.0011036064460356262
16.499835001649984,-0.0014281338536260644
16.499835001649984,-0.0011039423518996046
16.499835001649984,-0.0011093213037774287
16.499835001649984,-0.001100955009622914
16.666666666666664,-0.0035107029612552226
16.666666666666664,-0.0020291349297400776
16.666666666666664,-0.003529184240713701
16.666666666666664,-0.0024663536952470836
16.666666666666664,-0.0021060377831395565
16.666666666666664,-0.0026367594565019177
16.666666666666664,-0.0015662812771061513
16.666666666666664,-0.002236037743334351
16.666666666666664,-0.0026367594565019177
16.666666666666664,-0.0023319886400908116
16.666666666666664,-0.002938373518531815
16.666666666666664,-0.0023576383480968756
16.666666666666664,-0.0019060450667376316
16.666666666666664,-0.0021144069258611778
16.666666666666664,-0.002484170868413159
16.666666666666668,-0.0017127171528978238
16.666666666666668,-0.0014935244877337728
16.666666666666668,-0.001553238876097394
16.666666666666668,-0.0016076340230079303
16.666666666666668,-0.0021785844070211953
16.66666666666667,-0.0015540462597908248
16.66666666666667,-0.0017213954941462377
17.142857142857142,-0.004440857521884301
17.5,-0.013435097567564527
17.765,-0.0007894863163181322
17.81914893617021,-0.008763574745750628
17.900000000000002,-0.00683213833408374
17.900000000000002,-0.00934909438812137
17.900000000000002,-0.007765625181378823
17.999999999999996,-0.011557796304245969
18.0,-0.0017262717526035322
18.0,-0.000983112530240968
18.000000000000004,-0.0018920033983004809
18.000000000000004,-0.00646008755851632
18.000000000000004,-0.0064503523577018294
18.7,-0.0011257464651168456
19.2,-0.0009382912078943855
19.2,-0.0010295649379351822
19.2,-0.0008793753877627707
19.2,-0.0008759220122254988
19.2,-0.0007161752943447761
19.200000000000003,-0.0010161543027997764
19.499999999999993,-0.0008997395348181655
19.499999999999996,-0.0008980629009320823
19.499999999999996,-0.0009126790569537411
19.5,-0.0009230889402350831
19.5,-0.0008953250895270816
19.5,-0.011448795900879494
19.5,-0.0009148650831578322
19.5,-0.0009198309689864981
19.5,-0.0009667128284104675
19.500000000000004,-0.0009319639411997903
19.535211267605636,-0.010649306744116495
19.875000000000004,-0.00185758840525235
19.999999999999993,-0.0007171637048970868
19.999999999999993,-0.001139393992305802
19.999999999999993,-0.0011973659474045068
19.999999999999993,-0.001139393992305802
19.999999999999996,-0.0010035201713312623
19.999999999999996,-0.0008659214138492382
19.999999999999996,-0.000784359721555342
19.999999999999996,-0.0007648012564297273
19.999999999999996,-0.000758346942399962
19.999999999999996,-0.0007206392675320262
19.999999999999996,-0.002315942209077883
19.999999999999996,-0.0006801585143060671
19.999999999999996,-0.0010451768343758556
19.999999999999996,-0.001155163129172371
19.999999999999996,-0.0006718134056588973
19.999999999999996,-0.001310021924138989
19.999999999999996,-0.0008519617778144471
19.999999999999996,-0.0016729746503486298
19.999999999999996,-0.0008439529746091841
19.999999999999996,-0.002197789656619735
19.999999999999996,-0.0007011080967405983
19.999999999999996,-0.0011541243030809534
19.999999999999996,-0.0006299754547439566
19.999999999999996,-0.0008464773476663654
19.999999999999996,-0.0007311058972124106
19.999999999999996,-0.0007854525710930177
19.999999999999996,-0.0008464773476663654
19.999999999999996,-0.002938160425694634
19.999999999999996,-0.00207735378482786
19.999999999999996,-0.0008464773476663654
19.999999999999996,-0.0007826303241578749
19.999999999999996,-0.0016323126262081187
19.999999999999996,-0.0011012020923653026
20.0,-0.014848394302500357
20.0,-0.0008588507541810437
20.0,-0.0006231119984862815
20.0,-0.0017785257169111814
20.0,-0.0008933785940643111
20.0,-0.0010878466918453635
20.0,-0.0023853743932331656
20.0,-0.0010279490081996215
20.0,-0.0015436646271612844
20.0,-0.0007327273568239178
20.0,-0.0010997907719343012
20.0,-0.002690354449428501
20.0,-0.0008937375017999689
20.0,-0.0016892859378369997
20.0,-0.0010772466782994151
20.0,-0.0010642837413363108
20.0,-0.0006861532643506319
20.0,-0.0008951640255933998
20.0,-0.0006651905725440688
20.0,-0.0011808405172295188
20.0,-0.000919026136926152
20.0,-0.0007458055803847579
20.0,-0.0008933785940643111
20.0,-0.000706930879692122
20.0,-0.0011776704222950256
20.0,-0.0007365823226501522
20.0,-0.008760892425287513
20.0,-0.0010580330850757642
20.0,-0.000761243233939519
20.0,-0.0011776704222950256
20.0,-0.0010878466918453635
20.0,-0.0010620892474942113
20.0,-0.002324051337069591
20.0,-0.0016557340439927685
20.0,-0.002112153567141382
20.0,-0.0017486980164564136
20.000000000000004,-0.0042175712785699
20.000000000000004,-0.0008827327870001714
20.000000000000004,-0.000703812784160882
20.000000000000004,-0.0006842087026251525
20.000000000000004,-0.0006888794612460253
20.000000000000004,-0.006154663247272468
20.000000000000004,-0.000704714188578402
20.000000000000004,-0.0014115678672227668
20.000000000000004,-0.0006756684265729857
20.000000000000004,-0.0014115678672227668
20.000000000000004,-0.0015548065378346075
20.000000000000004,-0.0007137221504349399
20.000000000000004,-0.0006888794612460253
20.000000000000004,-0.0007362759661603943
20.000000000000004,-0.0008722507329740891
20.000000000000004,-0.0011484622415938277
20.000000000000004,-0.008779880830346858
20.000000000000004,-0.00232455934019764
20.000000000000004,-0.0010702583087303676
20.000000000000004,-0.003019109678176611
20.000000000000004,-0.0007325924872409638
20.000000000000004,-0.000686604677613839
20.000000000000007,-0.0014791193596198262
20.000000000000007,-0.0013955319368953304
20.4,-0.0004135187259093987
20.4,-0.00042665132600471525
20.4,-0.0004164466918836211
20.4,-0.0004166039633843723
20.4,-0.0004276023103155559
20.4,-0.0004162103913024228
20.400000000000002,-0.00042395966061169107
20.7,-0.0005288498226238404
20.999999999999996,-0.00047091205741966216
20.999999999999996,-0.0004439710668208264
20.999999999999996,-0.0004354468576324041
20.999999999999996,-0.0004994530476614895
20.999999999999996,-0.0005467000082150129
20.999999999999996,-0.0013245816533869101
21.134999999999998,-0.000673810248840638
21.134999999999998,-0.0006020358895585206
21.134999999999998,-0.0006020358895585206
21.134999999999998,-0.0006689580709889662
21.16,-0.0007453343955061214
21.160000000000004,-0.0007552921686894261
21.160000000000004,-0.0006760375606828576
21.568627450980397,-0.00435059223191242
21.999999999999996,-0.001556008628055469
22.000000000000004,-0.0035455214533906183
22.22222222222222,-0.001424635757989393
22.22222222222222,-0.0006990984178696111
22.22222222222222,-0.001424635757989393
22.22222222222222,-0.001424635757989393
22.499999999999996,-0.0018575551171165605
22.500000000000004,-0.00046405652989367475
22.500000000000004,-0.001206979807968176
22.727272727272727,-0.0014004592018620535
22.727272727272727,-0.0014400765225435063
22.727272727272727,-0.0004899492836173133
22.727272727272727,-0.000517646348747917
22.72727272727273,-0.0008959373823463913
22.727272727272734,-0.0013917778219718717
22.727272727272734,-0.0013338820724645905
22.759999999999998,-0.0005740598277947975
23.275862068965516,-0.00032206763078768727
23.5,-0.001055600297697289
23.500000000000004,-0.0010643445475743323
23.518867924528294,-0.0004834855956839362
23.51886792452831,-0.0010298086664563863
23.518867924528315,-0.00148886350612891
23.599999999999994,-0.001549679001387604
23.599999999999994,-0.002873518572113378
23.6,-0.0021735449407528752
23.6,-0.0013340128769533618
23.60000000000001,-0.001287685054828579
23.8,0.00011746551430066212
23.80952380952381,-0.0015118991377427748
23.80952380952381,-0.0015118991377427748
24.0,-0.00022202754065743318
24.0,0.03667482138391562
24.0,0.035868267649173356
24.00960384153661,7.839141999681274e-06
24.062499999999993,-0.0006034689445010394
24.43396226415095,-0.0026219202070643394
24.750000000000004,-0.0015330056010587555
24.761904761904756,-1.1059152038873862e-05
24.761904761904756,-1.1059152038873862e-05
24.761904761904756,-3.321912709616374e-05
24.999999999999993,-7.412220814688419e-05
24.999999999999993,0.0002170835470579707
24.999999999999993,2.5006786044316863e-05
24.999999999999993,-0.0002627421017917952
24.999999999999996,-0.00023671564181645686
24.999999999999996,-0.0003310370739564405
24.999999999999996,-0.0028974685487236644
24.999999999999996,-0.00033206473839831214
24.999999999999996,-0.00023876900740726732
24.999999999999996,-4.423636133272081e-05
24.999999999999996,-0.0023112458596986673
24.999999999999996,-1.2996605351558355e-05
24.999999999999996,-0.002107189512423555
24.999999999999996,-0.0022568423054776634
24.999999999999996,-3.7956111073530263e-05
24.999999999999996,-0.00023671564181645686
25.0,-0.0005673369700288427
25.0,-0.0005070411958536101
25.0,5.2502817624983804e-05
25.0,-0.002220451479872055
25.000000000000004,-0.003724309246202011
25.000000000000004,-0.0024897168233526555
25.000000000000004,-0.002509683370962837
25.000000000000004,-0.002873819218220327
25.000000000000004,-0.0006187674335337013
25.000000000000004,-0.003779968338706067
25.000000000000004,-0.00020783110623802544
25.000000000000004,-0.0005270564198054129
25.000000000000004,-0.0024897168233526555
25.000000000000004,-0.004028580851424824
26.0,-1.8981968868067267e-05
26.000000000000004,-0.0009584350419283503
26.000000000000004,-0.002151522330441976
26.000000000000004,-0.002721575064230691
26.00000000000001,0.0009639864266220992
26.27345844504022,-0.0017926404609527593
26.4,0.003790568251953159
26.999999999999993,-0.00721206957015383
27.0,0.0002985611463498676
27.000000000000004,-0.002737853391104478
27.050691244239637,-0.0013015147554039273
27.7,0.0007500088973958747
27.77777777777777,0.0022544979057576163
27.94444444444444,-0.0005755102404274836
27.94444444444444,0.00032758063988062814
27.999999999999986,0.0007120123995602666
27.999999999999993,0.0007112931781129363
27.999999999999996,0.00033856680992647116
27.999999999999996,0.000350610223264014
28.0,0.0007279591549334565
28.000000000000004,0.0010768029097264677
28.000000000000004,0.0009685156058848106
28.39999999999999,-0.005697239729181821
28.72340425531915,-0.0011167694320861298
29.000000000000004,0.00021795007092676838
29.280000000000012,-0.003100468616675814
29.999999999999986,0.0002487746809790264
29.99999999999999,0.0004642453133702898
29.99999999999999,0.000375021326573753
29.99999999999999,0.00048658861571688474
29.99999999999999,-0.0015977915462866016
29.999999999999993,0.00011773217534277344
29.999999999999993,0.00021831615650605616
29.999999999999993,0.001462897683054938
29.999999999999993,0.0005451315185157434
29.999999999999993,0.0005440014976335334
29.999999999999993,8.936795114731473e-05
29.999999999999993,0.00011898146166679779
29.999999999999993,0.00010892465770887227
29.999999999999993,0.00021248948892815572
29.999999999999993,4.394196411116531e-05
29.999999999999993,0.00016567652703012719
29.999999999999993,0.0005631625864407311
29.999999999999993,-6.5327752097416465e-06
29.999999999999993,0.000948656854425323
29.999999999999993,0.0006621910555333502
29.999999999999993,0.0001547979785121171
29.999999999999993,0.00013899759270435564
29.999999999999993,0.0005609770315496233
29.999999999999993,0.0009414912671768817
29.999999999999993,-0.0004409683063201556
29.999999999999993,0.0003087342129389006
29.999999999999993,0.0002307624488223858
29.999999999999996,0.0006485311180763604
29.999999999999996,0.00010071589647676152
29.999999999999996,0.0002303280383365537
29.999999999999996,5.8272103958967534e-05
29.999999999999996,0.00017694427958855473
29.999999999999996,0.000178160525386505
29.999999999999996,-0.0002671200874928329
29.999999999999996,0.00030528122696418976
29.999999999999996,0.0002223018036644337
29.999999999999996,0.0005718147403853593
29.999999999999996,0.0008358790771593154
29.999999999999996,0.00046449608378226775
29.999999999999996,0.0006893058721334643
29.999999999999996,0.0003341184977427763
29.999999999999996,0.00033415299181629174
29.999999999999996,0.00067761979334168
29.999999999999996,0.00025881465756729565
29.999999999999996,0.00018062585245778208
29.999999999999996,0.00022782472456672225
29.999999999999996,0.000169084645672489
29.999999999999996,0.00033415299181629174
29.999999999999996,0.00018573228969430715
29.999999999999996,0.00015851691687860915
29.999999999999996,0.00013997524164168943
29.999999999999996,0.0004426200116142477
29.999999999999996,0.00011080058441825257
29.999999999999996,8.689625205853789e-05
29.999999999999996,-0.00026970678993943877
29.999999999999996,0.0006277820566038398
29.999999999999996,0.0001683664480155073
29.999999999999996,0.0006351572166741889
29.999999999999996,0.00027298418844844813
29.999999999999996,0.00018354243449315597
29.999999999999996,-0.0002721763089490523
29.999999999999996,0.0006459843425027611
29.999999999999996,0.0001767060023261042
29.999999999999996,0.00012724153042943862
29.999999999999996,0.0002147032492087157
29.999999999999996,0.0011463479977483284
29.999999999999996,0.00013749198295967907
29.999999999999996,-0.00014845553381391806
29.999999999999996,-4.797451077842804e-07
29.999999999999996,0.0005218083816887275
29.999999999999996,-0.00031099377188347984
29.999999999999996,0.0002735513015929532
29.999999999999996,0.00033252545415396944
29.999999999999996,0.00012869207449346133
30.0,0.000647441040059734
30.0,0.0008522347982732417
30.0,0.00036296037342024
30.0,0.00021628392461658458
30.0,0.00023599629924949924
30.0,-0.0004329580726494497
30.0,0.00025580631549262586
30.0,0.0005498704817233361
30.0,0.00039582039472213536
30.0,0.0003869227786775404
30.0,0.0008022389350859481
30.0,0.0003238599577887085
30.0,0.000322024163364015
30.0,0.00045352481244865557
30.0,0.001904993052486965
30.0,0.0005056498030606266
30.0,0.0004255630270927545
30.0,0.0004628483129870106
30.0,0.00016627614813696578
30.0,0.00020080738899067694
30.0,-0.00022918603174082762
30.0,0.05389082421380293
30.0,0.0004628483129870106
30.0,3.86317793835796e-05
30.0,-0.002705109041100354
30.0,-9.856501174072718e-05
30.0,0.0003440663306639925
30.0,9.149122259191358e-05
30.0,0.0003736055717444065
30.0,0.00047879967045625515
30.0,0.00023818198880133388
30.0,0.0005579890487991595
30.0,8.936795114731473e-05
30.0,0.0001075577313727385
30.0,0.0007813446431468007
30.0,0.0008112077272152299
30.0,0.0003800511347880475
30.0,0.00027164410922912165
30.0,8.08783071737665e-05
30.0,0.0005258826800704421
30.0,0.000502124629963917
30.0,-4.082848736282687e-05
30.0,0.00016153624147193706
30.0,-4.08284873628269e-05
30.0,0.00010494519048049098
30.0,0.0002470443640254659
30.0,7.93771488741688e-05
30.0,0.0005208092384653963
30.0,0.0006968020567306083
30.000000000000004,-0.0056044237219808595
30.000000000000004,0.0011054217002859775
30.000000000000004,9.39229969958897e-05
30.000000000000004,0.046894445117645935
30.000000000000004,0.04247925089966648
30.000000000000004,0.00013421202770126745
30.000000000000004,-0.0001533760512190963
30.000000000000004,0.0003708990903965197
30.000000000000004,0.00014809257314985657
30.000000000000004,6.631704739791756e-05
30.000000000000004,2.770508261894234e-05
30.000000000000004,0.00023379332865455189
30.000000000000004,0.0014358563248418354
30.000000000000004,0.04247925089966648
30.000000000000004,0.031990687524522554
30.000000000000004,0.00019740258238882296
30.000000000000004,0.00023879827772682453
30.000000000000004,-0.005124307520164973
30.000000000000004,0.0004883259379230711
30.000000000000004,0.000663261465100187
30.000000000000004,0.04788734039951719
30.000000000000004,-0.0019420668745301257
30.000000000000004,0.001535647035543726
30.000000000000004,-0.004614446332287093
30.000000000000004,0.0004119625004176706
30.000000000000004,-0.005705360992192026
30.000000000000004,0.00226549860866001
30.000000000000004,6.631704739791756e-05
30.000000000000004,0.0011480616837399203
30.000000000000004,0.00316055412887341
30.000000000000004,0.000160004571922017
30.000000000000004,0.0015908838979683594
30.000000000000004,0.00036440412418048423
30.000000000000004,5.016026192587211e-05
30.000000000000004,0.002450431587350745
30.000000000000004,0.05384237952337976
30.000000000000004,-0.00014310301969709107
30.000000000000004,0.017260257845023084
30.000000000000004,-0.00014845553381391812
30.000000000000007,1.4986405399864635e-05
30.000000000000007,7.185001329297481e-06
30.000000000000007,0.0005091827163681133
30.000000000000007,0.00012142475951331373
30.000000000000007,4.1466093162670665e-05
30.000000000000007,0.0004934569712180273
30.000000000000007,-4.797451077842804e-07
30.000000000000007,0.00016180872437322876
30.000000000000007,8.935431118795352e-05
30.000000000000007,8.522780280589017e-05
30.000000000000007,-4.668419688045015e-05
30.000000000000007,0.0001075577313727385
30.000000000000007,9.651737324859453e-05
30.000000000000007,-3.04331973752585e-05
30.000000000000007,0.0004897745889217709
30.000000000000007,3.0918676242332765e-05
30.000000000000007,0.0013666151276931714
30.000000000000007,7.327045255393928e-05
30.000000000000007,0.00013658661880889888
30.000000000000007,5.749848692029188e-06
30.000000000000007,0.00011938852392197236
30.000000000000007,0.00044674982863899875
30.000000000000007,0.00040171641859547213
30.000000000000007,0.00014275618479083507
30.000000000000007,0.00037749236921814954
30.000000000000007,0.0005402095717546184
30.000000000000007,-0.00018306856515898704
30.00000000000001,0.00015745318941226061
30.000000000000014,-0.0002371781425694932
30.449999999999996,0.0003822060635249973
30.450000000000003,0.000394121820910523
30.999999999999993,0.00048187048367958994
30.999999999999993,0.0003323652162515273
30.999999999999993,0.00036222848975732863
30.999999999999993,0.00048187048367958994
30.999999999999993,-0.00016329841132950662
30.999999999999993,0.0003610290689408883
31.0,0.0006987281557693577
31.0,-0.00040989170273253445
31.000000000000004,-0.00027395642990958867
31.000000000000007,-0.0004095165853181592
31.199999999999996,0.00017914692767408797
31.200000000000006,0.0001791546816699427
31.200000000000006,0.0006587472981430087
31.200000000000006,0.001034571244529929
31.578947368421048,0.00030535854658500527
31.933333333333334,-0.0009061309258673547
32.0,0.00029377499812551384
32.266666666666666,-0.008853552563633637
33.00000000000001,0.0007322161822175717
33.199999999999996,-0.0013196141694548629
33.199999999999996,-0.00130061890869053
33.199999999999996,-0.0013124679905435774
34.99999999999999,0.011040711603622543
34.99999999999999,-0.004904950749234095
34.99999999999999,0.00041023440965218104
34.99999999999999,-0.006049767798942829
34.99999999999999,0.00023998802792645112
34.99999999999999,0.0002721762928972896
34.99999999999999,0.0002613306810914983
34.99999999999999,-0.005220450058520357
34.99999999999999,0.0008447758820873275
34.99999999999999,-0.004519953290537106
34.99999999999999,0.0008287419803815814
34.99999999999999,0.0005218875329526289
34.99999999999999,-0.0045354430765550124
34.99999999999999,-0.0015242181574739127
34.99999999999999,6.633185649302437e-05
34.99999999999999,0.00023529647926649988
34.99999999999999,0.000273354990121654
34.99999999999999,0.027418556256699384
34.99999999999999,0.0007457838010114197
34.99999999999999,0.00019714486438960558
34.99999999999999,-0.00134660054047457
34.99999999999999,-0.0062198615174677745
34.99999999999999,-0.002495416848347699
34.99999999999999,-0.005581882257005993
34.99999999999999,-0.003135885222337132
34.99999999999999,0.0002613306810914983
34.99999999999999,0.00023411778204213536
34.99999999999999,0.0008287419803815814
34.99999999999999,0.0002629949002696817
34.99999999999999,0.00023998802792645112
34.99999999999999,-0.0061965959399455746
35.0,-0.0034088089361703398
35.0,-0.00024657389233995864
35.0,-0.005339861451554962
35.0,0.0006418952846256932
35.0,-0.0046682411825518235
35.0,0.0001359038994213113
35.0,-0.0009379086863161793
35.0,0.0005431357984794696
35.0,-0.001706799005350679
35.0,-0.0022667091665519203
35.0,0.0002378471099482093
35.0,0.0011878734355327974
35.0,0.0002378471099482093
35.0,-0.005339861451554962
35.00000000000001,-0.004767044749540073
35.00000000000001,0.0011069657457669687
35.00000000000001,-0.004455605949606832
35.00000000000001,-0.004359804611632583
35.00000000000001,-0.0011399787243969721
35.01350135013502,-0.0004356294517790172
35.04,0.00015821077636560415
35.04,0.00015821077636560415
35.04,0.0002637204514909945
35.040000000000006,0.0002553520227191302
35.13333333333333,0.0019511900426042908
35.294117647058826,0.0008449023556176577
35.300000000000004,-0.0003071290146678679
35.303030303030305,0.0027182709716666587
35.53333333333333,0.0004103128458268804
35.56249999999999,0.0007509084327861114
35.56249999999999,0.000963569122788226
35.56249999999999,0.0008977985517229471
36.00000000000001,-0.00974719613888882
36.00000000000001,0.00010845518897281273
36.00000000000001,-0.00974719613888882
36.00000000000001,0.00038885056720244787
36.00000000000001,0.00010845518897281273
36.00000000000001,-0.00047156185012688193
36.00000000000001,0.00038885056720244787
36.00000000000001,-0.002041326888114944
36.00000000000001,0.0006612600692992707
36.014405762304925,0.0006614145785345124
36.014405762304925,0.0007226132914620412
36.7816091954023,0.0007447694508309695
36.7816091954023,0.0006184029403531472
37.085714285714275,0.0008056037467928911
37.18181818181817,0.0007309046877752652
37.18181818181817,0.0007309046877752652
37.181999999999995,0.0007400132002184583
37.182,0.0008158606001753982
37.182,0.0007413792390200231
37.182,0.000785483149672702
37.18200000000001,0.0007421727670928989
37.42802303262956,0.000147544023165058
37.5,0.0011181001309222044
37.50000000000001,0.0011250167270828878
37.50000000000001,0.0048222807824452995
37.87878787878788,0.0016243662046905255
37.99999999999999,0.0009743659240696812
38.0,0.0010254803286173756
38.0,0.0016968574055862262
38.000000000000014,0.0012615599287956573
38.07106598984772,0.0016286407005340238
38.07106598984772,0.0016159633391688156
38.07106598984772,0.0016286407005340238
38.27586206896551,0.0008318734899569672
38.27586206896551,0.0008547177889095728
38.29999999999999,0.0011278463926715568
38.412371134020624,0.0007981452563008202
38.437500000000014,0.0003657081551670934
38.61271676300578,0.0009300125663046357
38.628691983122366,0.0008840663831277528
38.65979381443299,0.0016095050869402287
38.81578947368421,0.0012913685224811768
39.58333333333333,-0.008657166862527573
39.95652173913044,0.001884524216591584
39.999999999999986,0.0016762059390561775
39.999999999999986,0.002120326298273877
39.999999999999986,0.0019242895321312848
39.999999999999986,0.001677771666742001
39.999999999999986,0.001840198728944553
39.999999999999986,0.003161486511330554
39.999999999999986,0.002956495015600878
39.999999999999986,0.0016367687256475998
39.999999999999986,0.002079370701684983
39.99999999999999,0.004140067317136062
39.99999999999999,0.002096776319950931
39.99999999999999,0.010027586144602788
39.99999999999999,0.0018289671372611577
39.99999999999999,0.0013239275052173063
39.99999999999999,0.0040763309701704
39.99999999999999,0.004157410115780616
39.99999999999999,0.0018345428547406767
39.99999999999999,0.0027448479821213334
39.99999999999999,0.001719287037069377
39.99999999999999,0.002074645977157125
39.99999999999999,0.0016436082954768012
39.99999999999999,0.0019325398342338238
39.99999999999999,0.00216709368237205
39.99999999999999,0.0021076807589499647
39.99999999999999,0.002119098761972387
39.99999999999999,0.003588072628956114
39.99999999999999,0.0017976503116754416
39.99999999999999,0.002074645977157125
39.99999999999999,0.002074645977157125
39.99999999999999,0.0019345711897052525
39.99999999999999,0.0017152014262231598
39.99999999999999,0.01014081098871616
39.99999999999999,0.001721039611537345
39.99999999999999,0.001777065287404728
39.99999999999999,0.0018954390548247377
39.99999999999999,0.10510150850632051
39.99999999999999,0.002078054158774406
39.99999999999999,0.002382247605509197
39.99999999999999,0.0014923901631470767
39.99999999999999,0.0020545695612228555
39.99999999999999,0.0018549041549357872
39.99999999999999,0.0016059827693327977
39.99999999999999,0.01794226368620465
40.0,0.005121110060383541
40.0,0.002074645977157125
40.0,0.0018308861262528815
40.0,0.052297147277082394
40.0,0.0018308861262528815
40.0,0.0018988482345233529
40.0,0.002020799659316862
40.0,0.001359067475528033
40.0,0.0022168460439352185
40.0,0.001484593716222372
40.0,0.0020024903939115813
40.0,0.001998840331423552
40.0,0.0037377540420872814
40.0,0.0016555966805664678
40.0,0.0023427173566352294
40.0,0.0020752946410901043
40.0,0.0016411991823650199
40.0,0.0030598007085907695
40.0,0.0017516739945718626
40.0,0.00176963303112578
40.0,0.0018331639222677891
40.0,0.001725332626681437
40.0,0.0016542158398607882
40.0,0.010753027317607057
40.0,0.001987481148428594
40.0,0.0018578497180347588
40.0,0.0018428991369407754
40.0,0.0016755370489047949
40.0,0.0017976503116754416
40.0,0.0030019452313092923
40.0,0.0016606802084426205
40.0,0.0018789712029632186
40.0,0.0019993900458536674
40.0,0.006912998208724045
40.0,0.00215359960724398
40.0,0.0022894949374737466
40.0,0.001863042745638887
40.0,0.001693031930053748
40.0,0.0018625233043005338
40.0,0.0030083388668994825
40.0,0.0029849652030893075
40.0,0.0021557579416400683
40.0,0.001919686735189388
40.0,0.0018288767714344984
40.0,0.004125214499446458
40.0,0.001998840331423552
40.0,0.001498096295105835
40.0,0.0030492002793450364
40.0,0.002661737702092356
40.0,0.00150932197319371
40.0,0.0019930014761892142
40.0,0.0016576369836899844
40.0,0.0017318768458076865
40.0,0.002074645977157125
40.0,0.0016624973438332166
40.0,0.0012451921862262337
40.0,0.0018716478621760534
40.0,0.005320508337585723
40.0,0.0017127095220961079
40.0,0.0014500658466100316
40.0,0.001827629448410007
40.0,0.0016884729242544754
40.0,0.0019462384534746334
40.0,0.0019184175653623476
40.0,0.0018331009643959759
40.0,0.003048838159308244
40.0,0.0018427617114542567
40.0,0.0032576074724400502
40.0,0.001355414309751357
40.00000000000001,0.0017969028579556143
40.00000000000001,0.0019505000282247565
40.00000000000001,0.0015872898179449379
40.00000000000001,0.0033350568091375515
40.00000000000001,0.0020203001144939335
40.00000000000001,0.007816944976901578
40.00000000000001,0.003594120544606879
40.00000000000001,0.0019521672138878919
40.00000000000001,0.0038526921223263105
40.00000000000001,0.0019957490778971508
40.00000000000001,0.007816944976901578
40.00000000000001,0.0015746869775418366
40.00000000000001,0.0027349441696764877
40.00000000000001,0.0016439995371091947
40.00000000000001,0.005082828265496274
40.00000000000001,0.003830445873763785
40.00000000000001,0.003761248123669316
40.00000000000001,0.0017504973330506348
40.00000000000001,0.0019554872321609997
40.00000000000001,0.0019027802205084253
40.00000000000001,0.0018179003273084433
40.00000000000001,0.0013307139532191179
40.00000000000001,0.0017559517038707075
40.00000000000001,0.001024911094163241
40.00000000000001,0.0030561361722913137
40.00000000000001,0.002828201411288841
40.00000000000001,0.0019484686727533282
40.00000000000001,0.002079370701684983
40.00000000000001,0.0019256401355791928
40.00000000000001,0.0019664228689786787
40.00000000000001,0.0016529308613334208
40.00000000000001,0.0028878124628199634
40.00000000000001,0.0018191350813873601
40.00000000000001,0.0018998103193102421
40.00000000000001,0.0025035806859210136
40.00000000000001,0.0015790931555097012
40.00000000000001,0.001994430204796195
40.00000000000001,0.0019312971955513672
40.00000000000001,0.0015746869775418366
40.00000000000001,0.0018925264851140427
40.00000000000001,0.0013728643265245887
40.00000000000001,0.0014900866257072625
40.00000000000001,0.0019505000282247565
40.00000000000001,0.0017284579227797832
40.00000000000001,0.0018625233043005338
40.00000000000001,0.0017344761191113653
40.00000000000001,0.0014104528003714418
40.00000000000001,0.0015785527917660134
40.00000000000001,0.0020203001144939335
40.00000000000001,0.0018766101995074667
40.00000000000001,0.0017303813401754024
40.00000000000001,0.0018864896820333622
40.00000000000001,0.001992060454294832
40.00000000000001,0.006055801881099403
40.00000000000001,0.0020356089022074172
40.00000000000001,0.0015694166166008037
40.00000000000001,0.007816944976901578
40.00000000000001,0.0030374191609102126
40.00000000000001,0.0038526921223263105
40.000000000000014,0.003822447381385299
40.000000000000014,0.0017475546184930217
40.000000000000014,0.0012777374368035672
40.000000000000014,0.0019044593868898336
40.000000000000014,0.003801168373453773
40.000000000000014,0.0021521187232534165
40.000000000000014,0.0019044207280504992
40.000000000000014,0.0020781272326021905
40.000000000000014,0.002270697581088534
40.000000000000014,0.002277612428332112
40.000000000000014,0.0022672716106965285
40.000000000000014,0.0017590188538349912
40.000000000000014,0.0032355424406605936
40.32967032967033,0.001596256429710013
40.42,0.0026610537429217446
40.599999999999994,0.0017469311722290433
40.81,0.002147869671734975
40.83999999999999,0.0020892828079468223
40.84,0.0019176340091934336
40.84,0.0019017928325113845
40.88888888888889,8.747504579119789e-05
40.88888888888889,0.00020510160346185616
41.0,0.0018109242983919175
41.00000000000001,0.0017311587174797612
41.00000000000001,0.0017311587174797612
41.24999999999999,0.0020661896147112376
41.31147540983606,0.0015077813109486324
41.50000000000001,0.00200606940749919
41.72,0.0019739175773111333
41.720000000000006,0.003565515375370153
41.984732824427475,0.0021050817790449388
41.999999999999986,0.001819475238049228
41.999999999999986,0.0012355318057565453
41.999999999999986,0.0015395371859516802
41.999999999999986,0.0013057742293711959
41.999999999999986,0.0019366975146026004
41.999999999999986,0.0012261398707912737
41.999999999999986,0.0018062298224437179
41.999999999999986,0.001368759799311385
41.999999999999986,0.0017483314718233058
41.999999999999986,0.001531255012346048
41.99999999999999,0.0019199631248468672
41.99999999999999,0.0013091276532132964
41.99999999999999,0.001539275790367242
42.0,0.0028332404640596036
42.0,0.0011950617845538428
42.0,0.0012031870035750824
42.0,0.0014697430863734563
42.0,0.0015976285891252807
42.0,0.0012273975198635464
42.0,0.00175305916074129
42.0,0.0021560910753610518
42.06,0.0021970642813675264
42.2,0.002791286910448764
42.2,0.0032053255479294104
42.307692307692314,0.002104464392507763
42.34999999999999,0.002522030131242425
42.35,0.0030970759864787922
42.74999999999999,0.002129331708152612
42.848,0.01036054026406611
42.848,0.010258298660225743
42.848000000000006,0.010226109417351307
43.57142857142858,0.0023509442394350423
43.758389261744966,0.0024512958128965296
43.758389261744966,0.0025653108644545543
43.758389261744966,0.0017514553353993175
43.758389261744966,0.002017501856644621
43.758389261744966,0.0017942660704797948
43.758389261744966,0.0019625560590468393
43.758389261744966,0.002101758929235415
43.758389261744966,0.0025929604424393634
43.758389261744966,0.0019514016363697101
43.758389261744966,0.0020740427570642636
43.75838926174498,0.0030089180853673037
43.75838926174498,0.00257257760996982
43.75838926174498,0.0028143037034368606
43.75838926174498,0.0019349201793323037
43.75838926174498,0.00205301718466004
43.76999999999998,0.0026169937391312048
43.769999999999996,0.0028363026554755065
43.99999999999999,0.003607962778814646
43.99999999999999,0.002323227915883613
43.99999999999999,0.001899535769413571
43.99999999999999,0.004190554246078447
43.99999999999999,0.002327219288641463
43.99999999999999,0.0017982010582858199
44.0,0.0019764126408779643
44.0,0.0020772717929257822
44.0,0.0049046059235386035
44.0,0.001989500027354538
44.0,0.001989500027354538
44.0,0.001989500027354538
44.00000000000001,0.0023837277973456535
44.00000000000001,0.0020680062221733503
44.00000000000001,0.001653060836015975
44.00000000000001,0.0016074916462971108
44.00000000000001,0.0016333161097942565
44.000000000000014,0.0017338080737492837
44.44444444444443,0.0009345163943360726
44.44444444444446,0.000931482165107066
44.49999999999999,0.0019828861434760567
44.88448844884489,0.005131398623854146
44.99999999999998,0.003075103750846256
44.999999999999986,0.002149875378162474
44.999999999999986,0.002479062178699831
44.99999999999999,0.00142540794715738
44.99999999999999,0.0016844977826592005
44.99999999999999,0.001643419280578225
44.99999999999999,0.0016794306832010858
44.99999999999999,0.002571622349681779
45.0,0.0019735249537208223
45.0,0.00222570052061252
45.0,0.0016817002872062034
45.0,0.0019961034045872113
45.0,0.0023309925239507023
45.0,0.001622974440235447
45.0,0.0014254063125320666
45.0,0.0027389372125995863
45.0,0.002471993187070192
45.0,0.00036137257389294943
45.00000000000001,0.002106978247866278
45.00000000000001,0.0003366822203989102
45.00000000000001,0.0026362387180893783
45.00000000000001,0.0022597030678386493
45.00000000000001,0.002164096397738476
45.00000000000001,0.0016757229973783565
45.00000000000001,0.0022388049758366836
45.00000000000001,0.0021651491843692095
45.00000000000001,0.002497243062160335
45.00000000000001,0.0023235004180607787
45.00000000000001,0.0022678864406767735
45.00000000000001,0.0012283124739953756
45.00000000000001,0.00031358818612071005
45.00000000000001,0.0017809506810418563
45.00000000000001,0.0016894720632804425
45.00000000000001,0.001430775366513321
45.000000000000014,0.003274153967402418
45.45454545454545,0.0022654173204464784
45.45454545454546,0.0013039285758324087
45.45454545454546,0.0013065715896887705
45.45454545454547,0.0013104805158017931
45.45454545454547,0.0020299701037699465
45.45454545454547,0.0018806073285089595
45.45454545454547,0.0013104805158017931
45.45454545454547,0.002473564258733879
45.45454545454547,0.0009990653019146202
45.45454545454547,0.0024650630012682134
45.499999999999986,0.0019364512692625336
45.49999999999999,0.0019172226688906667
45.50000000000001,0.002091792739607749
45.65530484877579,0.003074041642602844
45.666520017597875,0.002315867701504218
45.7163426925846,0.0030680415510250573
45.72,0.003428554830618623
45.72800000000001,0.0023385703289971883
45.874587458745864,0.009232060445440175
46.599999999999994,0.004579317549333318
46.66666666666666,0.0038578027530112736
46.66666666666666,0.0031145232203575288
46.66666666666666,0.0030801910213249448
47.000000000000014,0.002209175509436038
47.99999999999999,0.0014558506174364568
48.00000000000001,0.0014772536797093493
49.99999999999998,0.001878322254985956
49.999999999999986,0.0014218545906852207
49.999999999999986,0.002185957801897325
49.999999999999986,0.0013194956651317454
49.999999999999986,0.0014589839854906989
49.999999999999986,0.0036840872823914544
49.99999999999999,0.0008977094779278001
49.99999999999999,0.0006672192317725733
50.0,0.00361200331823647
50.0,0.004063460201272581
50.00000000000001,0.001253916823574807
50.00000000000001,0.001201190445126829
50.00000000000001,0.0012295484496481217
50.00000000000001,0.0012672610988557472
50.00000000000001,0.0025628449257273805
50.00000000000001,-0.0002825767805445241
50.000000000000014,0.004424186483991614
50.000000000000014,0.0031861160308282754
50.000000000000014,0.0035264620188748138
50.000000000000014,0.0014398484903416799
50.00000000000002,0.0013198937035731162
50.00000000000002,0.0012414279072533718
50.00000000000002,0.0013576645311942682
50.00000000000002,0.0010850935771986678
50.00000000000002,0.001049020958389714
50.00000000000003,0.00117769803240841
50.93555093555094,0.0009008434163579617
51.28205128205129,0.001981150151252855
52.00000000000001,0.001399813502286389
53.948453608247426,0.0018669146865911914
53.99999999999997,0.0035464193689755067
54.0,0.0038805874838915093
54.000000000000014,0.0015188541175836694
54.00000000000002,0.003951943640080965
54.16666666666665,0.00918164111959148
54.166666666666664,0.0057567751370064466
54.166666666666664,0.004965473721427254
54.16666666666667,0.007243939246971589
56.372549019607845,0.03830471979824172
56.99999999999999,0.0023846239531293252
57.00000000000001,0.013862213515628373
57.24137931034484,0.008742350830133475
57.24137931034484,0.008759382326834032
57.24137931034485,0.009374133714696097
58.33333333333331,0.04619103747026223
58.33333333333334,0.03184371475818033
58.653846153846125,0.0038290967642175483
58.65384615384618,0.002579842128795531
58.8235294117647,0.0015819138643762103
59.99999999999997,0.0014834651251972018
59.99999999999998,0.002039066323527018
59.99999999999998,0.01506931328699154
59.99999999999998,0.0035443641438326233
59.999999999999986,0.0019201040871112515
59.999999999999986,0.0038109934053725163
59.999999999999986,0.002557974964504762
59.999999999999986,0.0015251160497236009
59.99999999999999,0.00210936840388241
59.99999999999999,0.0030515345358080865
59.99999999999999,0.0019435578538408006
59.99999999999999,0.001500968328511107
59.99999999999999,0.0015246603024409917
60.0,0.002571700725169937
60.00000000000001,0.0014184285590238923
60.00000000000001,0.0014318546183955528
60.000000000000014,0.0020297549938774694
60.00000000000002,0.0006984624490643531
60.00000000000002,0.0015136530655988805
60.00000000000003,0.002064979383846851
62.22222222222222,0.049845238399155146
62.22222222222222,0.049845238399155146
62.22222222222224,0.048732707008514245
62.49999999999999,0.0037349427221201994
62.53000000000001,0.0019889394082023833
64.00000000000001,0.002395846936444532
64.00000000000001,0.002485300132075419
64.99999999999997,0.0033253180657002736
65.0,0.0021075435910331355
66.36363636363636,0.01354016482872093
66.36363636363636,0.015861095210011663
66.66666666666667,0.0028495767788228998
68.8118811881188,0.005561428031819433
69.79999999999998,0.0016833765366806189
69.99999999999999,0.0017513297283961139
74.99999999999997,0.0014628673254125208
74.99999999999997,0.0014663456003854989
74.99999999999997,0.0013583844469338515
76.1904761904762,0.0031382663014377994
76.92307692307692,0.0011393379334370937
79.99999999999996,0.0020021403916698675
79.99999999999996,0.0023633490824861835
80.0,0.0014104583511469636
80.00000000000003,0.001320341247022175
82.0,0.0010246047121544894
83.33333333333334,0.0032029468174938312
83.99999999999999,0.02127244419578535
85.0,0.0035325595583134083
90.0,-0.009312135582511677
90.90909090909088,0.0451050341627692
91.99999999999997,0.002198621171263899
91.99999999999997,0.002198621171263899
92.6470588235294,0.005753211394013485
94.99999999999999,0.0018776092045969044
94.99999999999999,0.002675413916342512
94.99999999999999,0.002744924959004023
98.95833333333333,0.002642326262478729
98.95833333333333,0.00292954007969185
98.95833333333334,0.002646465439065793
99.99999999999999,0.0014959880618231358
99.99999999999999,0.0011189284519937343
99.99999999999999,0.0028397860350908
99.99999999999999,0.0023371703461561575
99.99999999999999,0.0021705221742283538
99.99999999999999,0.000491331766989761
100.0,0.0021304208532342203
100.0,0.001580741727075793
100.0,0.0034688281757577796
100.0,0.0019006952565629512
100.0,0.002240543997550456
100.0,0.001909072253159451
100.0,0.001863280859495574
100.0,0.0021216386736188464
100.0,0.003304243861738919
100.0,0.0019155841303228592
100.0,0.0025460564857741437
100.0,0.002360873347435219
100.0,0.002334209086122771
100.0,0.0015673050512997986
100.00000000000001,0.00039608393530922426
100.00000000000001,0.001983539618380575
100.00000000000001,0.002564223426945872
100.00000000000001,0.002379028763387535
100.00000000000001,0.0023167888741212777
100.00000000000001,0.0016100652468359175
100.00000000000001,0.0031615576956212734
100.00000000000001,0.002461798380192394
100.00000000000001,0.0019496827255508695
108.82352941176472,0.0005064931346274256
110.00000000000001,0.0011847308312633894
110.00000000000001,0.018322170526785184
111.0,0.0017546414376798571
111.0,0.0014693315943815404
116.0,0.002311663898294854
120.0,-0.0039483314292943165
120.0,-0.0031697302715642996
120.00000000000001,0.0029844105984594793
125.0,0.0027162079401882844
125.0,0.0027162079401882844
132.0,0.0012759703706208317
135.6,-0.0005414501697076825
136.03603603603605,-0.0021473912968395723
136.24999999999997,-0.0024844225317388197
139.33333333333334,0.0012381373182199155
148.50000000000003,-0.0013996251235934547
161.76470588235296,0.023517756058275836
161.76470588235296,0.02343491185689465
161.76470588235296,0.017195401527558853
174.0,-0.0006993329073361181
174.0,0.006071774131659089
174.0,-0.0002941960080545319
180.0,0.0018448015581531848
193.39622641509433,0.0038724059267673696
199.99999999999994,0.0008074415511237663
199.99999999999997,-0.0012080507335517226
199.99999999999997,-0.015810586873881597
200.0,0.0008459539835496371
200.0,-0.0154873616008502
200.0,-0.018187712311197545
200.00000000000003,0.0029885740680427506
233.33333333333337,0.0009048916787643227
240.00000000000006,0.001393039867067034
250.00000000000003,0.0015991385292909916
250.00000000000006,0.0015967337752509784
255.59999999999997,0.0043423322302804735
400.0000000000001,-0.0009216411882935811
400.0000000000001,-0.0006113203455764743
400.0000000000001,0.00020674443774551009
400.0000000000001,0.00012709056633489256
400.0000000000001,0.0014394232071835472
409.9999999999999,0.0015062241207525287
485.542168674699,0.004093488727241389
499.99999999999994,0.003196197526964285
554.9999999999999,0.005440409617883995
554.9999999999999,0.0052099398324798015
555.0000000000003,0.0027714503799054096
714.2857142857143,0.000870897557831316
