Na/Si,SHAP value
0.0,-0.00028779430297404447
0.0,-0.00024562441036589383
0.0,-0.00023540258199878462
0.0,-0.00027219883640329496
0.0,-0.00034068229725363314
0.0,-0.0006615310946622725
0.0,-0.0003063333928081019
0.0,2.854908468038647e-06
0.0,-0.0002810992850916217
0.0,-0.00034763673229146186
0.0,-0.00025572008766888926
0.0,-0.00048594546206852114
0.0,-0.0002666452981337156
0.0,-0.00014320870215288992
0.0,-0.00028779430297404447
0.0,-5.175139636751758e-05
0.0,-0.00018701310690281828
0.0,-0.00023459760748837722
0.0,1.4801476039475301e-05
0.0,-0.00016076744829043627
0.0,-0.000763238228658376
0.0,0.00013308745257859265
0.0,-0.00035827229873692623
0.0,-3.214848072698788e-05
0.0,-0.00011878424160020621
0.0,-0.00037647738034703816
0.0,-0.00044369635033585894
0.0,-0.0001511278751169097
0.0,-0.0001537281535209224
0.0,-0.00013675966590338774
0.0,-0.0004547196406847329
0.0,-0.00012904659691754096
0.0,1.2977041250551905e-06
0.0,-0.00013160098921171094
0.0,-0.0003298085946272658
0.0,-0.0001567239422390077
0.0,-0.00011660920151381088
0.0,-0.0003112355876741066
0.0,-0.0005445917035482754
0.0,-9.107420723365458e-05
0.0,-0.00020948672278111726
0.0,-0.00018304469151116633
0.0,-0.0005298006292222835
0.0,-0.00013160098921171094
0.0,-0.0004379500332551406
0.0,-0.00029563451955162917
0.0,-0.00028953727020230853
0.0,-0.0003536570404860442
0.0,-0.0002523146461551911
0.0,-0.0004293096726720912
0.0,-0.0006987921082695912
0.0,-0.00045539050273380013
0.0,-0.00013691208739774794
0.0,-0.0007022666329447953
0.0,-0.000563664583896053
0.0,-0.0009519377339765529
0.0,-6.683750325899585e-05
0.0,-0.0002979541316543335
0.0,-0.00037455546499708277
0.0,-0.0001567239422390077
0.0,-0.00022968748061548414
0.0,-0.000694753174659156
0.0,-0.0001091453360575085
0.0,-5.302881794489097e-07
0.0,-2.379188127837425e-05
0.0,-0.00024022977585008503
0.0,-1.0170124104825205e-07
0.0,-0.005378850074747803
0.0,-0.0001537281535209224
0.0,-0.0002560591222277139
0.0,-0.00015759973637172937
0.0,-0.0004526361931915238
0.0,-0.00039074013073017066
0.0,-0.0003723526321288934
0.0,-0.0001755226437701619
0.0,-0.0002449036345961467
0.0,-1.2789698412783111e-05
0.0,-0.0001169256056878892
0.0,-0.00029405248687408553
0.0,-0.00023761720003514643
0.0,-0.00023761720003514643
0.0,-0.0019586587618923026
0.0,-0.00018505553598495357
0.0,-0.0001786388696381763
0.0,-0.00042525646812860917
0.0,-0.0003486140175181817
0.0,-0.000311784050771952
0.0,-0.00017061190064192458
0.0,-7.08883659096508e-05
0.0,-8.618132091617145e-05
0.0,-0.0016955560482622362
0.0,-0.0009549097274314256
0.0,-0.00021403846235820454
0.0,-0.00022755093294592296
0.0,-0.0001662731804042795
0.0,-0.00030778594459992777
0.0,-0.00031439654355390365
0.0,-9.435561478271057e-05
0.0,-0.0019633358006020704
0.0,-0.00028953515791995006
0.0,-0.00016478406673974656
0.0,-0.0006627022649548928
0.0,-1.2695207790083084e-05
0.0,-0.0001666763254080817
0.0,-0.0008433026210254227
0.0,-0.00013239312682956296
0.0,-0.00035783008526199046
0.0,-0.0001198794968148443
0.0,-0.000754316150842872
0.0,-0.0005541713574706413
0.0,-0.0001679705338458938
0.0,-0.00015858790439438264
0.0,-0.0005605893445390592
0.0,-0.0008384345840178539
0.0,-0.0007831739606991563
0.0,3.5178192337102297e-06
0.0,-0.0006028922634732019
0.0,-0.00014016124614189287
0.0,-5.175139636751758e-05
0.0,-0.0007917205062393378
0.0,-0.00034559700193219605
0.0,7.507339614160601e-05
0.0,-0.0001345776450060292
0.0,-0.0007468776092976245
0.0,-0.0002668387935732893
0.0,-0.0007451417418100935
0.0,-0.0001851981150598906
0.0,-0.0006847071366148528
0.0,-0.00022298075408364344
0.0,-0.0002252925856306409
0.0,-0.0005018273636560916
0.0,-0.0002685657991963794
0.0,-2.2928379448511304e-06
0.0,-0.00027581646155287726
0.0,-0.0004547196406847329
0.0,-0.0006525057614586742
0.0,-5.521308933053972e-06
0.0,-0.00032035432332553027
0.0,-0.0012528348414528833
0.0,-0.0007404564552889032
0.0,-0.001540713481262992
0.0,-0.0005960919800229025
0.0,-0.0005676431421220887
0.0,-0.0009750229673823706
0.0,-5.175139636751758e-05
0.0,-0.00022900068413212975
0.0,-0.00025711258617909917
0.0,-0.00047418402639216585
0.0,-0.00020604365888341028
0.0,-0.0003867231536329173
0.0,-0.0006569524801396086
0.0,-9.365217721133956e-05
0.0,-0.0002676847928445745
0.0,-0.00027302321313181304
0.0,-0.00027984437249059047
0.0,-0.0001961195342055933
0.0,-0.0006442122000677751
0.0,-7.232160585595442e-06
0.0,-0.0004152240809021188
0.0,-0.0002675119522305288
0.0,-0.0005797499445612166
0.0,-0.0002573886708287235
0.0,-0.0007379613023031543
0.0,-0.0002619395995830913
0.0,-0.00011689034111130245
0.0,-0.0019437328450092222
0.0,-0.00024961459831762716
0.0,-0.00029639590590274965
0.0,-0.00028220385972248886
0.0,-0.0006589998763328385
0.0,-0.0004485559914850437
0.0,-0.0009266162207326693
0.0,-0.00016171675547898567
0.0,-0.00025572008766888926
0.0,-0.00014174572144884511
0.0,-0.00037386301684758495
0.0,-0.0002083089437425238
0.0,-0.0004412870384875136
0.0,-0.00042889775605670414
0.0,-0.0007698688279114352
0.0,-0.00025827656395911524
0.0,-1.1180094817544461e-05
0.0,-0.00014893127406212454
0.0,-0.0004570659276037848
0.0,-0.00021554613465724553
0.0,-2.4101948533604822e-05
0.0,-0.0010648386035430875
0.0,-0.000446417645555928
0.0,-9.333389463961115e-05
0.0,-0.00012672729521118984
0.0,-0.00030458548218748104
0.0,-0.00028811062333753876
0.0,-0.00025789066641849616
0.0,-0.0005979236238157418
0.0,-0.0002230247230212902
0.0,-0.0004989403142304346
0.0,-0.0003149229889484394
0.0,4.924197003284654e-06
0.0,-0.00030389797682566416
0.0,-0.0001909550152393703
0.0,0.00019508906482401997
0.0,-0.0005599620237895011
0.0,-0.0002935830560336622
0.0,-0.0009228685179000265
0.0,-0.0005573634923839064
0.0,-0.000480966676462296
0.0,-0.0003363061125317116
0.0,-5.918506617612165e-05
0.0,-0.00028218381415369697
0.0,-0.0002702341418325908
0.0,-0.00010603688260926702
0.0,-3.37623896382007e-05
0.0,-0.00044162874223054727
0.0,-0.00021311682203252632
0.0,-4.3672114302603384e-05
0.0,-0.0001449767251862265
0.0,-2.7063370428178033e-06
0.0,-2.3934750386755864e-05
0.0,-0.0002874613436996165
0.0,-0.0005290375591019966
0.0,-0.00030692460987581937
0.0,-5.521308933053979e-06
0.0,-0.0008101062110551489
0.0,-0.0072110660064579985
0.0,-4.724988443934561e-05
0.0,-0.0002931720240071042
0.0,-1.4019640989641815e-05
0.0,1.4047830930386422e-05
0.0,-0.00020666346823795811
0.0,-0.0002977991146452292
0.0,-0.000906364626859968
0.0,-0.0003745755804940823
0.0,-0.00011413908407286671
0.0,-0.0022818165707599856
0.0,-0.00017020535645135757
0.0,-5.5988741979577985e-05
0.0,-0.00033122699665708006
0.0,-0.0003745875928135851
0.0,-0.0006615310946622725
0.0,-0.0005437888331417443
0.0,2.644287582180014e-05
0.0,-0.00038985438234868957
0.0,-0.00010194134156510281
0.0,-0.00029722825514329047
0.0,-0.0008587932747852853
0.0,9.029018802770726e-05
0.0,-0.0003812094341226315
0.0,-0.0001943624166915159
0.0,-0.00019031725009669817
0.0,-1.0170124104825205e-07
0.0,-0.00032225827932545585
0.0,-0.0005483437942359147
0.0,-0.00046948571103931365
0.0,-0.00022324310835020568
0.0,-0.0007450531198254357
0.0,-0.0006793370036833809
0.0,-0.0004161450993217645
0.0,-0.00010797821220344022
0.0,0.0003124485049570714
0.0,-0.0002595512893861062
0.0,-0.000908038371958637
0.0,-0.018477777541069856
0.0,0.000917633595141525
0.0,-0.00013760043908946545
0.0,-6.213812688654555e-05
0.0,-0.00015806770496551426
0.0,-0.00012717221729281758
0.0,-9.666607981620901e-05
0.0,-0.0002920752737674929
0.0,-0.0007659098505112094
0.0,-0.00044968510714369237
0.0,-9.392778873167372e-05
0.0,-6.922953726935834e-05
0.0,-0.00013054474515760897
0.0,-0.00010209983835145855
0.0,-0.0002791824317898811
0.0,-0.00030215265586301367
0.0,-0.0004094951355193035
0.0,-0.0004325981317858856
0.0,-0.00037292553291335415
0.0,-0.0002924839147875184
0.0,-0.0003169577683864902
0.0,-0.00020755663292803758
0.0,-0.0007389174950880324
0.0,-0.0003029545821567325
0.0,-0.00014875047715280214
0.0,0.00014228858816797655
0.0,-0.0004824600552484924
0.0,-0.0001308614563982512
0.0,-0.00013120504801703622
0.0,-0.00020441296906388286
0.0,-0.0005746235017431396
0.0,-0.0009879983584503084
0.0,-0.00013160098921171094
0.0,5.548401055575667e-05
0.0,-0.0003704309357092568
0.0,-0.00030568833317347387
0.0,-0.0005976054627466397
0.0,-0.00023179638544019722
0.0,-0.000908038371958637
0.0,-0.0002343561230431752
0.0,-0.0003129331776802592
0.0,-0.00022569685919319405
0.0,-0.00023643883645832565
0.0,-9.741440272834651e-05
0.0,-0.0006315514429240781
0.0,-0.0009211235107078579
0.0,-0.0007914186723833304
0.0,-2.77976863031553e-05
0.0,-0.0001100853535834003
0.0,-0.00030056816204743816
0.0,-0.00036512383153080425
0.0,-0.00028157640787945375
0.0,-0.00023527159975279507
0.0,-0.0005028969569419771
0.0,-0.0001643593034956941
0.0,-0.0003443329086719841
0.0,1.55872706282173e-05
0.0,-0.0005164592667860395
0.0,-0.000248289990084787
0.0,-0.00014640221841234763
0.0,-0.0005721245457840691
0.0,-0.0001838862437089818
0.0,-0.00015875094760851874
0.0,-0.0002619395995830913
0.0,-0.00018115209516160043
0.0,-0.0003086530292565882
0.0,-0.0008311048360376304
0.0,-0.0006505101307380089
0.0,-0.00041075957193017354
0.0,-0.00046465217725964297
0.0,-6.43170909056046e-05
0.0,0.00017448529183375542
0.0,0.0003400203377454727
0.0,-9.981427629835201e-05
0.0,-0.0004069831028490308
0.0,-0.0002284346724837897
0.0,-0.0003130128922551993
0.0,-0.000637147519335542
0.0,-0.00025572008766888926
0.0,-0.00013600001597006723
0.0,-0.0010471015692045894
0.0,-0.0004423658015664098
0.0,-0.00010144413103370666
0.0,-0.00035389344612125195
0.0,-0.0004894572789335415
0.0,-0.00010501718066115711
0.0,-0.0006385238913018759
0.0,-0.0007433443790332052
0.0,-0.00033305983158229193
0.0,-0.0004577020884077799
0.0,-0.0007374872634776301
0.0,-5.3491328475024705e-06
0.0,-2.8854491702169132e-05
0.0,-0.000220898682568337
0.0,-0.00028413770643599147
0.0,-0.00016478406673974656
0.0,-0.0003885069256364323
0.0,-0.0003974079958660732
0.0,-0.00011528224481206424
0.0,-0.00027358415274013787
0.0,-0.0005136652021750685
0.0,-0.0006343518659961608
0.0,5.368805435844682e-05
0.0,-1.2010986245672908e-05
0.0,-0.00015925327827928044
0.0,-0.00023327703858599933
0.0,-0.022463411668624245
0.0,-0.0004021400794516142
0.0,0.00015720894603490603
0.0,-0.00023761720003514643
0.0,-0.00029590488578465476
0.0,-0.00042386157541904785
0.0,-0.0005066136132267397
0.0,-0.00022003532454239078
0.0,-0.0008944096523888669
0.0,-8.645790290953254e-05
0.0,-0.0006315514429240781
0.0,-0.000436542810819775
0.0,-0.0003072376658371608
0.0,-0.000515158218757442
0.0,-0.0002429000521444291
0.0,-0.0002580047662579433
0.0,-0.0001348123957379209
0.0,-0.0008426756565643283
0.0,0.0001575714317708625
0.0,-0.0006574622740586443
0.0,-9.075550489350618e-05
0.0,-0.0007694201270807397
0.0,-0.0001468620126065489
0.0,-0.0064213033726041625
0.0,-0.00012878211754963143
0.0,-0.000695628845132743
0.0,-0.0002583347117958668
0.0,-0.00041425954383319207
0.0,-0.00018430144260205743
0.0,-0.00044148749304430147
0.0,-6.632158739206323e-05
0.0,-0.00013160098921171094
0.0,-0.0005573942863222444
0.0,-0.0003929581049524557
0.0,-0.0002693337979063871
0.0,-0.0196746018493842
0.0,-0.0019633358006020704
0.0,-0.0008165791742936768
0.0,-0.000642215295982316
0.0,-3.9780672413468386e-05
0.0,-0.0008540702032606211
0.0,-0.00015087423506669195
0.0,-1.5653417910219564e-05
0.0,-0.00031460176084009353
0.0,-0.000752146454820529
0.0,-0.001192938705874237
0.0,-0.0014971212034874364
0.0,-0.0005128638456092914
0.0,-0.00024064213551114563
0.0,-0.0005292097437114066
0.0,0.0001113191646218809
0.0,-0.0004526361931915238
0.0,-0.00017442939475862326
0.0,-0.00024107565811406814
0.0,-0.0001217354303460079
0.0,-0.0006987894647827517
0.0,-4.842180037314096e-05
0.0,-0.0020400116198860956
0.0,-0.0003882465581830009
0.0,3.317589621179691e-05
0.0,-0.0005689836559634353
0.0,-0.00044857879899463276
0.0,-0.0006304735952396188
0.0,-0.0006365764585894347
0.0,-0.00031240618632967683
0.0,-0.00021333501083509713
0.0,-0.0008797854506161031
0.0,-0.0001707239449541656
0.0,-0.00017037912419349578
0.0,-0.00017109068227766933
0.0,-0.0003554580982770923
0.0,-0.0019049556950104438
0.0,1.4063299905351749e-05
0.0,-0.00044162874223054727
0.0,-0.0004708929933880621
0.0,-0.0023371529878297953
0.0,-0.00038789080787705584
0.0,-0.0004159308882243582
0.0,-0.00013160098921171094
0.0,-0.0004069831028490308
0.0,-0.0001786337446698656
0.0,-0.0002022910557662384
0.0,-0.0006723141504252301
0.0,-0.00013172887274184161
0.0,-0.00038905308389623484
0.0,-0.000489800426547676
0.0,-0.00017546536382094586
0.0,-6.177829728102196e-05
0.0,2.1717054975810775e-05
0.0,-0.0005291065656693311
0.0,-0.00022294563884046764
0.0,-0.000695628845132743
0.0,-0.00033338189911763847
0.0,-0.0005722441430572657
0.0,-0.00205880861853237
0.0,-7.682855128548276e-05
0.0,-7.665139685002468e-05
0.0,-0.0008547991211103874
0.0,-0.0008728534911784639
0.0,-0.0004104105298842296
0.0,-0.0004311024948576729
0.0,-0.00015495071557443754
0.0,-0.0006216314586761636
0.0,-0.00015120837483179435
0.0,-0.0005887951394000022
0.0,3.5580592786624015e-05
0.0,-0.00024819796980146805
0.0,-0.00028396500876440284
0.0,-0.00014093268041126932
0.0,-0.00012406849342952951
0.0,-0.0002356923013160232
0.0,-0.0001364399311524873
0.0,-0.00018798500432652167
0.0,-0.00016478406673974656
0.0,-0.00026542878034705407
0.0,-7.06659385064894e-05
0.0,-0.000556598395412531
0.0,-0.0003989512029217622
0.0,-0.00027155855774169325
0.0,-0.00013369023480949447
0.0,-0.000562311509511217
0.0,-0.0008152691243497913
0.0,-0.000529569681163504
0.0,-0.00019542554935831152
0.0,-0.001268852886308931
0.0,4.230081973662328e-05
0.0,2.1717054975810775e-05
0.0,-0.0003696510845580928
0.0,-0.0002669103994737619
0.0,-0.000357499915617019
0.0,-0.0005292513530100913
0.0,-5.523260739058511e-06
0.0,-0.00014508076534015685
0.0,-0.0006639494647107293
0.0,-0.00014664548324651547
0.0,-0.00021055359272846737
0.0,-0.00011689034111130245
0.0,-0.0004199922396514676
0.0,-3.195489105738162e-05
0.0,-0.00021499128529660697
0.0,-0.00012879878073644187
0.0,-0.0006456044492414806
0.0,-0.00023107940544753636
0.0,-0.00021987964979676446
0.0,-3.583774561138764e-05
0.0,-2.170763822790478e-05
0.0,-7.682855128548276e-05
0.0,-0.0006442852449468809
0.0,-0.0004970070084628315
0.0,-0.00013657700410986908
0.0,-0.0003952819039307272
0.0,-0.001063469824943965
0.0,-0.00062004529063986
0.0,-0.0005413707012438988
0.0,-0.0008572265265493462
0.0,-0.00018882268741318478
0.0,-0.0003923700228365658
0.0,-0.0008938644231019262
0.0,-0.00031474057419177565
0.0,-0.019798447040408063
0.0,-0.00018016440841656152
0.0,-0.0002580047662579433
0.0,-0.0008766158405326682
0.0,-6.829093579392996e-05
0.0,-0.0003031758942275488
0.0,-0.0006132486404536614
0.0,-0.00023885142575828127
0.0,-0.0007013935254663687
0.0,9.419749454858964e-05
0.0,-0.00024487339904624434
0.0,-0.00034216166918689796
0.0,-0.0006975572417815254
0.0,-0.0005571766109356854
0.0,-0.000208596362604961
0.0,-0.0004480674355873906
0.0,-0.00018913954629245114
0.0,-2.863859775531392e-05
0.0,-0.0006763223493362053
0.0,-9.40872707305377e-05
0.0,-0.0005816949632128266
0.0,-1.0548002794208515e-05
0.0,-0.00020858636843325572
0.0,-0.00036837334259100734
0.0,-0.0003265523669565413
0.0,-0.00015461827337575745
0.0,-0.00025789066641849616
0.0,-7.682514428042068e-05
0.0,-0.00041147510931005603
0.0,-0.00020740859632906357
0.0,-0.00041425954383319207
0.0,-0.0001710464412036532
0.0,-0.0007557826939918305
0.0,-0.00018115209516160043
0.0,-8.988534852093764e-05
0.0,-0.0006581034280840094
0.0,1.55872706282173e-05
0.0,-0.00015439780316441816
0.0,-0.0002393235694674485
0.0,-0.0004903819332719402
0.0,-0.0009239913468539258
0.0,-0.0008523425547676216
0.0,1.0285047178779218e-05
0.0,-0.00025029608733231993
0.0,-0.0004294910855791745
0.0,-4.724988443934561e-05
0.0,-0.00028876082287621963
0.0,-0.0002801859223644803
0.0,-0.00013165228948793393
0.0,-0.0005291065656693311
0.0,-0.0007587845456582526
0.0,-0.0004118846422545009
0.0,-9.56096919319941e-05
0.0,-0.0008480364049430005
0.0,-0.0004253852471515989
0.0,-0.00010027394485716483
0.0,-0.00013309498708948683
0.0,-0.0002159273112641803
0.0,3.387664339858737e-05
0.0,-0.0008298576362817939
0.0,-0.00022586116211063874
0.0,-0.0006580169784337025
0.0,-0.0005732168515006539
0.0,-1.9030117892917534e-05
0.0,-0.00013477314284227447
0.0,-0.000264021133483995
0.0,-5.468373115022286e-05
0.0,1.5116529319588554e-05
0.0,-0.00040028415259923353
0.0,-0.00038612904410219106
0.0,-0.0003744631179587061
0.0,-0.00018248720306918975
0.0,-0.00011987365307852853
0.0,6.022532421305222e-05
0.0,-0.00023008652965508786
0.0,-0.00010388139296042978
0.0,-0.0002263945369075984
0.0,-8.092970980082463e-05
0.0,-5.173027229638795e-05
0.0,-6.185191391099926e-05
0.0,-0.0005266133919566859
0.0,-0.0013165388970123241
0.0,-0.00012231716872462397
0.0,-0.00012385197717251482
0.0,-0.00014656909243275333
0.0,-0.00057896955151046
0.0,-0.0008606427162684883
0.0,-6.553459857947115e-05
0.0,-0.0006793370036833809
0.0,-0.00046319094118113047
0.0,-0.0003273631892417624
0.0,-0.000489622337678159
0.0,-0.00012266778338684603
0.0,-0.008901506378349019
0.0,-0.0007969095654192953
0.0,-0.00022900068413212975
0.0,-0.000927049043215581
0.0,-0.00010366207088296039
0.0,-0.00012237469816113808
0.0,2.14113928935792e-05
0.0,-0.0008083835035966835
0.0,-0.00015951496426179913
0.0,-0.00034068229725363314
0.0,-0.0002114433019642877
0.0,-0.0003961997928966986
0.0,-0.00018423225952035477
0.0,-7.5474859362054885e-06
0.0,-0.00018744669158327152
0.0,-0.0002479541231227807
0.0,-0.00026867224403649904
0.0,-0.0007706673268365763
0.0,-0.00015638358842099233
0.0,-0.0004334572009289668
0.0,-0.0001644736585905025
0.0,-0.0001944857827373375
0.0,-4.910932464552755e-06
0.0,-0.0001556712607070536
0.0,-0.0010055270771331135
0.0,-0.0006439129520509816
0.0,-0.00025370516643318257
0.0,-0.0004899159907717946
0.0,-0.00033528485749323385
0.0,-0.000647141283328544
0.0,-0.0007960364579408688
0.0,-0.0003971192620164345
0.0,-0.0004545697834347885
0.0,-0.00031413011048161363
0.0,-0.0002046109213810202
0.0,-0.0006447799468093929
0.0,-7.635786435876909e-05
0.0,-0.0007445915787890418
0.0,-0.0004602306255193551
0.0,-7.873249804447623e-05
0.0,-0.0005138846714202007
0.0,-0.000563448904871683
0.0,-0.0003369894125522821
0.0,-0.0001390622591426304
0.0,0.00035356869713787354
0.0,-0.00022294563884046764
0.0,-0.0001563254321977552
0.0,-0.0003144529568256974
0.0,-0.00013567004140640004
0.0,-0.00016767845792800055
0.0,-6.952520964704218e-05
0.0,-0.0008514424710836633
0.0,-0.00047343295823609586
0.0,-0.00016707918810396732
0.0,-0.000591710448375652
0.0,-0.00021888173964774402
0.0,-0.0006362102679881297
0.0,-0.0002161266195740554
0.0,-0.0003898497028188557
0.0,-0.0002515329727058121
0.0,-0.00010603688260926702
0.0,-0.00034068229725363314
0.0,0.0010405746434075298
0.0,-0.0003154739991005454
0.0,-0.00015339582047119122
0.0,0.00022784026720096425
0.0,-0.0004734094396845351
0.0,-0.0004615042802999171
0.0,-0.00011710997482980216
0.0,-0.0005851021811323889
0.0,-0.0002121931599814474
0.0,-0.0001857425511726483
0.0,-0.00015588056519597708
0.0,-3.083632672433108e-05
0.0,-9.643819468402273e-05
0.0,-0.00023954074436862793
0.0,0.00035356869713787354
0.0,0.00016185782047631778
0.0,-0.0007025586447624506
0.0,-0.0005182161123197021
0.0,-3.531341939030305e-05
0.0,-0.00013165228948793393
0.0,-0.00021210743730362707
0.0,-0.0006450680315598051
0.0,-0.0007008836624189453
0.0,-0.00022890534021659457
0.0,0.0002067766209368905
0.0,-0.00018241218942622927
0.0,-0.00017652244024553586
0.0,-0.00031460176084009353
0.0,-0.00017309335982709515
0.0,-0.00043179102300782584
0.0,-9.94766581342781e-05
0.0,-0.0001726033009923818
0.0,-0.0009308223875088539
0.0,-0.00044084961168868104
0.0,-0.00029123058197129653
0.0,-0.0003262273696821143
0.0,-0.00011710997482980216
0.0,-0.00010505980599092957
0.0,-0.0003262273696821143
0.0,-0.0008280602735049056
0.0,-0.0003326204779849744
0.0,-0.00024479341235271625
0.0,-0.0002874835350292371
0.0,-0.00025891589861335357
0.0,9.434051470165453e-05
0.0,-0.00027430779266988313
0.0,-0.0004849023232587708
0.0,-0.00044719502491473136
0.0,-0.000415648982164442
0.0,-0.0019633358006020704
0.0,-0.0006468449665481561
0.0,-0.000909115596681814
0.0,-0.0005511962919577993
0.0,-0.0005562395294356129
0.0,-0.0003296347219637463
0.0,-0.001422934665805846
0.0,-0.0003381627265886838
0.0,-0.0011370125431075283
0.0,-0.0001741830669658
0.0,-0.0003195794423827094
0.0,-0.0005297482279585281
0.0,-0.000220550702558968
0.0,-0.0003524215118797186
0.0,-0.0002573886708287235
0.0,-0.00016070099340282357
0.0,-0.00048594546206852114
0.0,-0.0011749551697543624
0.0,-0.00023292994426524826
0.0,-0.0001537281535209224
0.0,-0.00019932547128065516
0.0,-0.00010366207088296039
0.0,-0.0004989403142304346
0.0,-0.00037241094973857586
0.0,-0.00015694877166050445
0.0,-0.0003323520028550205
0.0005000000000000001,-1.3888842631669792e-05
0.0006770833333333334,-1.3888842631669792e-05
0.0019999999999999996,-6.99414699995267e-06
0.0026400000000000004,0.0002130131477487858
0.004000000000000001,0.00014351845859240768
0.0069999999999999975,0.00021316145543101933
0.008000000000000002,0.00025220372171428073
0.008000000000000002,0.00024180415401617338
0.008399999999999998,0.0005273950113896328
0.009000000000000001,8.082033812352107e-05
0.01,0.00027542757397256676
0.01,0.00016108518299967004
0.012410256410256412,8.702838364877397e-05
0.012410256410256412,8.702838364877397e-05
0.012499999999999995,0.00025943690418803037
0.012499999999999995,-9.60140818752834e-05
0.013333333333333334,0.0003139546032781837
0.013500000000000003,0.00013243668300501777
0.015749999999999997,0.00013902105791491226
0.016666666666666666,0.00014035925215010795
0.018000000000000006,0.00015644307326304234
0.018181818181818184,0.0001607490277358465
0.018823529411764715,0.000220290517478584
0.01999999999999999,0.00040281572816657494
0.01999999999999999,0.0003223109823910021
0.01999999999999999,0.00018409143514562485
0.019999999999999993,0.00016072556196167117
0.019999999999999997,0.00035041171621994426
0.019999999999999997,0.00037937468463008947
0.019999999999999997,0.00026341966618628667
0.019999999999999997,0.00026604904439617426
0.019999999999999997,0.00035246649260814043
0.019999999999999997,0.00032191054792282263
0.02,0.0002641320820485284
0.02,0.00031542466752641963
0.02,0.000253672834737728
0.02,0.00026341966618628667
0.02,0.00031519835748289023
0.02,0.00031928440620514285
0.02,0.00038072912105243626
0.02,0.0003172855152480768
0.02127659574468085,0.00037451874135418204
0.022051282051282057,0.0003111431220366028
0.02206896551724138,0.000294077382252727
0.022068965517241385,0.00024837135446464703
0.022068965517241385,0.0002071852297851479
0.022727272727272724,0.00016859717681559335
0.024038461538461526,0.00027792467930013305
0.02403846153846155,0.00027792467930013305
0.02433333333333333,0.0004449890222496916
0.024333333333333332,0.0003309692136870362
0.024333333333333332,0.0003348289523657593
0.02433333333333334,0.0003309692136870362
0.02499999999999999,0.00040832023382168325
0.024999999999999994,0.00015198534345828955
0.024999999999999994,-9.140082074007109e-05
0.024999999999999994,0.0003436643330828988
0.024999999999999994,-9.140082074007109e-05
0.024999999999999994,9.189675034763312e-05
0.025,0.000156032262499599
0.025,0.00017115084226172506
0.025862068965517248,0.00040465065884548863
0.026143790849673207,0.0002469530575956635
0.027999999999999997,0.0001009991413423543
0.027999999999999997,0.0001013436477846314
0.028,0.0001009991413423543
0.028999999999999998,0.00040206368087526906
0.02920000000000001,0.00017789535279805562
0.02939999999999999,0.0003630765203754684
0.0294,0.0003787177847159442
0.029999999999999995,0.0002417468712521597
0.029999999999999995,0.00024057814651357856
0.029999999999999995,0.0005123444999040494
0.030000000000000002,0.0003312552428766585
0.030000000000000002,0.00038410259207270357
0.030000000000000002,0.0005082392528708669
0.030000000000000002,0.00022181403741021056
0.030000000000000002,0.0003566396296687304
0.030000000000000002,0.0003670813517049939
0.030000000000000002,0.0005123444999040494
0.030000000000000006,0.00033531031773751947
0.030000000000000006,0.00022181403741021056
0.030000000000000006,0.00028179546342967186
0.030000000000000006,0.00051050808188492
0.03000000000000001,0.0003565549472638301
0.031249999999999997,0.0003116572417659089
0.031249999999999997,0.00031296159647090804
0.031249999999999997,0.0003640593972132782
0.033333333333333326,0.00033251834964930866
0.03333333333333333,0.0004034850127527116
0.03333333333333334,0.00017275866836160672
0.0334,0.00029290713932835936
0.03999999999999998,0.00023210830673968294
0.03999999999999999,0.0003632560151200148
0.03999999999999999,0.00036260383947720473
0.03999999999999999,0.000531965661803528
0.03999999999999999,0.00036175062011100626
0.04000000000000001,0.0008976350659837131
0.04000000000000002,0.00037877085833944526
0.04200000000000001,0.0003287623315204327
0.042999999999999976,0.0003668600105253433
0.04599999999999999,0.00037457468951490694
0.046,0.0003710300107250536
0.046,0.00035443569336541793
0.046000000000000006,0.0003545098981870993
0.047999999999999994,-0.0012541664945514446
0.04999999999999998,0.00041393310986086206
0.04999999999999998,0.00044768721209805136
0.04999999999999998,0.0004332425538615437
0.04999999999999998,0.00025913113152557213
0.04999999999999998,0.0005551685965654708
0.04999999999999998,0.0003381577371969419
0.04999999999999998,0.0003624548763202281
0.049999999999999996,0.0004112840938516149
0.05,0.0004711235116360341
0.05,0.00019058383302197936
0.05,0.00033333819757490427
0.05,0.00039285454176406757
0.05,0.0003781070010325264
0.05,0.000379585222575367
0.05,0.00041393310986086206
0.05000000000000001,0.0005559728621969454
0.05000000000000001,0.0003914083696605362
0.05000000000000001,0.00034836068138578615
0.05000000000000001,0.0003677174176568797
0.05000000000000001,0.0003787693783561569
0.05000000000000001,0.0005592738435986534
0.05000000000000001,0.00041365162998291394
0.05000000000000004,0.00048356349309870825
0.05333333333333332,0.0002933528538301904
0.056000000000000036,0.00040607005161006623
0.05699999999999999,0.000597369838804791
0.05999999999999996,0.00039771812325858024
0.05999999999999996,0.0005866340814473815
0.059999999999999984,0.0004043649036859718
0.05999999999999999,0.0005098213957521535
0.05999999999999999,0.0004264952075878828
0.05999999999999999,0.0004672983343241052
0.060000000000000005,0.0004741697170466291
0.06000000000000001,0.00028627569315611725
0.06000000000000001,0.0004381362361261116
0.06000000000000001,0.000736732599902667
0.06000000000000001,0.0004442962595474898
0.06000000000000001,0.00028627569315611725
0.06000000000000002,0.0002852736743165152
0.06199999999999998,0.0004471565326522865
0.06249999999999998,0.00020961384649459565
0.0625,0.0002651020439353736
0.0625,0.000395184456146386
0.0625,0.0002107041801417625
0.0625,0.0003923775340504826
0.0625,0.00025582314777021476
0.0625,0.00025582314777021476
0.0625,0.00025884067266202356
0.06382978723404253,0.0006349079606236608
0.06400801603206414,0.0009027343124174984
0.06593406593406591,0.0005624337605316639
0.06593406593406591,0.0005653131699753923
0.06599999999999999,0.0003643840187193107
0.06666666666666662,0.00015847780115253366
0.06666666666666664,0.00018794099766052347
0.06666666666666664,0.00022338915910993126
0.06999999999999999,0.00047900444585252536
0.06999999999999999,0.0003537755193241865
0.06999999999999999,0.00039081113396884624
0.06999999999999999,0.0004224401327270218
0.06999999999999999,0.0005321232822552219
0.07111111111111111,0.000366828320648772
0.07111111111111111,0.000366828320648772
0.07200000000000001,0.00024528777335986097
0.07333333333333335,0.0002359246529204732
0.07333333333333335,0.0002359246529204732
0.07499999999999998,-0.0030590882508341154
0.07499999999999998,-0.00673977794655982
0.07499999999999998,-0.005574045704526182
0.07499999999999998,-0.0017842750072124083
0.075,-0.0014528875458408566
0.07600000000000001,0.00046562153278099184
0.0788,0.00025636090109275094
0.07999999999999997,0.00041240293263970643
0.07999999999999997,0.0004720673865550592
0.07999999999999997,0.00026760575476240906
0.07999999999999999,0.00032677217222634974
0.07999999999999999,0.000278141236067994
0.07999999999999999,0.0002318185471112233
0.07999999999999999,0.00041076495664177544
0.07999999999999999,0.0001984639241194477
0.07999999999999999,0.00028896869233157154
0.08,0.0006552821647409792
0.08,0.00028482795046431075
0.08,0.0003270472946257237
0.08,0.0003270472946257237
0.08,0.00028534527492666097
0.08,0.0002343384483930542
0.08,0.0003992208920894148
0.08,0.0006127784588059584
0.08,0.0002925108694355209
0.08,0.00034685414021188134
0.08,0.0003561400790443461
0.08000000000000002,0.0006121502556704529
0.08000000000000002,-0.000122914234177597
0.08000000000000007,0.0004824209904754133
0.08000000000000007,0.00047070007024296737
0.08299999999999998,0.0007099297762519487
0.08299999999999999,0.0009825173861574036
0.08300000000000002,0.0007451503599576114
0.08300000000000002,0.0006088670610033002
0.084,0.0003632293717152444
0.08499999999999998,0.0005665667061458607
0.08511904761904762,0.00022851613240095343
0.08999999999999996,0.000662455272814784
0.09,0.0006111138465534941
0.09,0.0008849857963163141
0.09000000000000002,0.0005335231739933775
0.09000000000000002,0.00046799803778871374
0.09000000000000002,0.0006665605198479665
0.09000000000000002,0.00048486690240091737
0.09000000000000002,0.0005337477762885097
0.0901857142857143,0.00036757133821013977
0.09266666666666669,0.0009537221009273862
0.09299999999999997,0.0007189907044022178
0.09600000000000002,0.00042115199502080504
0.098,0.0008070907835150223
0.09800000000000005,0.000782728568069415
0.09999999999999992,0.001019051766516711
0.09999999999999992,0.001019051766516711
0.09999999999999995,0.0006681577038349532
0.09999999999999999,0.001091774083807072
0.09999999999999999,0.0009160077251848276
0.09999999999999999,0.0005308499940148947
0.09999999999999999,0.0005906143225797613
0.09999999999999999,0.0005402458881265286
0.09999999999999999,0.0009615525101039449
0.09999999999999999,0.0006972283986259237
0.09999999999999999,0.0008164177187629839
0.09999999999999999,0.0006573655527862518
0.09999999999999999,0.0008666135064701623
0.09999999999999999,0.0007357717680474056
0.09999999999999999,0.0008666135064701623
0.09999999999999999,0.0005971102963485957
0.09999999999999999,0.0006640573515220868
0.09999999999999999,0.0006852823547346595
0.09999999999999999,0.0006690150459530505
0.09999999999999999,0.0009079887740054401
0.09999999999999999,0.0007410722693569213
0.09999999999999999,0.0006644143245811784
0.09999999999999999,0.0006616663907923647
0.09999999999999999,0.0011014752130911055
0.09999999999999999,0.0008902747460165169
0.09999999999999999,0.0012136552876614271
0.09999999999999999,0.000553655490753373
0.1,0.0007583143352605464
0.1,0.0007372065746421107
0.1,0.0009754994781635065
0.1,0.000774253622651682
0.1,0.000800232845936711
0.1,0.0005986117994856975
0.1,0.001148919208174091
0.1,0.001188844143601838
0.1,0.0008998288432057977
0.1,0.000529737659437502
0.1,0.0007223990201623845
0.1,0.0005972021991514473
0.1,0.0008215532827936936
0.1,0.0006406098312605915
0.1,0.0009252020376290395
0.1,0.0008317657649469588
0.1,0.0006197800773023277
0.1,0.000983174182616314
0.1,0.05043333998081408
0.1,0.0005272939221042743
0.1,0.000913386416807833
0.1,0.00045699978808476447
0.1,0.0013407489832742382
0.1,0.0009867839007729718
0.1,0.0005184516424888651
0.1,0.0007837919990758596
0.1,0.0008811069778324686
0.1,0.0006653701156006868
0.1,0.0005428209441867043
0.1,0.0012310036641778879
0.1,0.001049280700100703
0.1,0.0007353006514560382
0.1,0.0005226873953410601
0.1,0.0011760522898076012
0.1,0.0006331012905097694
0.1,0.001105247343702256
0.1,0.0006281255965757674
0.10000000000000002,0.0009398356956684242
0.10000000000000002,0.0009160005133864733
0.10000000000000002,0.0009777270609410043
0.10000000000000002,0.001174585369042389
0.10000000000000002,0.0009442136381254461
0.10000000000000002,0.0009236132815239075
0.10000000000000002,0.0005009088387234292
0.10000000000000003,0.0009419241648581421
0.10000000000000003,0.0005417220442472488
0.10000000000000005,0.0007767336836327246
0.10000000000000005,0.0005118054180185244
0.10000000000000006,0.0006676696242858613
0.10067114093959727,0.0008647230972280899
0.1006711409395973,0.0006623610372411633
0.1006711409395973,0.001056818625741413
0.1006711409395973,0.0008077652257816489
0.1006711409395973,0.0009930215178144872
0.10067114093959731,0.0006986976595376074
0.10067114093959731,0.0006521339490103882
0.10067114093959731,0.0012113926324722887
0.10067114093959731,0.000679404780080759
0.10067114093959731,0.0007207142997783213
0.10067114093959732,0.0011582194275092613
0.10067114093959732,0.0006626742667074132
0.10067114093959732,0.0007965269374787263
0.10067114093959732,0.0011262790125843754
0.10067114093959732,0.0008957909402651716
0.10129870129870125,0.0022598589755846925
0.10599999999999998,0.0007792811883537272
0.1066666666666667,0.0005832791502341008
0.10666666666666672,0.0004535010838148355
0.10999999999999997,0.001008451643172151
0.10999999999999999,0.0006439803856025065
0.10999999999999999,0.0007002081873048461
0.10999999999999999,0.0007254428100319019
0.10999999999999999,0.0004551070834659304
0.11,0.0006798936086803806
0.11,0.0005628277339209224
0.11,0.0005675006455844035
0.11,0.0007337253052017655
0.11,0.0006606953325607962
0.11,0.0004619361433575842
0.11,0.0007399793800963503
0.11,0.0007750341125959005
0.11,0.0007344182688546302
0.11,0.0005068663079330397
0.11,0.0005744001745369815
0.11,0.0007470061345880847
0.11,0.0005501372137862043
0.11000000000000004,0.0004547203954064835
0.11000000000000004,0.0005252387227970281
0.11000000000000004,0.0006909322919066595
0.11000000000000004,0.0005675006455844035
0.11000000000000004,0.0004599086996953083
0.111,0.0007173750627733628
0.11320754716981134,0.0005153204523163303
0.1142857142857143,0.001348752486341092
0.11666666666666667,0.0010480902982012417
0.11666666666666667,0.001163838238102111
0.11666666666666667,0.0010797779913644774
0.11764705882352942,0.0006069380029835115
0.11764705882352942,0.0006160524411497868
0.11764705882352942,0.0005912802684773328
0.11999999999999995,0.0007743671411503984
0.11999999999999997,0.0009442881042872721
0.12,0.0006051225925484822
0.12,0.0009676817938563916
0.12,0.0007692716671470882
0.12,0.0006379304534196894
0.12,0.0005722228793683219
0.12,0.0007734018056795422
0.12000000000000001,0.0007145817524636824
0.12000000000000001,0.0007782599824019747
0.12000000000000001,0.0008573132219212591
0.12000000000000001,0.0009038747127576038
0.12000000000000002,0.0004903111434777389
0.12000000000000004,0.0007680644010790174
0.125,0.0011725790571895838
0.13,0.0006007830781811103
0.13000000000000003,0.0007574995566219128
0.13000000000000006,0.0006787927105415465
0.133,0.0006466773990649053
0.13333333333333333,0.00043328440421958265
0.13333333333333333,0.0007209964007586626
0.13333333333333336,0.0005312274535544162
0.13399999999999998,0.0005784915736553803
0.134,0.0004781840701258904
0.13400000000000004,0.0005875453206213106
0.13400000000000004,0.0005864642777203123
0.1361285053090117,0.0008689306007239562
0.13636363636363624,0.00064182867209919
0.14,0.0007107662707798902
0.14,0.0006796108658610537
0.14,0.0007783450822417326
0.14000000000000004,0.0004839541648436812
0.14000000000000007,0.0006945114545742902
0.14000000000000007,0.0007690290806212189
0.14000000000000007,0.0005716987757365778
0.14285714285714285,0.0007925888275918246
0.14285714285714288,0.0006833715358968979
0.14999999999999994,0.0009001960870278793
0.14999999999999997,0.0008493194010367556
0.14999999999999997,0.0011144156292862521
0.14999999999999997,0.0008059636357327898
0.14999999999999997,0.0008493194010367556
0.14999999999999997,0.0008059636357327898
0.15,0.0008759994638015025
0.15,0.000865325883687848
0.15000000000000002,0.0007041760599523227
0.15000000000000002,0.0009180925488288768
0.15000000000000002,0.000717499448720643
0.15000000000000002,0.0006923476401088681
0.15000000000000002,0.0009260651487025515
0.15000000000000005,0.0006794726539723382
0.15000000000000005,0.001088721318789308
0.15000000000000005,0.0009689409130758011
0.15625,0.0006794402197046741
0.15999999999999992,0.0008638803561046515
0.15999999999999992,0.0008518489456407381
0.15999999999999992,0.0014279644174728001
0.15999999999999995,0.0007408286134371341
0.15999999999999998,0.0009468193749921066
0.15999999999999998,0.0007867690888518909
0.16,0.0008486285088506851
0.16,0.00043910151268782634
0.16,0.0006869614502117285
0.16000000000000003,0.0008631890628051252
0.16000000000000003,0.00043910151268782634
0.16000000000000006,0.0007607532193248644
0.1600000000000001,0.0007817214616244802
0.1646875,0.04662673976800646
0.16999999999999998,0.0007350847118372482
0.17,0.000596272873907975
0.17437500000000003,0.011177260558955777
0.1799999999999999,0.00041847825114893207
0.17999999999999997,0.0009825081778485362
0.17999999999999997,0.0012219870297032398
0.17999999999999997,0.0007123710178707112
0.17999999999999997,0.001113145209982776
0.17999999999999997,0.0007667498016766396
0.17999999999999997,0.000800315764179644
0.17999999999999997,0.0008693006685885204
0.17999999999999997,0.0008493178601043767
0.17999999999999997,0.0008384379073941543
0.17999999999999997,0.0007691262527796582
0.17999999999999997,0.0009048202100643289
0.17999999999999997,0.0007977030489697725
0.17999999999999997,0.0008872888812023207
0.17999999999999997,0.0006010490635096167
0.18,0.03321652106213019
0.18,0.0007841732816947149
0.18,0.001132475351347047
0.18,0.0008081437187669782
0.18,0.05152305966301867
0.18000000000000002,0.0006044363006607783
0.18000000000000002,0.0006048182588599942
0.18000000000000002,0.0007727996278741207
0.18000000000000002,0.0005995130262725609
0.18000000000000002,0.0006004745767006413
0.18000000000000005,0.0008076366769166793
0.18000000000000005,0.0007659299148684475
0.18000000000000005,0.0007399617650713167
0.18000000000000005,0.000775676080389954
0.18000000000000005,0.0007074389585364771
0.18000000000000005,0.0005616176839749766
0.18167000000000005,0.0006588092690070397
0.185,0.0006272846297947
0.18500000000000003,0.0006588092690070397
0.18999999999999997,0.0008652025072152925
0.18999999999999997,0.0006404904330094823
0.18999999999999997,0.0006649944772016109
0.19083969465648845,0.0006898048899724192
0.19230769230769226,0.0006885192811413356
0.19600000000000004,0.0008104105644788877
0.1999999999999999,0.0007288999410226756
0.1999999999999999,0.0005232558402415518
0.19999999999999993,0.0007092225659833106
0.19999999999999993,0.0009175409999522339
0.19999999999999993,0.0005961761670081115
0.19999999999999996,0.0008679934027636414
0.19999999999999996,0.0007986413398657306
0.19999999999999996,0.000839580504144476
0.19999999999999996,0.000781716381044032
0.19999999999999996,0.001364765109442741
0.19999999999999996,0.0007986413398657306
0.19999999999999996,0.000731282837704406
0.19999999999999996,0.000686516998466898
0.19999999999999998,0.0012897379056958217
0.19999999999999998,0.000735700888673791
0.19999999999999998,0.0007928014642921194
0.19999999999999998,0.0005647744654800898
0.19999999999999998,0.0008248596687331914
0.19999999999999998,0.0004827395357180662
0.19999999999999998,0.0008017293902159185
0.19999999999999998,0.0006723434625108376
0.19999999999999998,0.0006508239135853922
0.19999999999999998,0.000726995611993593
0.19999999999999998,0.0006682134993568547
0.2,0.0006838633547046698
0.2,0.0008137670598283352
0.2,0.0008523189358415917
0.2,0.0007782356349465164
0.2,0.0006842717112701002
0.2,0.0007021953823106134
0.2,0.0008946231728195116
0.2,0.0007920039214215105
0.2,0.0009762920896969944
0.2,0.0008319759307214855
0.2,0.0004489185626277762
0.2,0.00037562381814873046
0.2,0.0005546009174113356
0.2,0.0005834273791216591
0.2,0.0007524873454664483
0.2,0.0006758041442972135
0.2,0.0006760417675345122
0.2,0.0006041265905999381
0.2,0.000514295729930538
0.2,0.00048239969195301057
0.2,0.0007128739287656066
0.2,0.0008950202828699206
0.20000000000000004,0.0006541826859243235
0.20000000000000004,0.0008762882052515035
0.20000000000000004,0.0007758245024071324
0.20000000000000004,0.0005964811920674455
0.20000000000000004,-0.00010412411320523747
0.20000000000000004,0.0007413045491812515
0.20000000000000004,0.0006993061862745974
0.20000000000000004,0.0011972266653880951
0.20000000000000007,0.0005630967480516599
0.20000000000000007,0.0005401851216846441
0.20000000000000007,0.000740105319347334
0.20000000000000007,0.0012630650164032762
0.20000000000000007,0.0007406414984610643
0.20000000000000007,0.0008499103685309752
0.20000000000000007,0.0008066223668555552
0.20000000000000007,0.0006698988234550343
0.20000000000000007,0.0008157404669054763
0.20000000000000007,0.001290732898086709
0.2000000000000001,0.000448956953165478
0.2000000000000001,0.0007042087692592252
0.2000000000000001,0.00045486381315053563
0.20000000000000012,0.0007113332986053035
0.20625000000000007,0.00046175387152358547
0.20625000000000007,0.00047808263412528056
0.20999999999999994,0.0007858416740285691
0.20999999999999994,0.0007873398839848436
0.21,0.0007226374782439893
0.21000000000000002,0.0008659001620258212
0.21600000000000003,0.0013101568029950058
0.21666666666666667,0.0007391531866846183
0.2199999999999999,0.0011587855081563595
0.21999999999999995,0.00067972863011085
0.21999999999999995,0.0014124812798288642
0.21999999999999995,0.007238335286363354
0.21999999999999995,0.0007021072233102537
0.21999999999999997,0.0006797088785536356
0.22000000000000003,0.0006515852672076101
0.22000000000000003,0.0006514042879213404
0.22000000000000003,0.0007181739220495112
0.22000000000000006,0.0003887880805921108
0.22000000000000008,0.0012750040265171892
0.22000000000000014,0.0010224686618561624
0.22002200220022006,0.0006886628673683455
0.22222222222222224,0.0007609697783231518
0.22222222222222224,0.0007703395273741545
0.23199999999999985,0.0008720795893496473
0.23899999999999996,0.0006370761894761542
0.23999999999999994,0.0007907822851504767
0.23999999999999994,0.0007892242168024337
0.23999999999999996,0.0007592255563078685
0.23999999999999996,0.0007907822851504767
0.23999999999999996,0.0004815541465631548
0.23999999999999996,0.0006218255408412606
0.24,0.0007447144528397478
0.24,0.0006746394760827083
0.24000000000000005,0.0006959601319426683
0.2400000000000001,0.0007971261428688654
0.2400000000000002,0.0007908024656834603
0.24470588235294125,0.0007134624251885866
0.24599999999999989,0.0005875377164436954
0.246031746031746,0.0008217166060060793
0.246031746031746,0.0008217166060060793
0.246031746031746,0.0008003135282260194
0.24664879356568364,0.00014061477999940334
0.2499999999999999,0.0008085629955506003
0.2499999999999999,0.0008642869287586636
0.24999999999999997,0.0005414205686649022
0.24999999999999997,0.0006653201195373187
0.25,0.0005448642794022643
0.25,0.0004043483270815577
0.25,0.0009801546800965375
0.25,0.0008986651557325675
0.25,0.0008086942024643922
0.25,0.0007787161239144227
0.25,0.0008986651557325675
0.25000000000000006,0.0005342737433294624
0.25000000000000006,0.0014965444028885227
0.25000000000000006,0.0008243550738634288
0.2500000000000001,0.0008246515107009519
0.26,0.0006265065823083075
0.26000000000000006,0.000897081327294872
0.2600000000000001,0.001040778440238534
0.2666666666666665,0.0016271994010058162
0.2700000000000001,0.0008690545700352918
0.2700000000000001,0.0008690545700352918
0.2760000000000001,0.0005814656677939615
0.2766666666666667,0.0007194866126753934
0.27692307692307677,0.0009558905623833307
0.27692307692307705,0.0009525215446954782
0.2769230769230772,0.0013598047742610672
0.2799999999999999,0.0009115371823516797
0.27999999999999997,0.0009366526657977779
0.27999999999999997,0.0009366526657977779
0.27999999999999997,0.0009366526657977779
0.28,0.0007690660352651282
0.2800000000000001,0.0008737537939252101
0.2800000000000001,0.0006406558681328063
0.2819999999999999,0.0008121718691047878
0.28200000000000003,0.0007443116897945253
0.2849999999999999,0.000877904797512504
0.28500000000000003,0.0008893233833654628
0.29696969696969694,0.000657066266680429
0.29696969696969694,0.000657066266680429
0.2999999999999998,0.0005451227963030929
0.2999999999999999,0.0004553159430525287
0.2999999999999999,0.0008250544472469775
0.29999999999999993,0.0005667826500304269
0.29999999999999993,0.0008058231485207479
0.3,0.0007043148091455851
0.3,0.0012275148533923566
0.3,0.0005775898169428531
0.3,0.0012970883257397692
0.3,0.0005413100005958911
0.3,0.0005413100005958911
0.3,0.0012894974488659931
0.3,0.001014850378353484
0.3,0.0004561745083738487
0.3,0.0005833803322834389
0.3,0.0006767407816658699
0.3,0.0008643814470457824
0.3,0.0006331950995480779
0.3,0.000531508832718133
0.3,0.0010920065364195047
0.3,0.00045153180726302403
0.3,0.0005402020803664553
0.3,0.0012002973536940993
0.30000000000000004,0.0004842482292508658
0.30000000000000004,0.0010881408608913715
0.30000000000000004,0.0006898652938556463
0.30000000000000004,0.001388637912447633
0.30000000000000004,0.0008574350277141679
0.30000000000000004,0.0012076506499234295
0.30000000000000004,0.0005488345153532337
0.30000000000000004,0.0004832884372484316
0.30000000000000004,0.0004852644200051189
0.30000000000000004,0.0007664365412077264
0.30000000000000004,0.0010874621072941694
0.30000000000000004,0.0006213099963109551
0.30000000000000004,0.000527288846367237
0.30000000000000004,0.0014035786497366778
0.3000000000000001,0.00048107807032528506
0.3000000000000001,0.00037573885219179654
0.3000000000000001,0.0004684459689924065
0.3000000000000001,0.0008801746189208326
0.3000000000000001,0.00046778471795074075
0.3000000000000001,0.0006211327752932644
0.3000000000000001,0.0005483519213466209
0.3000000000000001,0.00044635987054152007
0.3000000000000001,0.0008513731951549034
0.30000000000000016,0.00048637463590140215
0.30000000000000016,0.0006196324109801071
0.30000000000000016,0.0005168593918725897
0.3099999999999999,0.0006173904705780524
0.31000000000000005,0.00097696452002273
0.31999999999999995,0.001226104746590848
0.31999999999999995,0.0011712555474156683
0.32,0.0008226923385123545
0.32000000000000006,0.0008254925647630981
0.3200000000000001,0.001172339802568072
0.325,0.001314262609579603
0.32857142857142857,0.0006047521285940984
0.3285714285714286,0.0006163227192108908
0.32999999999999996,0.0006168279386249167
0.32999999999999996,0.0005810195187066559
0.33,0.0010039784930414132
0.33,0.0007691457295809813
0.33,0.0005655109715888092
0.33,0.0005173591147234146
0.33,0.0007771731238239177
0.3333333333333332,0.0004612950934725991
0.3333333333333332,0.0005424262990553501
0.33333333333333326,0.0005564824111333111
0.33333333333333326,0.0009149406510909735
0.33333333333333326,0.0005088261514524427
0.33333333333333326,0.0009850288325891836
0.33333333333333326,0.0005847857003912284
0.33333333333333326,0.0007298678947392567
0.33333333333333337,0.000606235758326968
0.33333333333333337,0.0005955842232196332
0.33999999999999997,0.0014194409032887594
0.34800000000000003,0.00064968201191631
0.3499999999999998,0.0006481219463278477
0.3499999999999999,0.0006675146662827567
0.35,0.0008506176289066945
0.35,0.0033098463111255194
0.35,0.0032544865253342275
0.35,0.0012616779121044747
0.35,0.0017749709387220383
0.35492957746478887,0.0008060895704659777
0.35549235691432646,0.004704934400470818
0.35997120230381574,0.0006897372646408455
0.3599999999999999,0.0008044640772350199
0.36,0.0005809915066734714
0.36000000000000004,0.026841207951957255
0.36000000000000004,0.0008486257329631972
0.3600000000000001,0.04642148482289734
0.3600000000000001,0.05040591729417336
0.3600000000000001,0.043769983374120684
0.3600000000000001,0.043034566140196046
0.3617021276595744,0.0018493939812588725
0.36499999999999994,0.0007189876768067578
0.36499999999999994,0.0007189876768067578
0.36923076923076936,0.00043167921155809133
0.36923076923076936,0.00044987550601212903
0.36923076923076936,0.00043589795484296097
0.37400000000000005,0.0017393164918593062
0.3799392097264437,0.0016788686506902558
0.37999999999999984,0.0007230998672602496
0.37999999999999984,0.0007284492897307281
0.37999999999999984,0.0010630694161293751
0.37999999999999984,0.0008025802551341053
0.37999999999999984,0.0006464922353764271
0.37999999999999984,0.0006164234131282331
0.37999999999999984,0.0009525904003484518
0.37999999999999984,0.0008941719926588382
0.38500000000000006,0.0003935630632936814
0.39999999999999986,0.0004344152420404474
0.3999999999999999,0.0005979717955932225
0.39999999999999997,0.0005278488803335915
0.39999999999999997,0.00029445002047052954
0.4,0.0005530303227071666
0.4,0.00045032184590636736
0.4000000000000001,0.0005545481938728368
0.40000000000000013,0.0005810074736092182
0.4000000000000003,0.0007063642883170754
0.4000000000000003,0.000526363491805103
0.4000000000000003,0.00030502549252282315
0.4049586776859504,-0.0030937090783654986
0.40495867768595045,-0.003087804344834731
0.40909090909090906,0.0004959959655700327
0.40909090909090906,0.0002223867920589069
0.40909090909090906,0.0001973099271198425
0.40909090909090917,0.0001973099271198425
0.4199999999999999,0.0002455111169998246
0.42,-0.0005567219250802327
0.42,-0.006112579586631099
0.42000000000000004,-0.006598985658870226
0.42000000000000004,-0.0005567219250802327
0.42000000000000004,-0.0005567219250802327
0.42000000000000004,0.00018724766696000706
0.4200000000000001,-0.0005567219250802327
0.42000000000000015,0.00028188589045635037
0.43994720633523965,0.00038295164241740207
0.4399999999999999,4.7151064964807205e-05
0.44999999999999996,0.0005868236799353234
0.4500450045004503,0.00033085100923751424
0.45625000000000004,0.00043529637575431124
0.45759609517998756,0.000469622429477146
0.4599999999999999,0.0004491760664065776
0.4599999999999999,0.0004491760664065776
0.46,0.00033417310542162065
0.46497210167389963,0.000835109379934681
0.46497210167389963,0.0007826189549528183
0.46497210167389963,0.0008794466544888762
0.466,0.0006292528983520015
0.466,0.00040115018809542467
0.466,0.00036067094171546955
0.466,0.00040115018809542467
0.466,0.00159056650333063
0.466,0.0004754206618635144
0.4666666666666668,0.00039761702479367033
0.4686468646864686,0.0048670384989299405
0.47000000000000003,1.5130540522435112e-05
0.47000000000000003,0.00014289459981242552
0.47000000000000003,2.7645099214421686e-05
0.47000000000000003,9.69794904425201e-05
0.47000000000000003,3.781199385862384e-05
0.4700000000000001,5.8908224084136554e-05
0.4700000000000001,-7.673270896314135e-06
0.4700000000000001,1.145590970524271e-05
0.4700000000000001,4.708807907286346e-05
0.4700000000000001,5.29340654719137e-05
0.47000000000000025,4.6457066897096836e-05
0.47000000000000025,-0.00024168138238349454
0.4727272727272725,0.00021261515273772504
0.47272727272727255,0.00021164018094137636
0.47272727272727266,0.00021261515273772504
0.4799999999999998,0.0024135929060480777
0.47999999999999987,0.0012138846662712993
0.4799999999999999,-0.0016681458764601369
0.4799999999999999,-0.00602595462811848
0.48,-0.0014239139060628302
0.48,0.00044177652010327914
0.4800000000000001,-0.007219670676831021
0.4800000000000001,-0.008496711751159847
0.4800000000000001,-0.0010351895479108063
0.4800000000000001,-0.0003296216939643137
0.4800000000000001,-0.002863100421750629
0.4800000000000001,-0.0025116597339490156
0.48007681228996635,0.0002520973124024239
0.4854368932038836,0.0005661818246069266
0.4950495049504952,0.0017475331561706117
0.4999999999999998,0.001020560496453972
0.49999999999999983,0.0001635210241831239
0.5,0.00032150117998815494
0.5,0.000592074742244448
0.5,-4.6501506444305154e-05
0.5,0.00032168048854336166
0.5,0.00027125205284157084
0.5,0.00010001940791144519
0.5,0.00034166499877183925
0.5,0.00023393518053282678
0.5,0.00018573607835765864
0.5,0.003381840918111086
0.5000000000000001,0.00023518004138240473
0.5000000000000001,0.00026567176732178265
0.5000000000000001,0.00021861546076172247
0.5000000000000001,0.00021677530940552567
0.5000000000000001,0.00025859915550092446
0.5000000000000002,0.00016109750492629762
0.5199999999999999,0.00033512889099175685
0.5200000000000001,0.0013065519435181592
0.5200000000000001,-0.00606934122695196
0.5200000000000002,0.0009189740485531347
0.5200000000000002,0.0008961615286213633
0.5200000000000002,0.000336606882078963
0.5200000000000002,0.0008488658712189038
0.5200000000000002,0.0009511904054564789
0.5248425472358292,0.0011243779658327549
0.5248425472358292,0.0009672179030699513
0.5248425472358292,0.0011868289843161939
0.5248425472358292,0.0009325376580921298
0.525,0.001398804802645302
0.5277777777777775,0.00054407740347333
0.5277777777777777,0.00037087209370363427
0.5277777777777777,0.00054407740347333
0.5277777777777777,0.00029792734609583366
0.5277777777777777,0.00038373425036486826
0.5277777777777778,0.0003837416689875572
0.5277777777777778,0.00038040457928982134
0.5289999999999998,0.0003034994608610919
0.5289999999999999,0.0003034994608610919
0.5289999999999999,0.0003157939067235917
0.529,0.0003034994608610919
0.529,0.0003034076909628465
0.5290000000000001,0.0003157939067235917
0.5290000000000002,0.00031570213682534636
0.5333333333333332,0.0015953674383533927
0.5333333333333333,3.490602313390118e-05
0.5333333333333333,0.0015926925994692702
0.5399999999999999,0.00024808061423446507
0.5399999999999999,0.00024808061423446507
0.5399999999999999,0.00017710024681360162
0.54,0.0005601591069960913
0.54,0.00030467894398215125
0.54,-0.0019436857914205705
0.5400000000000001,-0.0024973972788132743
0.5400000000000001,-0.002061146657618864
0.5400000000000001,0.0002995296409007019
0.5400000000000003,0.00028110305969914303
0.5420054200542004,0.00043665507598247236
0.5420054200542005,0.0003969891056065748
0.5420054200542005,0.0003969891056065748
0.5420054200542005,0.00037901749171097195
0.5420054200542006,0.0003967660284456478
0.5500000000000003,0.0005385665157314397
0.5555555555555555,0.00027418326672341104
0.5559000000000001,0.0001927670833644935
0.5559000000000001,0.00011315408275897745
0.5559000000000001,0.00011315408275897745
0.5559000000000001,0.00019362405604181267
0.5599999999999998,0.00012647791989388725
0.5599999999999999,-0.0017889846216246094
0.5599999999999999,0.0004281605678451806
0.56,5.129942551184094e-05
0.56,5.129942551184094e-05
0.56,0.00017387030648940795
0.5657894736842107,0.00018157236523466477
0.5666666666666668,0.00012205717559011374
0.5699999999999998,9.007680785411575e-05
0.5714285714285714,0.00026745884175101366
0.5714285714285715,0.0006715050013837223
0.572,-2.0139750135918552e-05
0.5720000000000002,1.7173444307059089e-06
0.574712643678161,-8.889690974307004e-05
0.574712643678161,-2.3426112739323278e-05
0.577319587628866,5.912855247276672e-05
0.5773195876288661,6.245635706833962e-05
0.5799999999999997,9.798966546920109e-05
0.5799999999999998,0.0002961880713949815
0.58,-0.011496843091862375
0.58,0.0012643639009713029
0.5800000000000001,9.591846934933204e-05
0.5800000000000002,0.00011980600900217501
0.5888888888888887,0.00016054453001519367
0.5920000000000002,0.000398206598252191
0.5982324949014275,-0.0024552958215816978
0.5998800239952008,0.0037710114364688653
0.5999999999999995,-5.140103057248529e-05
0.5999999999999995,-5.140103057248529e-05
0.5999999999999996,0.0002344514608528852
0.5999999999999998,0.00044000892630772484
0.5999999999999998,-1.61180592294375e-05
0.5999999999999998,0.000676877695139249
0.5999999999999999,0.00023837875656787264
0.5999999999999999,1.224127714616596e-05
0.5999999999999999,0.0007152637834184983
0.5999999999999999,0.00029892707913450184
0.5999999999999999,0.00018758874993922276
0.5999999999999999,-0.0015886400845453222
0.5999999999999999,8.201427804318275e-05
0.5999999999999999,0.0001475670182534917
0.5999999999999999,0.0002450552469532467
0.5999999999999999,0.00017523472074611047
0.5999999999999999,0.00017980001182258992
0.5999999999999999,7.766923936993685e-05
0.5999999999999999,-0.0012783843302203305
0.5999999999999999,0.0007926466407426943
0.6,1.324201995091935e-05
0.6,8.669433703781115e-05
0.6,0.001009514362622137
0.6,0.00018826326370537997
0.6,-3.8832451022935894e-05
0.6,-0.00012699766181162742
0.6,-6.013871823648172e-05
0.6,-0.00013292380256720328
0.6,-6.013871823648172e-05
0.6,-5.864589617816267e-06
0.6,0.00014363457344729005
0.6,0.00010378275631461779
0.6,-0.00022899209638776674
0.6,0.0006251321278926897
0.6,-7.065719785769011e-05
0.6,-4.545843472713838e-05
0.6,1.655263317495795e-05
0.6,0.0005576377857768661
0.6,0.00011321978054535909
0.6,-6.013871823648172e-05
0.6,7.37817147194225e-05
0.6,-0.00013643701169189875
0.6,6.981940623637449e-05
0.6,6.981940623637449e-05
0.6,1.655263317495795e-05
0.6000000000000001,5.1415029793055936e-05
0.6000000000000001,3.475652635400231e-05
0.6000000000000001,-3.0475005398993832e-05
0.6000000000000001,-5.29889539642118e-05
0.6000000000000001,0.0003435082014621609
0.6000000000000001,-1.9630472017197772e-05
0.6000000000000001,-2.647321661520624e-05
0.6000000000000001,0.00010835523596191192
0.6000000000000001,0.00026649208740244374
0.6000000000000001,5.35553330168445e-05
0.6000000000000001,0.00015884923021802322
0.6000000000000001,0.0016919185151980825
0.6000000000000001,-3.0475005398993832e-05
0.6000000000000001,9.152247248013933e-05
0.6000000000000001,1.2587066881764002e-05
0.6000000000000001,-4.302268500004583e-05
0.6000000000000001,5.194692682170055e-06
0.6000000000000002,-1.722616326195041e-05
0.6000000000000004,8.29117389945198e-08
0.6000000000000004,-3.8832451022935894e-05
0.6006600660066006,0.03398803856376247
0.6014075495841329,0.056069440687945546
0.6263000000000001,3.840010791701523e-05
0.6268999999999999,5.715693600728746e-05
0.6269,0.00012196440649953584
0.6269000000000005,5.918305104574285e-05
0.6344000000000002,3.3806854163448625e-05
0.6344000000000004,5.970843192551437e-05
0.6399999999999999,-1.4888818515751002e-05
0.6399999999999999,5.41160875361547e-05
0.6399999999999999,0.0001562767282403361
0.6399999999999999,-1.4888818515751002e-05
0.6399999999999999,0.00021525169038867065
0.64,0.00011706314280579283
0.64,-0.00010109135140882543
0.64,0.0001146691135352639
0.64,0.0001146691135352639
0.6400000000000001,0.00017377954232987127
0.6400000000000001,0.0004134144049899735
0.6400000000000001,0.0008441064973821181
0.6484,4.312806634168148e-05
0.6500000000000001,0.00020844321091987978
0.6500000000000001,0.00020844321091987978
0.6500000000000001,3.549652269947145e-05
0.6500000000000001,-7.897642774469056e-05
0.6500000000000001,-0.001336254778495084
0.6609000000000002,-4.2670887959615684e-05
0.6609000000000002,-2.4279702684004344e-06
0.6666666666666666,-5.2595051657717865e-05
0.6666666666666667,-0.001224585589274896
0.668,0.0002005936452873027
0.6999999999999997,-5.009738643858915e-05
0.6999999999999998,-0.0001530944098858602
0.7,-6.70823046107925e-05
0.7000000000000001,-0.0001460870505989021
0.7000000000000001,-0.00019625855597235113
0.7000000000000001,-9.157583363118717e-05
0.7000000000000001,-7.131990715166302e-05
0.7000000000000001,-0.00021608149093994776
0.7000000000000001,-0.00016247765728677295
0.7000000000000001,-0.00019373874854502354
0.7000000000000001,-0.0002358594397115743
0.7000000000000001,-9.061677614556365e-05
0.7043478260869566,-0.00024202071503247346
0.7066666666666666,-2.851071141724778e-05
0.7126436781609196,-0.00020693663045398956
0.7126436781609196,-0.00020819285047715607
0.7167630057803466,-0.00025228265607457124
0.7194092827004219,-0.00021272185517028593
0.7200000000000001,-0.00031412262508375143
0.7200000000000001,-3.786709733643188e-05
0.7234042553191488,-0.00026069699177251013
0.72468085106383,-0.00016292252380510942
0.7299999999999998,-0.0003712583880280493
0.7299999999999998,-0.0003689199611175446
0.7299999999999998,-0.00037226877262056907
0.7299999999999998,-0.0004075509313126657
0.7299999999999998,-0.00036931109319992677
0.7299999999999998,-0.00037226877262056907
0.7299999999999998,-0.0003712583880280493
0.7299999999999998,-0.0004071597992302835
0.7299999999999998,-0.00037086725594566715
0.73,-9.792387098970762e-05
0.7300000000000001,-0.00021517959572162412
0.7300000000000002,-0.00012410085729461524
0.7300000000000002,-0.00013245417043838848
0.7300000000000002,-0.00037362511428708456
0.7300000000000002,-0.00037066743486644226
0.7300000000000002,-0.00012410085729461524
0.7300000000000002,-0.0003725537851914134
0.7300000000000002,-0.0003706074273096733
0.7300000000000002,-0.00040906690723922513
0.7333333333333335,-0.00021289882212988497
0.75,-5.160859388103515e-05
0.75,-4.536744392352819e-05
0.7703703703703703,-0.00022219239774747592
0.7703703703703703,-0.0003712749239564259
0.7703703703703703,-0.00022219239774747592
0.7703703703703703,-0.00022219239774747592
0.7799999999999999,-0.0003058968337801873
0.7799999999999999,-0.00030761803796844605
0.7999999999999997,-0.00024348335165107194
0.7999999999999998,-0.0002018249372566747
0.7999999999999999,-9.176850623758784e-05
0.7999999999999999,-0.0019489927593691002
0.8,-9.916063542678834e-05
0.8,-0.00033361219683131205
0.8,-0.0001221322706466264
0.8000000000000002,-2.6093409739178263e-06
0.8000000000000002,0.00010289885903696524
0.8000000000000002,7.813557804093079e-05
0.8000000000000002,5.2909994546045416e-06
0.8000000000000002,7.739280869966619e-05
0.8000000000000002,-0.00018744664525386352
0.8000000000000002,6.51726235828442e-05
0.8000000000000002,8.346140969439436e-05
0.8000000000000003,-8.877255499791706e-05
0.8000000000000003,-0.00017181192863667465
0.8000000000000004,-0.002101513517686364
0.809787234042553,-0.000355205230437289
0.8196721311475411,-0.0008289565237143854
0.8292682926829267,-0.001119809782077181
0.833333333333333,-0.002803400431496328
0.8333333333333333,-0.00031761906215555294
0.8333333333333333,-0.0001354137083232395
0.8333333333333333,-0.0003193419005042129
0.8333333333333333,-0.00029733867454195985
0.8414285714285714,3.6068663583107453e-06
0.8571428571428572,-0.002633928371791724
0.867924528301887,-0.00027683052723798433
0.8699999999999999,-0.0002552236078176513
0.8700000000000003,-0.0001860131044420537
0.8700000000000003,-0.00025560589834945825
0.8700000000000003,-0.0002109320267160676
0.8700000000000003,-0.00019985983944794265
0.8703703703703703,-0.0002690769704127963
0.8703703703703703,-0.0003245668061802033
0.88,-0.002044315230484932
0.88,-0.002044315230484932
0.88,-0.002044315230484932
0.8999999999999999,8.112990267172035e-05
0.9000000000000006,-0.0021397424392025194
0.9000161681487472,-0.00022088609625368525
0.92,-0.0007788553091093644
0.92,-0.0007788553091093644
0.9444444444444445,-0.004770756949475044
0.9444444444444445,-0.004770756949475044
0.9499999999999998,-0.00032666565363519015
0.95,-4.5689094606606135e-05
0.9596928982725529,-0.0004215500479155705
0.9677419354838711,-0.0002582481524577678
