Cs/Si,SHAP value
0.0,-0.004959177768840994
0.0,-0.0005538658597416252
0.0,-0.0006678998077287215
0.0,-0.002582647974779622
0.0,-0.002316376555030722
0.0,-0.0005812007082961869
0.0,-0.000627310655294565
0.0,-0.000571993262233746
0.0,-0.0007069232277810398
0.0,-0.0006088931246788888
0.0,-0.0011712911314771103
0.0,-0.0005636322586083187
0.0,-0.0008795125799898687
0.0,-0.0008318427031769617
0.0,-0.0007518563497532765
0.0,-0.000542754583139701
0.0,-0.001659327350378317
0.0,-0.0008146647345390127
0.0,-0.001367032831215563
0.0,-0.001354669616816296
0.0,-0.0006635796220470821
0.0,-0.0017477558153850589
0.0,-0.0004583770685761212
0.0,-0.0012598537855522242
0.0,-0.000634341997456828
0.0,-0.000741281457340673
0.0,-0.0006064670470528996
0.0,-0.0005912669725287228
0.0,-0.0004612330042550499
0.0,-0.0039406895413309564
0.0,-0.006742033913826791
0.0,-0.0006648484829922995
0.0,-0.0006152188491148058
0.0,-0.0005069340460307139
0.0,-0.007499603135474345
0.0,-0.02993640478929823
0.0,-0.008152108253120098
0.0,-0.0032964585503566565
0.0,-0.0006419392105059821
0.0,-0.0005738369707198632
0.0,-0.0007071046301611968
0.0,-0.0026901398609080088
0.0,-0.0011419044386586153
0.0,-0.0012820571781046609
0.0,-0.000620095688805632
0.0,-0.0007771386693755934
0.0,-0.0009455727534182823
0.0,-0.0006474571919259954
0.0,-0.00045770213050606005
0.0,-0.0006364491995374525
0.0,-0.00109723727038857
0.0,-0.000668782153032929
0.0,-0.0015299335645683441
0.0,-0.0036649003651679593
0.0,-0.0006704938132458834
0.0,-0.0009005545209129558
0.0,-0.0006548118880464247
0.0,-0.0006671157847532573
0.0,-0.0017013858756657566
0.0,-0.00048815750923826963
0.0,-0.001292579152229065
0.0,-0.005616187821546583
0.0,-0.0013425956645387
0.0,-0.0007153896484687914
0.0,-0.0008864855684003263
0.0,-0.0006769346224394222
0.0,-0.0005970582343263939
0.0,-0.0006010104628504847
0.0,-0.0018745908934463106
0.0,-0.000527446704543825
0.0,-0.0006493157059503269
0.0,-0.000690411117842335
0.0,-0.00036691971925734536
0.0,-0.0005811769696216097
0.0,-0.004180960177900007
0.0,-0.001138195096083284
0.0,-0.000966256724976676
0.0,-0.0009043371761562874
0.0,-0.0005756435674677214
0.0,-0.0004947215071036991
0.0,-0.0006297494049630165
0.0,-0.0008349907242898553
0.0,-0.0010644481217114386
0.0,-0.0005483670966351479
0.0,-0.0009724189712864243
0.0,-0.0006618354052462971
0.0,-0.0006092754826513328
0.0,-0.0006518940401564462
0.0,-0.0008718281600096399
0.0,-0.0010484557524826866
0.0,-0.001177047289034607
0.0,-0.0006689962567287908
0.0,-0.0005006410593735215
0.0,-0.000677837423112816
0.0,-0.0007461583647947059
0.0,-0.0004716085114280723
0.0,-0.0013395637475765703
0.0,-0.0007333167779802758
0.0,-0.0008197122446436186
0.0,-0.0008443467859655461
0.0,-0.0004741368250519444
0.0,-0.0023161584949604143
0.0,-0.0008635904579891577
0.0,-0.0006161530822863777
0.0,-0.002889312426284476
0.0,-0.0006277178175684206
0.0,-0.0006649848440419238
0.0,-0.0006496888017074705
0.0,-0.000853879177200429
0.0,-0.0005670919028040525
0.0,-0.0005042819546189755
0.0,-0.0008981113094163416
0.0,-0.0006204808371921684
0.0,-0.0006205071560376194
0.0,-0.0006346080090354815
0.0,-0.0008332642453139779
0.0,-0.0009477353416341877
0.0,-0.000743368640087275
0.0,-0.0008343386395068993
0.0,-0.0005768142590310905
0.0,-0.003300666605713604
0.0,-0.0007556962401462613
0.0,-0.0006526372892570089
0.0,-0.00641030847707979
0.0,-0.0008224822109740875
0.0,-0.0004778156166227444
0.0,-0.001992994644856517
0.0,-0.0005461457823897634
0.0,-0.0005953585946711317
0.0,-0.0007373227682148445
0.0,-0.0004887554185047749
0.0,-0.0006164134005012019
0.0,-0.0006092934476469547
0.0,-0.0006158190450127317
0.0,-0.0006565949915047008
0.0,-0.0009262876500516744
0.0,-0.0012881911540044448
0.0,-0.0025819340587553536
0.0,-0.0004894528109559593
0.0,-0.0009619808165371716
0.0,-0.0007784566973713551
0.0,-0.0008980795665344003
0.0,-0.0009175393304699865
0.0,-0.0006566402659063413
0.0,-0.0008442202117316795
0.0,-0.0007081647601408338
0.0,-0.0009318630984131066
0.0,-0.0006077156062012282
0.0,-0.0006389938840692222
0.0,-0.0008894771040421158
0.0,-0.0024301426939432407
0.0,-0.0013156708652815815
0.0,-0.0012537962667085025
0.0,-0.0015720171331163107
0.0,-0.0006061518076139825
0.0,-0.0007430812599347848
0.0,-0.0006120986324517087
0.0,-0.0010442403669237998
0.0,-0.0005896880771925763
0.0,-0.0005527300744126163
0.0,-0.014558263041270966
0.0,-0.0006710046534794326
0.0,-0.010158002578419149
0.0,-0.00046259817807987007
0.0,-0.00038748847536910493
0.0,-0.0011158645819765354
0.0,-0.0006847690629145983
0.0,-0.0004776853138901936
0.0,-0.0004390046481701433
0.0,-0.0009994853656594338
0.0,-0.0006172742767492338
0.0,-0.0005040579841592588
0.0,-0.0029302688288613626
0.0,-0.000637047835050953
0.0,-0.0006193237712935697
0.0,-0.0008738108266836725
0.0,-0.0012670117163028805
0.0,-0.0012980654673761308
0.0,-0.0007561854192508239
0.0,-0.0035093361636394163
0.0,-0.0006778970288522269
0.0,-0.0009545352008627946
0.0,-0.0009852684995419407
0.0,-0.0006760870166013865
0.0,-0.0007858946759435545
0.0,-0.0018369253779155076
0.0,-0.0015209310013614822
0.0,-0.000622959017294309
0.0,-0.0010282595661772194
0.0,-0.0007102558623044539
0.0,-0.001961229206288026
0.0,-0.0006834743269232395
0.0,-0.006381790232090432
0.0,-0.0006328100963957325
0.0,-0.00064117066747235
0.0,-0.0006794007551773312
0.0,-0.005920235449207748
0.0,-0.0005222540854089274
0.0,-0.0008762795771533689
0.0,-0.0006441468164731386
0.0,-0.0007820697044351885
0.0,-0.0005556378858536931
0.0,-0.002995774168145302
0.0,-0.0006615127844538558
0.0,-0.0005385139488406464
0.0,-0.0006896138523204299
0.0,-0.0008990708912588294
0.0,-0.001118765161364858
0.0,-0.0005814109963773882
0.0,-0.0011138905807337954
0.0,-0.0006712077927404339
0.0,-0.00146282924821908
0.0,-0.0006873542039319222
0.0,-0.0020756414315076933
0.0,-0.00047249127016409445
0.0,-0.0006853240334030334
0.0,-0.0006120445074765725
0.0,-0.000961567057507949
0.0,-0.0006948787615090048
0.0,-0.0006433512212818618
0.0,-0.0006637351844583077
0.0,-0.0005048656202916748
0.0,-0.00038362131568763104
0.0,-0.0006997161072163841
0.0,-0.0005398965652436047
0.0,-0.0006568236757149697
0.0,-0.00196187239156105
0.0,-0.001288000188733106
0.0,-0.0007219900776455602
0.0,-0.0022481555853477364
0.0,-0.0006685026979317131
0.0,-0.0006356330462804284
0.0,-0.002164231068224017
0.0,-0.0005573504226708965
0.0,-0.0006494100144548957
0.0,-0.0006043628594003748
0.0,-0.0006460219213706453
0.0,-0.0011098820002071947
0.0,-0.0006446234871281045
0.0,-0.0005571817708481528
0.0,-0.0011159417152270706
0.0,-0.0005194368147325258
0.0,-0.0005924050237105215
0.0,-0.0004870197338782375
0.0,-0.017863656957156693
0.0,-0.0005949338044637345
0.0,-0.0013048967930826083
0.0,-0.0008767074668784846
0.0,-0.0024701123097992032
0.0,-0.0007521040946486459
0.0,-0.0005544117834685224
0.0,-0.0005672197224847983
0.0,-0.0005570346799178039
0.0,-0.0030918641811597362
0.0,-0.0006433818654478725
0.0,-0.0008209540420128785
0.0,-0.0008980082015208614
0.0,-0.0004824886463208845
0.0,-0.0007831939091410455
0.0,-0.0006178391939479558
0.0,-0.0007680504635229228
0.0,-0.0007980533243921422
0.0,-0.0013645909235576823
0.0,-0.0005684276490159406
0.0,-0.0005439140982343597
0.0,-0.0011344601649040807
0.0,-0.0013111445262041675
0.0,-0.0006026740460390974
0.0,-0.0004674528008192522
0.0,-0.002639265206918349
0.0,-0.0005812497573156254
0.0,-0.00042951951574148403
0.0,-0.0004698751043279118
0.0,-0.0006196539965158635
0.0,-0.0006598860605051952
0.0,-0.0006584748384014636
0.0,-0.0005691394784563138
0.0,-0.0007038226861460006
0.0,-0.000693001692004961
0.0,-0.0009905651658767378
0.0,-0.0005354571058614862
0.0,-0.0008815822589696721
0.0,-0.0009355640619779503
0.0,-0.0005952668730375468
0.0,-0.0005546057876219098
0.0,-0.0005470326778805922
0.0,-0.0009421181187860203
0.0,-0.012228547387345875
0.0,-0.0007628995851491787
0.0,-0.0007480769031577987
0.0,-0.0013699286052395248
0.0,-0.0006480235519874662
0.0,-0.0010521212513894009
0.0,-0.0005311877245052337
0.0,-0.0005931343964724525
0.0,-0.0011654490425552
0.0,-0.000571993262233746
0.0,-0.0029788211447131013
0.0,-0.0010603581583888643
0.0,-0.0010442050778056804
0.0,-0.0026212641620890487
0.0,-0.0019754151180235175
0.0,-0.0007704002746321611
0.0,-0.0006361982493109539
0.0,-0.009938107400878632
0.0,-0.0006017834048471965
0.0,-0.0004981556515329472
0.0,-0.0021573444543027146
0.0,-0.0008142380259815146
0.0,-0.0006802767455649707
0.0,-0.0015476737020093333
0.0,-0.0032262857864110246
0.0,-0.0006617342805861042
0.0,-0.0006200036632019164
0.0,-0.0005276520812159625
0.0,-0.001429932768653292
0.0,-0.00043170663475397753
0.0,-0.0005947752775333638
0.0,-0.006381790232090432
0.0,-0.0006477789779538126
0.0,-0.0008840233590206863
0.0,-0.0026058700111807674
0.0,-0.0005058008651759625
0.0,-0.0006539688485418334
0.0,-0.0006453337387647156
0.0,-0.0005834732159168734
0.0,-0.0005623298536861716
0.0,-0.000982800467883911
0.0,-0.001072904040966205
0.0,-0.0004945883818783442
0.0,-0.0010073620406024105
0.0,-0.0007583281693275771
0.0,-0.0005333111100385855
0.0,-0.0005713380117611451
0.0,-0.0016207079537388096
0.0,-0.0005440990450661416
0.0,-0.0009695010190005432
0.0,-0.0007665001253252542
0.0,-0.0005590301440034232
0.0,-0.0010972870566048109
0.0,-0.004917312139983616
0.0,-0.0006316218745918246
0.0,-0.000571993262233746
0.0,-0.0008446039274037244
0.0,-0.0004481107857789863
0.0,-0.0006627571216618187
0.0,-0.0004776853138901936
0.0,-0.0007530234876756643
0.0,-0.0005432620044947763
0.0,-0.0005998760414894336
0.0,-0.0009418099940418339
0.0,-0.0004405871161929174
0.0,-0.0014727738098824952
0.0,-0.0008060655196294261
0.0,-0.0015681326240899005
0.0,-0.0005019704883275654
0.0,-0.0008886889665813929
0.0,-0.002623706834908819
0.0,-0.0007527307780365301
0.0,-0.000906173366555546
0.0,-0.0004612330042550499
0.0,-0.0009539478425720226
0.0,-0.0011093557784909226
0.0,-0.0007637237825176585
0.0,-0.000778499273360937
0.0,-0.0006632348192909036
0.0,-0.0012297200244875306
0.0,-0.0006947315896306762
0.0,-0.00101521064312137
0.0,-0.004179757715350418
0.0,-0.0006609558162451544
0.0,-0.0006113262805696184
0.0,-0.00043573451608780965
0.0,-0.0006411699849881241
0.0,-0.0005546151000927548
0.0,-0.0006552377356800312
0.0,-0.0008164811686505962
0.0,-0.0005555442444701249
0.0,-0.0003702041147923912
0.0,-0.001861930765583335
0.0,-0.013256848912341733
0.0,-0.0004211988920343497
0.0,-0.0005816855400728742
0.0,-0.0006200469933462583
0.0,-0.0008203030293900424
0.0,-0.0005411490815254952
0.0,-0.0006857320109938603
0.0,-0.0006035098185746313
0.0,-0.0008529109347347844
0.0,-0.0006399661184593322
0.0,-0.000663533608033746
0.0,-0.0007237332603114886
0.0,-0.0013235378270120648
0.0,-0.0007094884433978189
0.0,-0.00048580126620180567
0.0,-0.0007277251038688515
0.0,-0.0008122401097163212
0.0,-0.000979829057804244
0.0,-0.0005624527154487927
0.0,-0.0008519484844020999
0.0,-0.0029489417893128382
0.0,-0.000766433746812394
0.0,-0.0006596988636667878
0.0,-0.0009787266649365456
0.0,-0.0006215527223080369
0.0,-0.002579145313024788
0.0,-0.0005715377785006612
0.0,-0.0006697309060636462
0.0,-0.00149001636229551
0.0,-0.0006193349118836389
0.0,-0.0013890815056354464
0.0,-0.0007559866644526853
0.0,-0.0004924199598783358
0.0,-0.000977253760472426
0.0,-0.0012104675217349428
0.0,-0.0006863324851544667
0.0,-0.0025676413603239103
0.0,-0.0009510585348572756
0.0,-0.00109871269891771
0.0,-0.0008644037572197538
0.0,-0.001118765161364858
0.0,-0.0014410606970182308
0.0,-0.0006092621768088495
0.0,-0.00055052339568077
0.0,-0.0008259979613407938
0.0,-0.0006339229118688689
0.0,-0.0006093773635740236
0.0,-0.0005521554616324346
0.0,-0.0005965661432483071
0.0,-0.0005551816955521561
0.0,-0.0004351340384175859
0.0,-0.0005395251940185497
0.0,-0.0007820247612496063
0.0,-0.001234774117681913
0.0,-0.012274540033155869
0.0,-0.0009230322030777479
0.0,-0.0005440990450661416
0.0,-0.00187365396381164
0.0,-0.0010413670973561154
0.0,-0.000800431057516444
0.0,-0.0009290009863307269
0.0,-0.0006502270486614295
0.0,-0.0006159230256943411
0.0,-0.0009576635125620315
0.0,-0.000627439699142173
0.0,-0.000934612848860242
0.0,-0.00043682642560728907
0.0,-0.012710192932600794
0.0,-0.0012583993022374116
0.0,-0.0010533847065738308
0.0,-0.0005696252509777612
0.0,-0.0005647614273281461
0.0,-0.0005620419382955602
0.0,-0.001107985696109802
0.0,-0.0006247395013114889
0.0,-0.000640701193037836
0.0,-0.0006417757809493703
0.0,-0.0007971729298580541
0.0,-0.0006021907968122793
0.0,-0.0009216539779350317
0.0,-0.0006651892200426856
0.0,-0.0007147294803064447
0.0,-0.0024960065364698523
0.0,-0.0007280599911074131
0.0,-0.0008490670669293839
0.0,-0.0008145345101487695
0.0,-0.00196187239156105
0.0,-0.0011358506542385185
0.0,-0.0006012037838383885
0.0,-0.0029400475924666347
0.0,-0.002948624832414069
0.0,-0.0021220263778808056
0.0,-0.0007518563497532765
0.0,-0.0007675943963236777
0.0,-0.000629915866589624
0.0,-0.007258395692714233
0.0,-0.0007755174968073129
0.0,-0.0020476264577738257
0.0,-0.0006311828504170347
0.0,-0.000597976311318443
0.0,-0.0020177090596665333
0.0,-0.0005926699531248287
0.0,-0.0005310967672172882
0.0,-0.0006479868809802603
0.0,-0.0005002667553453728
0.0,-0.000737665632913474
0.0,-0.0006490979675097254
0.0,-0.0013174820622208453
0.0,-0.0009861166506415708
0.0,-0.0007078438124209817
0.0,-0.0005188715592485873
0.0,-0.0006621070276431999
0.0,-0.0005990194234240096
0.0,-0.0009322284359152842
0.0,-0.0005962792225766904
0.0,-0.0005600103798529348
0.0,-0.0007186501311189764
0.0,-0.001302395409851921
0.0,-0.005146994286334428
0.0,-0.0005341352667313404
0.0,-0.0005684922300612401
0.0,-0.000695371064996737
0.0,-0.001957375048437995
0.0,-0.0012059663740787447
0.0,-0.0005959280422317847
0.0,-0.0010597388863835319
0.0,-0.0012613247104640382
0.0,-0.0007401590024494416
0.0,-0.0006928903794177551
0.0,-0.0008902178602816777
0.0,-0.0005544117834685224
0.0,-0.000477232781221193
0.0,-0.0006910573929689211
0.0,-0.0006050812483714478
0.0,-0.001273007585248981
0.0,-0.000834592826624702
0.0,-0.0008760289073538582
0.0,-0.0007218243748019865
0.0,-0.00054698663532133
0.0,-0.0006697309060636463
0.0,-0.0007249779495285188
0.0,-0.0006200469933462583
0.0,-0.001675994688462482
0.0,-0.0007141219570198476
0.0,-0.001151338024482904
0.0,-0.0010257497397934703
0.0,-0.0009041454132827569
0.0,-0.001292167968345266
0.0,-0.0013894619270936014
0.0,-0.0010559712081790113
0.0,-0.0005633349930077367
0.0,-0.0006729970017888344
0.0,-0.000650659653029792
0.0,-0.0009434629477439445
0.0,-0.000993328550716069
0.0,-0.0005847893103543544
0.0,-0.002846993158600132
0.0,-0.0008398016294344289
0.0,-0.0005893356310583846
0.0,-0.0007652885023495642
0.0,-0.0005902330809840336
0.0,-0.0005746402065870147
0.0,-0.0009434977009713277
0.0,-0.00046886429969876894
0.0,-0.0005393105974029181
0.0,-0.0006532340183923339
0.0,-0.0005947792896922818
0.0,-0.006834482832399828
0.0,-0.011360466891544588
0.0,-0.0009784480652417083
0.0,-0.0024309313541506904
0.0,-0.0006159644395861389
0.0,-0.0005705187224600761
0.0,-0.0006901211206979276
0.0,-0.0009718192133802311
0.0,-0.0007571566708390734
0.0,-0.004184925097873786
0.0,-0.00105567204149334
0.0,-0.0008332642453139779
0.0,-0.0006714702176702771
0.0,-0.0009969038061308625
0.0,-0.000506640631357392
0.0,-0.0011777772716523504
0.0,-0.0013190912074512633
0.0,-0.0007443201905073673
0.0,-0.0004455961341147365
0.0,-0.0006557145412623566
0.0,-0.007220757580049719
0.0,-0.0006782090561032055
0.0,-0.000939036461503862
0.0,-0.0006436504466763517
0.0,-0.000592197341590694
0.0,-0.0005003846364866178
0.0,-0.0005363199690107457
0.0,-0.0005677304390932054
0.0,-0.0013308289493422062
0.0,-0.00047940716050851463
0.0,-0.001063547051395709
0.0,-0.002746940581107447
0.0,-0.0012073935255375093
0.0,-0.001033400264050606
0.0,-0.0004808178111948831
0.0,-0.0004795187290657342
0.0,-0.0006806073712143385
0.0,-0.0015978854180085393
0.0,-0.0008677952489597378
0.0,-0.000893179937442935
0.0,-0.0013412439039666164
0.0,-0.0018436985484503192
0.0,-0.0005976935304712175
0.0,-0.0013049915786430093
0.0,-0.0034786911574028016
0.0,-0.0006118054525855731
0.0,-0.001031841687368316
0.0,-0.0010519914762078132
0.0,-0.0008955795134125374
0.0,-0.0015114031134874904
0.0,-0.0007655793820768945
0.0,-0.0016650210547753362
0.0,-0.00047239613558921855
0.0,-0.0005752959571053628
0.0,-0.0005654865859255976
0.0,-0.0005429403764324059
0.0,-0.0006100465800815743
0.0,-0.0005704098652656842
0.0,-0.000650963792600614
0.0,-0.0007001281448296935
0.0,-0.0006559958503236223
0.0,-0.0006797171694327054
0.0,-0.0014102410935870715
0.0,-0.0005642075391781055
0.0,-0.0005600827246644746
0.0,-0.001961540041122012
0.0,-0.003976664842364575
0.0,-0.0006077879354202157
0.0,-0.0005368593811689893
0.0,-0.00048817678536083035
0.0,-0.0006684302753777452
0.0,-0.0007291659783660853
0.0,-0.000578752938974341
0.0,-0.0007558626143343008
0.0,-0.0007275595137041739
0.0,-0.0008680413738157117
0.0,-0.0004933327946387149
0.0,-0.0007023957482688588
0.0,-0.0006714870336682888
0.0,-0.0008383315216819203
0.0,-0.0013516245328056065
0.0,-0.0015125574386353415
0.0,-0.0008290770023784966
0.0,-0.0008676811491202909
0.0,-0.00064064612939423
0.0,-0.0005684276490159406
0.0,-0.0014030826020922241
0.0,-0.0005623209227710585
0.0,-0.0006185887664426881
0.0,-0.0007559532529952988
0.0,-0.0005957071565974699
0.0,-0.0006680308377832117
0.0,-0.001478045141069744
0.0,-0.0007586297425310056
0.0,-0.0006708768267746931
0.0,-0.0011824305619165972
0.0,-0.0006555365740045797
0.0,-0.00042112134713356044
0.0,-0.0005945864338585187
0.0,-0.01823882912284212
0.0,-0.0011644156143460318
0.0,-0.000640701193037836
0.0,-0.005992344372747875
0.0,-0.0009203955591559664
0.0,-0.0006035098185746313
0.0,-0.0012646421352876238
0.0,-0.0012695336498216034
0.0,-0.0005704826529597
0.0,-0.001423652956846924
0.0,-0.003514226560002619
0.0,-0.0004698751043279118
0.0,-0.0009353265832802548
0.0,-0.0006267808872105801
0.0,-0.0006476385447844548
0.0,-0.000878375220186813
0.0,-0.0005962258260827899
0.0,-0.0005439140982343597
0.0,-0.0004738125462611788
0.0,-0.0005794827362223562
0.0,-0.0007286297457931135
0.0,-0.0005438628027077379
0.0,-0.002839221541229525
0.0,-0.0005209635755596012
0.0,-0.0006566924998149694
0.0,-0.000579118706217878
0.0,-0.008161165182279646
0.0,-0.0008283257398384185
0.0,-0.0007381444020215511
0.0,-0.0015993870877255975
0.0,-0.0005973623241619501
0.0,-0.000658568822364564
0.0,-0.0008140541252049311
0.0,-0.001064767517720828
0.0,-0.0005363199690107457
0.0,-0.001052370236579886
0.0,-0.0007022965686365284
0.0,-0.0008332642453139779
0.0,-0.0008282377689625602
0.0,-0.0008251318721243421
0.0,-0.0028345282130722805
0.0,-0.0008807266907743941
0.0,-0.0005156232401141938
0.0,-0.0008136835190275039
0.0,-0.001125880407657809
0.0,-0.015040594238321667
0.0,-0.0005153277528506687
0.0,-0.0008003725033585373
0.0,-0.005165821191609378
0.0,-0.0006853240334030334
0.0,-0.0009195063684084446
0.0,-0.0008209686219497192
0.0,-0.0011705668274819545
0.0,-0.0006685755488535809
0.0,-0.0011426058345253422
0.0,-0.0005654181259567186
0.0,-0.0025660400490876596
0.0,-0.0006562828563368639
0.0,-0.0033899097934336373
0.0,-0.000529178650919441
0.0,-0.0010115686076229411
0.0,-0.000554834664321266
0.0,-0.016316514030245633
0.0,-0.0005925517031309964
0.0,-0.0006724894562023173
0.0,-0.0004776853138901936
0.0,-0.0010313079042617755
0.0,-0.000726416017702883
0.0,-0.0006220919013176398
0.0,-0.0006257788887179393
0.0,-0.0011416176523056812
0.0,-0.000765362413002305
0.0,-0.0010440685275345265
0.0,-0.0024957586737100737
0.0,-0.0010223362225192081
0.0,-0.0005287327998511484
0.0,-0.0008336953006769112
0.0,-0.0005236900899574233
0.0,-0.0005192301591172132
0.0,-0.0007853796464780257
0.0,-0.0005676324981509389
0.0,-0.0014552122334908363
0.0,-0.001036555520042141
0.0,-0.0007734844364047274
0.0,-0.013237985273246612
0.0,-0.000598076010240899
0.0,-0.0006442858287339208
0.0,-0.0005452252984237424
0.0,-0.0010603581583888643
0.0,-0.0006010374704835192
0.0,-0.0007173380156352602
0.0,-0.0005117498694894476
0.0,-0.0007611389093593462
0.0,-0.0007975888499112252
0.0,-0.0007035105592045664
0.0,-0.0006909519472021944
0.0,-0.00043721709601462144
0.0,-0.0005757909435188436
0.0,-0.0006731438475575642
0.0,-0.0012703984979437577
0.0,-0.0006433179513130898
0.0,-0.0007700660408790393
0.0,-0.0008908680764008181
0.0,-0.0004949772513671664
0.0,-0.002924116799875856
0.0,-0.00335672206163126
0.0,-0.000674362894578397
0.0,-0.0008727859221465174
0.0,-0.0005330616397541888
0.0,-0.0012703984979437577
0.0,-0.0005252933303605845
0.0,-0.0005842507794933016
0.0,-0.000670072631138408
0.0,-0.000717356714822135
0.0,-0.0010333987995187579
0.0,-0.0008770857028471735
0.0,-0.0007185777006949416
0.0,-0.0012998206221407945
0.0,-0.0009757505996762318
0.0,-0.0005019705241951774
0.0,-0.00044835266430350544
0.0,-0.0004211786337518394
0.0,-0.001362475388019115
0.0,-0.0004494779215510928
0.0,-0.0006889144011309155
0.0,-0.0007476825214320015
0.0,-0.0005096508090463776
0.0,-0.0007306463440613957
0.0,-0.01237793610924917
0.0,-0.000600866327266914
0.0,-0.0006564626880398297
0.0,-0.0009843072334722233
0.0,-0.0009492340738322604
0.0,-0.0006641031636831228
0.0,-0.000698119724144492
0.0,-0.001000553814249417
0.0,-0.0005449761269180499
0.0,-0.0016909078291191103
0.0,-0.0015927469282825428
0.0,-0.0004741368250519444
0.0,-0.0006171423695608484
0.0,-0.0006852928094715829
0.0,-0.0008635904579891577
0.0,-0.005300454925882543
0.0,-0.00042874557814960264
0.0,-0.0013020453169058535
0.0,-0.011664898550471281
0.0,-0.0006447848936692765
0.0,-0.0006156589504945578
0.0,-0.008263898967824042
0.0,-0.0009462066007586526
0.0,-0.0005368851038557112
0.0,-0.0007143737232229539
0.0,-0.002060279554539352
0.0,-0.00146282924821908
0.0,-0.000954528798516711
0.0,-0.003189540295870763
0.0,-0.0008398247642526715
0.0,-0.0006535471107951578
0.0,-0.0012762256283569283
0.0,-0.0009412686247078656
0.0,-0.0011740129535823902
0.0,-0.0007657301477605598
0.0,-0.001611748166460597
0.0,-0.000600534061118698
0.0,-0.0008814821993747583
0.0,-0.0010564091288085482
0.0,-0.001315213815730435
0.0,-0.0009686214977164863
0.0,-0.0007227220328050929
0.0,-0.0009171745800904827
0.0,-0.0006141243810012908
0.0,-0.0004402431677900758
0.0,-0.0010041789725257616
0.0,-0.0009009115333778964
0.0,-0.0005383695235013178
0.0,-0.0008588316344763905
0.0,-0.0021272206334188633
0.0,-0.0037073463058284297
0.0,-0.0005636322586083187
0.0,-0.00089887473745105
0.0,-0.0004632852223000589
0.0,-0.0006641463215124682
0.0,-0.0005785797225660248
0.0,-0.0006186649469414717
0.0,-0.0006626658375262432
0.0,-0.0005832859923484404
0.0,-0.0007613914845596967
0.0,-0.0005740103218372533
0.0,-0.0007422014273746791
0.0,-0.0009412660465282047
0.0,-0.00212700010744635
0.0,-0.0006393189060232856
0.0,-0.0005332976395748321
0.0,-0.0007324337742519852
0.0,-0.0005820330621545028
0.0,-0.0014155626242932948
0.0,-0.0008010684196872219
0.0,-0.0006754406745122203
0.0,-0.0005854811473877205
0.0,-0.0008481317935295986
0.0,-0.0004833494750898585
0.0,-0.0046427202181989
0.0,-0.0005589568537114033
0.0,-0.0005851698906189905
0.0,-0.01257267996621719
0.0,-0.0005604271386807722
0.0,-0.0008541414780165856
0.0,-0.0005962792225766904
0.0,-0.00046301162614782184
0.0,-0.00040420306650035986
0.0,-0.0010460411063501335
0.0,-0.0008234200480474809
0.0,-0.0005209147000427863
0.0,-0.000640439141072865
0.0,-0.0006257788887179393
0.0,-0.0006544144389805623
0.0,-0.00048049212700737945
0.0,-0.0007140008921800674
0.0,-0.0008003725033585373
0.0,-0.0005902327003915134
0.0,-0.0005851698906189905
0.0,-0.009579264454696071
0.0,-0.000501478893102524
0.0,-0.0008735440373147594
0.0,-0.0007574483019741872
0.0,-0.002839221541229525
0.0,-0.0006450820856065972
0.0,-0.0014297817407115684
0.0,-0.0005940391960218498
0.0,-0.00047186652951314745
0.0,-0.0007067153879613651
0.0,-0.0006482126839557251
0.0,-0.0008956222746088665
0.0,-0.0007346824194678243
0.0,-0.0006001962999285092
0.0,-0.0013803591472754365
0.0,-0.000733088087889181
0.0,-0.0009117565391971202
0.0,-0.0006198918125653507
0.0,-0.00135071287279127
0.0,-0.0014082977716965497
0.0,-0.0007098076535831792
0.0,-0.0011485724859007366
0.0,-0.0006493440585984037
0.0,-0.0006705765749188183
0.0,-0.0005565662498177341
0.0,-0.0005956600696350547
0.0,-0.0005977800189415708
0.0,-0.000718339861625928
0.0,-0.0004152537618066101
0.0,-0.0006869601770109158
0.0,-0.0007195549904813243
0.0,-0.0005236503954122144
0.0,-0.0011311052039896191
0.0,-0.0005817444651667139
0.0,-0.0006032450233251237
0.0,-0.0006694024847988108
0.0,-0.0011386900601783043
0.0,-0.0006200469933462583
0.0,-0.0008197166035082312
0.0,-0.0005147171881306151
0.0,-0.0006184968456119643
0.0,-0.0013107206638527879
0.0,-0.0005671030508774838
0.0,-0.0006315952126197557
0.0,-0.0029559788959531478
0.0,-0.002129394989927186
0.0,-0.0005214835160456111
0.0,-0.002869854912584281
0.0,-0.0005582530642665519
0.0,-0.0006895452277031331
0.0,-0.0037944951101150314
0.0,-0.00046645176001648925
0.0,-0.005299282666438996
0.0,-0.0018242350834564314
0.0,-0.0007354631899889518
0.0,-0.0018320664850014867
0.0,-0.0005886737006476274
0.0,-0.0005490853728824148
0.0,-0.0006066915549908676
0.0,-0.0009597236915971452
0.0,-0.0008371222471937579
0.0,-0.00047963716875599647
0.0,-0.000595596994003434
0.0,-0.0008206331215612211
0.0,-0.0005634269554536392
0.0,-0.0007316068483985843
0.0,-0.0011630247544618974
0.0,-0.002623706834908819
0.0,-0.0006718753176594818
0.0,-0.000614073970307493
0.0,-0.0005916297423742642
0.0,-0.0005637382959383485
0.0,-0.0006468117940749558
0.0,-0.0006658540083833928
0.0,-0.0006538637264768963
0.0,-0.0006366674423378038
0.0,-0.0009173306831390779
0.0,-0.001525686032185986
0.0,-0.0012318150732195917
0.0,-0.0012179208659447655
0.0,-0.0005532850790696631
0.0,-0.001371876673933858
0.0,-0.0063457011143263605
0.0,-0.000660145293750452
0.0,-0.002768424388745565
0.0,-0.000763313526664365
0.0,-0.0005406069701914881
0.0,-0.0007104651899449823
0.0,-0.0005645750396463398
0.0,-0.00046828987160148455
0.0,-0.0006895452277031331
0.0,-0.0014538867525196177
0.0,-0.0006452361231888575
0.0,-0.0006300444169765317
0.0,-0.004926101757784308
0.0,-0.0005335440737158814
0.0,-0.0006883139875811902
0.0,-0.0011326151137912121
0.0,-0.0004947215071036991
0.0,-0.0010442403669237998
0.0,-0.0009790581110109028
0.0,-0.0008886889665813929
0.0,-0.000576242253481826
0.0,-0.0007007057102677736
0.0,-0.00048026210135914527
0.0,-0.0018523722540479868
0.0,-0.0006882264071664604
0.0,-0.002893187546263404
0.0,-0.00045339538940384396
0.0,-0.0006138912949808166
0.0,-0.0005488430638826854
0.0,-0.0022191559287016854
0.0,-0.0012722742552487825
0.0,-0.00045823493738223034
0.0,-0.0010548137703418527
0.0,-0.0006542398803449151
0.0,-0.0007313950773710482
0.0,-0.0007041683498037199
0.0,-0.0007650479779597007
0.0,-0.0006591289507603999
0.0,-0.0007051269777625683
0.0,-0.0012326743908722584
0.0,-0.0006782369660953887
0.0,-0.0006700419011593887
0.0,-0.0017940027462300002
0.0,-0.0004980107267174777
0.0,-0.0016971579800683166
0.0,-0.002041936415759946
0.0,-0.0007058876124505016
0.0,-0.000401147843056327
0.0,-0.0005495534801469812
0.0,-0.001378406107580836
0.0,-0.0010525040029510482
0.0,-0.001290505525299432
0.0,-0.0006392924881476206
0.0,-0.0021677742770417016
0.0,-0.0007656431120940362
0.0,-0.0006558580523234928
0.0,-0.0009430982853327823
0.0,-0.001199397396285709
0.0,-0.0006400203435054984
0.0,-0.0007267853839262244
0.0,-0.0013257762733124747
0.0,-0.0005289293719166935
0.0,-0.0013126413719449274
0.0,-0.0007467771423417984
0.0,-0.000900733019139417
0.0,-0.0004698358074847427
0.0,-0.0006250459498665693
0.0,-0.0005264556392607347
0.0,-0.0007526415734254291
0.0,-0.0010277540829843194
0.0,-0.0005791009591995808
0.0,-0.0008501017530912762
0.0,-0.0011376754824040341
0.0,-0.0006833042930301494
0.0,-0.0013165709867845473
0.0,-0.0006790872982527799
0.0,-0.0010417009007944733
0.0,-0.0004807160541002487
0.0,-0.0006766790118229079
0.0,-0.001484907432582805
0.0,-0.000555088969427792
0.0,-0.0005773619331608188
0.0,-0.0006433851861269993
0.0,-0.001244552285266439
0.0,-0.0004612330042550499
0.0,-0.0005834842294856931
0.0,-0.0005234288608628966
0.0,-0.0004722096284333362
0.0,-0.000534891838541194
0.0,-0.0006497204591847005
0.0,-0.00060346824160393
0.0,-0.001153044709219737
0.0,-0.00043997922038963575
0.0,-0.002995774168145302
0.0,-0.0005251014214196941
0.0,-0.005204694712124214
0.0,-0.0007289597352932232
0.0,-0.0004776940385652364
0.0,-0.0006746145403952404
0.0,-0.0014016186905882486
0.0,-0.0005413285126401247
0.0,-0.0009289627807302508
0.0,-0.000551973045658535
0.0,-0.0005916118742265421
0.0,-0.00089124340106942
0.0,-0.0012113984940771965
0.0,-0.0007260153691592294
0.0,-0.002771301243569847
0.0,-0.0005208416491751699
0.0,-0.0005603026888285152
0.0,-0.0007353142547794518
0.0,-0.00049169881905485
0.0,-0.000650932266663669
0.0,-0.0006690167624210833
0.0,-0.0004991262961562387
0.0,-0.019721232004626714
0.0,-0.0029289412359570764
0.0,-0.0005597104954890037
0.0,-0.0006718064282539342
0.0,-0.0005920299314875603
0.0,-0.00047480826728375645
0.0,-0.0006402778171049212
0.0,-0.0008908845630032961
0.0,-0.0005940565399471001
0.0,-0.0006658540083833928
0.0,-0.0018318815400975305
0.0,-0.0008339086776750628
0.0,-0.0005676324981509389
0.0,-0.0007359261593692879
0.0,-0.0029400475924666347
0.0,-0.0013388098991530448
0.0,-0.0005693037706749322
0.0,-0.00114685037812828
0.0,-0.0006682810351058624
0.0,-0.0007640805326356526
0.0,-0.0007810036858794824
0.0,-0.0008206331215612211
0.0,-0.0008585746164105577
0.0,-0.0004973164713784332
0.0,-0.000696294747147002
0.0,-0.0017404331329951286
0.0,-0.0005318229078038573
0.0,-0.0006943131134876611
0.0,-0.0007145657941309976
0.0,-0.0006507760064526892
0.0,-0.0035128473176296703
0.0,-0.0023765355188633767
0.0,-0.0015544710263238862
0.0,-0.0004720243687054792
0.0,-0.0004488153532067764
0.0,-0.0007559866644526853
0.0,-0.0030789159014099096
0.0,-0.0003965172579369749
0.0,-0.0014155626242932948
0.0,-0.0006269200193770975
0.0,-0.0014278632381147457
0.0,-0.0005513495500018358
0.0,-0.0004475615647649202
0.0,-0.0005817015300323853
0.0,-0.0006308726574047775
0.0,-0.00048036919250215606
0.0,-0.000769110540846272
0.0,-0.0008486917649514883
0.0,-0.0007994683246614016
0.0,-0.0006075087084529003
0.0,-0.0007723649312497395
0.0,-0.0005672260417385685
0.0,-0.0006065378405619394
0.0,-0.0013354080928707837
0.0,-0.0006184918217035004
0.0,-0.0005933109847752418
0.0,-0.0005908528729077177
0.0,-0.0009085018758201023
0.0,-0.0005648429762006126
0.0,-0.0009045712408356826
0.0,-0.0008589655974219063
0.0,-0.0008677952489597378
0.0,-0.000548414637544915
0.0,-0.000870011077834963
0.0,-0.0008007979725611417
0.0,-0.006998230616129032
0.0,-0.0008461213985960097
0.0,-0.013294761128091918
0.0,-0.005843808663704675
0.0,-0.0005870150472280551
0.0,-0.001306644934723354
0.0,-0.0011470360094788948
0.0,-0.0012810843851536744
0.0,-0.0009162728250574583
0.0,-0.0004975465074593643
0.0,-0.0008239954784222855
0.0,-0.0010213071834570583
0.0,-0.001154226497642154
0.0,-0.0018746190896627784
0.0,-0.0005978810960208432
0.0,-0.0008869671719751769
0.0,-0.017630800389237977
0.0,-0.0006200982936224813
0.0,-0.0005075707475062464
0.0,-0.0006655623134815405
0.0,-0.0005147035751555008
0.0,-0.000713417129570814
0.0,-0.0008274120857043604
0.0,-0.0006555319079666408
0.0,-0.0005990144062725364
0.0,-0.0006740348789738243
0.0,-0.0013254216583089395
0.0,-0.0006697380839720351
0.0,-0.0006346080090354815
0.0,-0.0006725684227444467
0.0,-0.0006282368654814741
0.0,-0.000979845642268047
0.0,-0.0005758022078021041
0.0,-0.0006619870339924119
0.0,-0.000609044413516577
0.0,-0.0005393185875492349
0.0,-0.0006179924377926616
0.0,-0.0005272340675855452
0.0,-0.0005635594709143029
0.0,-0.0007524034547979753
0.0,-0.0005918285901386597
0.0,-0.000677415858274966
0.0,-0.0022084867994131346
0.0,-0.0006801846929752069
0.0,-0.0006576599442348596
0.0,-0.0011189140016525457
0.0,-0.0006557326224568846
0.0,-0.00043997922038963575
0.0,-0.0006680673646727526
0.0,-0.0006475630136903358
0.0,-0.0005160661963068854
0.0,-0.00528768595721445
0.0,-0.00042532272598407375
0.0,-0.0006112751205671813
0.0,-0.0007956874475799972
0.0,-0.0005126554183597299
0.0,-0.0005063114043804884
0.0,-0.000754031834020226
0.0,-0.0006712462145749203
0.0,-0.0037468527101577665
0.0,-0.0004681282321305376
0.0,-0.0008419060949111837
0.0,-0.0005428304284081392
0.0,-0.0008495543560002338
0.0,-0.0007618633738850427
0.0,-0.0007657928386496045
0.0,-0.0008304201708472686
0.0,-0.0023155895249908883
0.0,-0.00043666703734142424
0.0,-0.0007164935213056461
0.0,-0.0006650898306991932
0.0,-0.0005685840994612486
0.0,-0.0006628566104739715
0.0,-0.00807627397806503
0.0,-0.0006643734429465802
0.0,-0.0013866911514538239
0.0,-0.0005668098869999275
0.0,-0.0007309150910326192
0.0,-0.0006264112473751171
0.0,-0.0007862125879937513
0.0,-0.0008343171170969802
0.0,-0.00046265712079188984
0.0,-0.0011358506542385185
0.0,-0.0022260299045896827
0.0,-0.0006606915039781555
0.0,-0.001651280580549858
0.0,-0.0006629610122603284
0.0,-0.0007524034547979753
0.0,-0.0006733197981818548
0.0,-0.0006273804880024251
0.0,-0.0005923419884526919
0.0,-0.0059306313272965575
0.0,-0.0013190912074512633
0.0,-0.001096481956668581
0.0,-0.0007907595400224396
0.0,-0.0009712128626960052
0.0,-0.0006924786086764802
0.0,-0.0005301090707683418
0.0,-0.0007445771316205437
0.0,-0.005342642733546639
0.0,-0.0006701060950750688
0.0,-0.0006685835662714746
0.0,-0.000677894697649295
0.0,-0.0005088725236951488
0.0,-0.001218176412457882
0.0,-0.0005352526096096624
0.0,-0.0007698602239221787
0.0,-0.0009980926901499163
0.0,-0.0007002488381726877
0.0,-0.0006812273650799932
0.0,-0.0011994678083178602
0.0,-0.0004854180110247083
0.0,-0.0008253691435743222
0.0,-0.00312069161002207
0.0,-0.0009362119947999199
0.0,-0.00048301647492232685
0.0,-0.0008213814953125988
0.0,-0.0031226653552539527
0.0,-0.0004864907989697297
0.0,-0.0005240995911336578
0.0,-0.0006088931246788888
0.0,-0.0013915166562545257
0.0,-0.000652817990009727
0.0,-0.0010745815598060726
0.0,-0.0008432976454472918
0.0,-0.0022060218692751426
0.0,-0.0006614205239273568
0.0,-0.0005823725782449908
0.0,-0.0006713628523095659
0.0,-0.0005446923735725325
0.0,-0.0012406850819942357
0.0,-0.0006635425695044086
0.0,-0.0007778887537771746
0.0,-0.0005309482886976202
0.0,-0.0031800423961139508
0.0,-0.0032262857864110246
0.0,-0.0005457042813298056
0.0,-0.0006597821308152573
0.0,-0.0007525568121170233
0.0,-0.0013958426613814771
0.0,-0.0006581348769210228
0.0,-0.0009186285482462016
0.0,-0.0006864601330379217
0.0,-0.0005977800189415708
0.0,-0.000713770181476845
0.0,-0.0006588255321840296
0.0,-0.0017700912494741994
0.0,-0.0006200982936224813
0.0,-0.0006723022205369146
0.0,-0.0006472409167874302
0.0,-0.0011301013100775516
0.0,-0.0005660230824735317
0.0,-0.003186379734922474
0.0,-0.0007801799212178685
0.0,-0.000669990630955855
0.0,-0.0005643470587869555
0.0,-0.0005461544333226145
0.0,-0.000669277585060444
0.0,-0.000598076010240899
0.0,-0.000985187269559566
0.0,-0.0007135651160092945
0.0,-0.0007295788529196195
0.0,-0.001076367456787027
0.0,-0.0007099644021634761
0.0,-0.0008629174863919883
0.0,-0.0005687340370632463
0.0,-0.0009332632038852606
0.0,-0.001527936579590586
0.0,-0.0029063605680921816
0.0,-0.0007508796019582155
0.0,-0.001199397396285709
0.0,-0.000530824401163192
0.0,-0.0007345670888013336
0.0,-0.0006765734884436863
0.0,-0.0005733404306189736
0.0,-0.0006063147089900518
0.0,-0.00528768595721445
0.0,-0.0005451090113925393
0.0,-0.0006075706544181861
0.0,-0.0009509466597343392
0.0,-0.0005848980497292292
0.0,-0.0011712911314771103
0.0,-0.0059306313272965575
0.0,-0.0016449060437827327
0.0,-0.0008436921808754667
0.0,-0.0005996196604721495
0.0,-0.0020660876403363585
0.0,-0.0006511237724222267
0.0,-0.002360369129552228
0.0,-0.000576253609430644
0.0,-0.0006797379301954124
0.0,-0.0006885760332124447
0.0,-0.0014727738098824952
0.0,-0.0005756435674677214
0.0,-0.0009930455804899694
0.0,-0.002267529489090978
0.0,-0.000692430343626778
0.0,-0.0006899502883717736
0.0,-0.0009103034287869539
0.0,-0.0008333227994718847
0.0,-0.000743788653423052
0.0,-0.0006299065041754921
0.0,-0.0006102490289298873
0.0,-0.0005880015967231807
0.0,-0.0005783268755648341
0.0,-0.0005804722616212418
0.0,-0.0010000584832219135
0.0,-0.0007570238105557271
0.0,-0.0005582312558348929
0.0,-0.001064767517720828
0.0,-0.0006074614767623228
0.0,-0.0007206894453967021
0.0,-0.0005536335073395137
0.0,-0.0004866542794987532
0.0,-0.0006507646673421224
0.0,-0.0005871652631051956
0.0,-0.0007435936753971901
0.0,-0.00162810608569027
0.0,-0.0008343171170969802
0.0,-0.0007290993042552438
0.0,-0.0008514632753900663
0.0,-0.0006228326214544568
0.0,-0.0016449060437827327
0.0,-0.0006205276417303528
0.0,-0.001767708287987729
0.0,-0.0005479863923018548
0.0,-0.0006958768172355425
0.0,-0.0006923853254221198
0.0,-0.003034538968460038
0.0,-0.0021498543436535636
0.0,-0.0007960562280255145
0.0,-0.0004642919733482615
0.0,-0.0007001196960207801
0.0,-0.0018674018352051768
0.0,-0.0007371101709292852
0.0,-0.0006307012982058969
0.0,-0.0005841755299415763
0.0,-0.015699314845449376
0.0,-0.0004761152926069805
0.0,-0.001271090815544342
0.0,-0.0006855273771510973
0.0,-0.0007810036858794824
0.0,-0.0004372242102333479
0.0,-0.0006672195203167396
0.0,-0.0007866776458523878
0.0,-0.0007644046004897103
0.0,-0.0006294232809405261
0.0,-0.0013145287039698233
0.0,-0.0008256773300470612
0.0,-0.0005932327252239711
0.0,-0.00036386712954392667
0.0,-0.0005865070503318763
0.0,-0.0005649050915676865
0.0,-0.0011158645819765354
0.0,-0.0006236697748669041
0.0,-0.0007116689655228178
0.0,-0.0020333696296718808
0.0,-0.0007790108199435459
0.0,-0.0006350205244649223
0.0,-0.0011861277162360624
0.0,-0.00044174474827744455
0.0,-0.003212252254054528
0.0,-0.0029238824281284646
0.0,-0.0005690155322423619
0.0,-0.021562220822913297
0.0,-0.0012820680551705464
0.0,-0.0006792008303218117
0.0,-0.0020154620378104323
0.0,-0.0004975465074593643
0.0,-0.0009500650720057717
0.0,-0.0005733386803467018
0.0,-0.0005753178729094628
0.0,-0.000699269830657272
0.0,-0.0004873349235349222
0.0,-0.0014230241920343413
0.0,-0.00047972195782743424
0.0,-0.0010370809035322472
0.0,-0.0016909078291191103
0.0,-0.006381790232090432
0.0,-0.0006489664465361199
0.0,-0.0004623226940288071
0.0,-0.0007100846809810404
0.0,-0.0008518119891131967
0.0,-0.0009955080502869202
0.0,-0.0006896692017747281
0.0,-0.0009498770394222223
0.0,-0.0011170959665943662
0.0,-0.0004058085957977518
0.0,-0.0006400734782220478
0.0,-0.0005161568898481252
0.0,-0.0013436114073048994
0.0,-0.0009674254823705695
0.0,-0.0008685229839382795
0.0,-0.00046579128681079057
0.0,-0.000627942619858272
0.0,-0.001795122697891926
0.0,-0.0006293143555921205
0.0,-0.0010396179763482608
0.0,-0.0008120369905765569
0.0,-0.0005457197503047707
0.0,-0.0016550282780585699
0.0,-0.0008459472633213528
0.0,-0.0005946996863872756
0.0,-0.0007608728353729129
0.0,-0.0007812493999483002
0.0,-0.0008081755059816697
0.0,-0.0006967889634218161
0.0,-0.0005913087484918064
0.0,-0.0015497667932687167
0.0,-0.0009690649908123297
0.0,-0.0005564498573436369
0.0,-0.001377243171086514
0.0,-0.0006144513835689587
0.0,-0.0007312182938901622
0.0,-0.003461880587789519
0.0,-0.0004831716303578401
0.0,-0.002490540872593876
0.0,-0.0018673049784171127
0.0,-0.0006004863524905933
0.0,-0.0007130712062999877
0.0,-0.00047289066999686957
0.0,-0.0008398247642526715
0.0,-0.0003716548620001472
0.0,-0.0004864907989697297
0.0,-0.0008444916900020434
0.0,-0.0004421871818371449
0.0,-0.0004306406327600233
0.0,-0.000581043521922217
0.0,-0.0007408393157289491
0.0,-0.006965748117609467
0.0,-0.0005319818359834882
0.0,-0.0006739074347765089
0.0,-0.0005462428963008113
0.0,-0.0004497238881050973
0.0,-0.0005310604544575681
0.0,-0.0007604178274254138
0.0,-0.0026058700111807674
0.0,-0.003311168353263048
0.0,-0.002956124404829888
0.0,-0.0005317862645811078
0.0,-0.0006982976212362063
0.0,-0.0006669804363006824
0.0,-0.0008501164954200241
0.0,-0.0005800263401185625
0.0,-0.0007512362420853796
0.0,-0.00047719204603627406
0.0,-0.0014445745563249433
0.0,-0.0005234003824110566
0.0,-0.0009629481043311194
0.0,-0.0005055716820019439
0.0,-0.0007273652043202115
0.0,-0.0005668965190796946
0.0,-0.006242701134558834
0.0,-0.0009590834567336627
0.0,-0.0016083701673016632
0.0,-0.0006144513835689587
0.0,-0.0005254838179888943
0.0,-0.0004612966809484664
0.0,-0.0010213071834570583
0.0,-0.004935431456801539
0.0,-0.000671663274070911
0.0,-0.0006417070256424529
0.0,-0.0006209228685375703
0.0,-0.0012762256283569283
0.0,-0.015887407926073387
0.0,-0.0006390757742966244
0.0,-0.0010548137703418527
0.0,-0.002642939495536332
0.0,-0.0015074460648177293
0.0,-0.0006059044183523069
0.0,-0.0005920299314875603
0.0,-0.0008784997000005216
0.0,-0.0005488293761269931
0.0,-0.000610948137768417
0.0,-0.000954534450477231
0.0,-0.0006789738146630754
0.0,-0.000593708086620115
0.0,-0.001505630253592826
0.0,-0.0005870150472280551
0.0,-0.002839221541229525
0.0,-0.013915425942721334
0.0,-0.0005480902469419516
0.0,-0.0003912870277432251
0.0,-0.0007975138458039899
0.0,-0.0005551975302174931
0.0,-0.0005920299314875603
0.0,-0.00043997922038963575
0.0,-0.0006442820200956655
0.0,-0.0009570437083976996
0.0,-0.0012232053462427838
0.0,-0.0006307012982058969
0.0,-0.000697356543309791
0.0,-0.0007285610939937329
0.0,-0.002180511027484331
0.0,-0.0014552122334908363
0.0,-0.0005798508813197776
0.0,-0.0006855276698241037
0.0,-0.0005010880121603767
0.0,-0.0005585193358076777
0.0,-0.0004301239982194915
0.0,-0.0004733275931107662
0.0,-0.0019955704203880598
0.0,-0.0005505247320794931
0.0,-0.0007697882687610929
0.0,-0.0016140215804736186
0.0,-0.0006190931201883888
0.0,-0.0007064539065386913
0.0,-0.0005866775145600391
0.0,-0.0008346645377580748
0.0,-0.0006275094449873636
0.0,-0.0006552487462606286
0.0,-0.0009187609417013355
0.0,-0.007206844267861072
0.0,-0.0005826319716343201
0.0,-0.006381790232090432
0.0,-0.0005322863103702527
0.0,-0.0005918247392113493
0.0,-0.0007156894331935268
0.0,-0.0005645077193925519
0.0,-0.0007328383506584355
0.0,-0.00038975143818362857
0.0,-0.0008280358335820454
0.0,-0.0007698115938751324
0.0,-0.0004845866429925938
0.0,-0.0005620828277186583
0.0,-0.00048559472205977715
0.0,-0.0008881334292308095
0.0,-0.0006497192474777112
0.0,-0.0005356193220014252
0.0,-0.0007644046004897103
0.0,-0.0016099340353852942
0.0,-0.0005560881228899346
0.0,-0.0008695170935445099
0.0,-0.0007295420291230913
0.0,-0.0007526415734254291
0.0,-0.000450803585030784
0.0,-0.0005316176423501946
0.0,-0.000538531659929463
0.0,-0.0006754538316739023
0.0,-0.0005962894834394088
0.0,-0.0013531930952845684
0.0,-0.000607095632410666
0.0,-0.0010564091288085482
0.0,-0.003271130744488385
0.0,-0.0009260579675147597
0.0,-0.003230721053074271
0.0,-0.0007531880286879029
0.0,-0.0009075602160986578
0.0,-0.0028315152868093885
0.0,-0.0005571995109119815
0.0,-0.0015824970992899987
0.0,-0.0009671459637718679
0.0,-0.0008514632753900663
0.0,-0.0005023492450559015
0.0,-0.0006525917465934519
0.0,-0.001238499964840702
0.0,-0.00067463862486604
0.0,-0.0003953591876275514
0.0,-0.0007778887537771746
0.0,-0.0006679149822768048
0.0,-0.000633013274156879
0.0,-0.0013641666771775157
0.0,-0.0006505929684301637
0.0,-0.000635715047389018
0.0,-0.00046931611903754534
0.0,-0.000706130018500047
0.0,-0.0007459352414517541
0.0,-0.0005440990450661416
0.0,-0.0005771922609173319
0.0,-0.0006731680962609562
0.0,-0.0013474515725867358
0.0,-0.0007063783365126158
0.0,-0.0005687340370632463
0.0,-0.0006116308124438932
0.0,-0.0006978556850898778
0.0,-0.0006416433096418774
0.0,-0.0004484294119830359
0.0,-0.0006678260028773902
0.0,-0.0006744149787909367
0.0,-0.0015361055944653791
0.0,-0.0011158645819765354
0.0,-0.000533188806602197
0.0,-0.0006302006903800132
0.0,-0.0007824934417092665
0.0,-0.0005147171881306151
0.0,-0.0005177615371967866
0.0,-0.008761548283597357
0.0,-0.0006714330110400116
0.0,-0.0007101946412364722
0.0,-0.0014106244897853619
0.0,-0.0005005459725649189
0.0,-0.0005546019255865418
0.0,-0.0005522296658768454
0.0,-0.0009295061457302712
0.0,-0.010538819465387926
0.0,-0.003836021200323932
0.0,-0.0009711781704615605
0.0,-0.0011440038794940375
0.0,-0.0009958247311875946
0.0,-0.0006815766077202641
0.0,-0.0007728494146699414
0.0,-0.000661196766083709
0.0,-0.0007415510598238247
0.0,-0.00048054084577923046
0.0,-0.0011717130712429508
0.0,-0.000763761281488252
0.0,-0.001332499009536795
0.0,-0.0005996196604721495
0.0,-0.0008419060949111837
0.0,-0.0006454101745195376
0.0,-0.0007072042671612917
0.0,-0.00047621831661320856
0.0,-0.0006200265353319897
0.0,-0.002444195325352991
0.0,-0.0006084377775500226
0.0,-0.0006896692017747281
0.0,-0.0011702028730541654
0.0,-0.000583475081079138
0.0,-0.0008981113094163416
0.0,-0.0006886405144938751
0.0,-0.0007092398100469637
0.0,-0.0006284938966638179
0.0,-0.0009393922547913927
0.0,-0.0007815624586036119
0.0,-0.0005383083822886962
0.0,-0.0006756748959718353
0.0,-0.0005620669388051617
0.0,-0.0006331681438035663
0.0,-0.0004795187290657342
0.0,-0.0005020651078988308
0.0,-0.00042951951574148403
0.0,-0.0005733386803467018
0.0,-0.005696014902135657
0.0,-0.0015182120627358472
0.0,-0.0006665913036793421
0.0,-0.0006708768267746931
0.0,-0.0005485813830496818
0.0,-0.000640504761979014
0.0,-0.0005753178729094628
0.0,-0.0006529412566899511
0.0,-0.0005253881372767493
0.0,-0.0009289735040352501
0.0,-0.0006729798355374891
0.0,-0.0006109075457533721
0.0,-0.0006200469933462583
0.0,-0.0006092621768088495
0.0,-0.0005817578171181984
0.0,-0.0010015335036239038
0.0,-0.005007325846953688
0.0,-0.0006256692694160804
0.0,-0.0004893211944931125
0.0,-0.002209569097164818
0.0,-0.0006707671173277822
0.0,-0.0005795323629611318
0.0,-0.0011594462293824778
0.0,-0.0013464835637520922
0.0,-0.0005270256877197935
0.0,-0.0008771184662866361
0.0,-0.0005406553243166087
0.0,-0.0005601906173985456
0.0,-0.000604788542511148
0.0,-0.0006793546275400895
0.0,-0.001008865712255735
0.0,-0.0011142224943849635
0.0,-0.000611386922151571
0.0,-0.0005110846996054932
0.0,-0.0005817015300323853
0.0,-0.0007194799835073177
0.0,-0.0007391906371149788
0.0,-0.000761927375728113
0.0,-0.0004462347321299414
0.0,-0.00045556179256835193
0.0,-0.0014230241920343413
0.0,-0.0005292021166936164
0.0,-0.0013137175921200549
0.0,-0.0006381593698772792
0.0,-0.0015174298784900227
0.0,-0.00041702790784936886
0.0,-0.000568182159715608
0.0,-0.0011246085871519384
0.0,-0.0006473539686268605
0.0,-0.0006415350551560651
0.0,-0.0006488624465228527
0.0,-0.0005211028506452883
0.0,-0.00047889925978908366
0.0,-0.0032121311591383974
0.0,-0.0007169815735320886
0.0,-0.0006043913121652862
0.0,-0.0018353079517796837
0.0,-0.0010039776991028336
0.0,-0.002146322884541724
0.0,-0.000850530908615862
0.0,-0.0005474153533395266
0.0,-0.0006768532813874992
0.0,-0.000633092406193464
0.0,-0.0020154620378104323
0.0,-0.0005563372328434985
0.0,-0.000712794017234297
0.0,-0.0010205166120531729
0.0,-0.000581056262300621
0.0,-0.008323146241466578
0.0,-0.000678839525625678
0.0,-0.0005346578470548015
0.0,-0.0008459445538943153
0.0,-0.0004994729111530051
0.0,-0.0006656655467125217
0.0,-0.000578836671383101
0.0,-0.0006975228941098555
0.0,-0.0009756620367963225
0.0,-0.0004521303143500872
0.0,-0.00041974056250799644
0.0,-0.0006796857363081837
0.0,-0.0005879287506034299
0.0,-0.0008664496246448866
0.0,-0.0008075127941334703
0.0,-0.0003998709649220229
0.0,-0.0007346824194678243
0.0,-0.001229258257404528
0.0,-0.00044583799935428
0.0,-0.0005128757753248152
0.0,-0.0011341519064526056
0.0,-0.0006200469933462583
0.0,-0.0005523760932206595
0.0,-0.0006023025098706262
0.0,-0.001367950058815036
0.0,-0.0005484979457229374
0.0,-0.0006866735053357634
0.0,-0.0024837335519181493
0.0,-0.0008557879179599988
0.0,-0.0006069835809650337
0.0,-0.0006552187693574472
0.0,-0.000586468665290891
0.0,-0.0020236998639909945
0.0,-0.0006256854197294766
0.0,-0.0006315475343973656
0.0,-0.0005462222687411914
0.0,-0.0008676811491202909
0.0,-0.012330946551391964
0.0,-0.0007247527538820936
0.0,-0.0005484213132973659
0.0,-0.0004947215071036991
0.0,-0.0006511962185850505
0.0,-0.002063363720592748
0.0,-0.0004414852568897443
0.0,-0.0008803298889331292
0.0,-0.0006069559096505973
0.0,-0.0006082040875960042
0.0,-0.006362314175396351
0.0,-0.0008536374682010491
0.0,-0.0008284623045777113
0.0,-0.0006674941840430525
0.0,-0.0010341871502225863
0.0,-0.0006778970288522269
0.0,-0.01154651338211545
0.0,-0.0006718375444607472
0.0,-0.002001849860595311
0.0,-0.000541658733996406
0.0,-0.0013353397557339002
0.0,-0.0005844864549448453
0.0,-0.0009469135488125539
0.0,-0.004657778612362509
0.019374999999999993,0.0351996007250542
0.029062499999999998,0.13192841261104984
0.03300000000000001,0.005608347875974648
0.03838771593090211,0.14161406769767643
0.04124484439445072,0.026205795970598536
0.0594059405940594,0.11592668432767234
0.0594059405940594,0.03770960478272708
0.06,0.08613565132385088
0.06,0.11996994091312115
0.060000000000000005,0.0835738812977178
0.060000000000000005,0.08216476812853447
0.060000000000000005,0.08595412774222892
0.060000000000000005,0.08127772579267889
0.07499062617172854,0.02596430956116995
0.08157715839564919,0.03444430076868659
0.1,0.020897031872257263
0.10000000000000002,0.012205739960957711
0.10000000000000002,0.006909666087106912
0.16499999999999995,0.018149769009063933
0.16699999999999998,0.0028386965827950786
0.167,0.004296397197541447
0.167,0.004152880859353317
0.167,0.002834821084991524
0.167,0.004147001633962595
0.16700000000000004,0.0028228700817232665
0.16700000000000004,0.004267502624617551
0.19999999999999996,0.012192145563339632
0.19999999999999998,0.0026961534710236686
0.33,0.0028290497146278223
0.33000000000000007,0.00416130614281186
0.33299999999999974,0.0041387447026883465
0.33299999999999974,0.0041387447026883465
0.33299999999999985,0.0028398090669582744
0.33299999999999985,0.004193137395028152
0.3329999999999999,0.004365932826700707
0.33299999999999996,0.002831276413714579
0.333,0.004140311319264565
0.333,0.002889750627442543
0.3330000000000001,0.004400343664150439
0.3330000000000001,0.004400343664150439
0.3330000000000001,0.004400343664150439
0.49999999999999994,0.003941489975280956
0.49999999999999994,0.003974836711526588
0.49999999999999994,0.003941489975280956
0.5,0.0027279330804760664
0.5,0.003946631724869627
0.5000000000000001,0.0027277198390447534
0.5000000000000001,0.0039813325758607625
0.5000000000000001,0.002760278117013773
0.5000000000000001,0.0039813325758607625
0.5000000000000002,0.0027918381808869895
0.5000000000000002,0.0027918381808869895
1.5000000000000007,0.006120012429036826
4.0,0.005646937086457998
8.0,0.005639640679068121
8.0,0.005639640679068121
16.000000000000007,0.00493607621533453
