Crystallization temp,SHAP value
0.0,0.0004796588891426376
0.0,0.0032510249156421575
0.0,0.00156624106508912
0.0,0.0005625595493203439
0.0,0.0005315708178630146
30.0,0.0008421178864206062
30.0,0.0008254600331405672
30.0,0.0008563437122776511
50.0,0.002473468021765699
55.0,0.0018216021481909249
60.0,0.004609541169255713
60.0,0.00047540663155857545
60.0,0.003120020593030804
60.0,0.003120020593030804
65.0,0.002434099091388827
65.0,0.0026325795818332013
65.0,0.0020701513223315344
65.0,0.003334101968019353
70.0,0.0016894694112472275
70.0,0.003201213905802231
80.0,0.0025747273738124547
80.0,0.0009620890773688066
80.0,0.0028103937843079116
80.0,0.0016186319198545122
80.0,0.0010426611064188452
80.0,0.0011367620602272337
80.0,0.0016239104287419325
80.0,0.00133899582939137
90.0,0.0021227303961678257
90.0,0.012266438479085416
90.0,0.0012949068225369877
90.0,0.0015588056352445344
90.0,0.004036182291641441
90.0,0.015149921910961496
90.0,0.0021217484023335073
90.0,0.05682801890907108
90.0,0.0002942781440254006
90.0,0.0009996650452968397
90.0,0.004036182291641441
90.0,0.0008181667141080207
90.0,0.0010992738526436998
90.0,0.002016966227871784
90.0,0.0021568645079452875
93.01234074147052,0.005780135802780163
95.0,0.000920255052211631
95.0,0.001348608483076586
95.0,0.001821477028884612
96.2275354663382,0.001095032901959028
100.0,0.002104471146543058
100.0,0.0011262668507465835
100.0,-0.0023989955599852154
100.0,0.0007777457800033893
100.0,0.004549449911176023
100.0,0.0009777298093289009
100.0,0.0012262880023318056
100.0,0.0012796565650846682
100.0,0.0027131749516283044
100.0,0.0012358894798306771
100.0,0.0039024845143818838
100.0,0.0008190715512865484
100.0,0.0008222098391389456
100.0,0.000998843160294798
100.0,0.013397256072070457
100.0,-0.016984388535505813
100.0,0.001807775099321191
100.0,0.0007042768826009384
100.0,0.0005692603365056213
100.0,0.0010795799525697542
100.0,0.0007456693818857304
100.0,0.0027622362968058468
100.0,0.002102127741072407
100.0,0.0026701133026402657
100.0,0.0012939169320018125
100.0,0.0007653166508464565
100.0,0.001067898607035469
100.0,0.0014834791179405048
100.0,0.0033816331544076505
100.0,0.0039406526068411244
100.0,0.0023814881916050033
100.0,0.0009305761932206862
100.0,0.0010333884016747185
100.0,0.0006297546168345763
100.0,0.004502940944988888
100.0,0.0012587105110642906
100.0,0.004691874142857901
100.0,0.0014805147964546711
100.0,0.0009201399383852727
100.0,0.0009545478823130542
100.0,0.0007754033125753156
100.0,0.001210133952057078
100.0,0.0051909213657449875
100.0,0.0011106824395029316
100.0,0.005409079971962047
100.0,0.0027132399832887726
100.0,0.0006992598064634183
100.0,0.0007896134323428275
100.0,0.0011212686304430018
100.0,0.0012338501621289057
100.0,0.0007900369603057232
100.0,0.001041959223025155
100.0,0.0022494771847205407
100.0,0.001065262975427422
100.0,0.0010480746418243382
100.0,0.0032115134084597374
100.0,0.0013509252696141097
100.0,0.000998794969712705
100.0,0.0006061951907117266
100.0,0.0009110704150577008
100.0,0.001109446721599503
100.0,0.0009056615354225588
100.0,0.0007265341350662551
100.0,0.0006461110149454447
100.0,0.05519686470644788
100.0,0.000849851816718391
100.0,0.002244085243928091
100.0,0.0023319235897836304
100.0,0.0009648570742726739
100.0,0.0011119616285312204
100.0,0.002579468906057275
100.0,0.002421285212965218
100.0,0.0011262668507465835
100.0,0.0010408071218490007
100.0,0.014513763199132968
100.0,0.0011515630961331873
100.0,0.0011406538360925612
100.0,0.0009098545652087156
100.0,0.001950043581921671
100.0,0.005741684401814754
100.0,0.0006061951907117266
100.0,0.0022339607508721285
100.0,0.0015294087145766512
100.0,0.0012133948559364873
100.0,0.0019572398220503422
100.0,0.0022494771847205407
100.0,0.0010575238944120278
100.0,0.002625421514105602
100.0,0.005707191113004509
100.0,0.004850193890186916
100.0,0.0047572243900018485
100.0,0.002244085243928091
100.0,0.001041959223025155
100.0,0.10129707949940857
100.0,0.0020907569790684193
100.0,0.01105415037195961
100.0,0.0011225159437602864
100.0,0.0010433609578659804
100.0,0.0012769478664537807
100.0,-0.017216549783173978
100.0,0.0022494771847205407
100.0,0.0024659605171109523
100.0,0.0012587105110642906
100.0,0.0011627830519203098
100.0,0.002599696274289757
100.0,0.0007777457800033893
100.0,0.002382485873034678
100.0,0.0007456693818857304
100.0,0.001154610985407148
100.0,0.0017072949124681534
100.0,0.004797104795222971
100.0,0.0006686827617646544
100.0,0.0007930431172806696
100.0,0.0027024031915368297
100.0,0.09729399235486264
100.0,0.0012143713219792734
100.0,0.0007358054574896444
100.0,0.0011007397033443154
100.0,-0.02257668634785736
100.0,0.0015644948464450955
100.0,0.0011760968188703307
100.0,0.0008222098391389456
100.0,0.001576193768119063
100.0,0.003781687046444717
100.0,0.001051463492699854
100.0,0.0010680760562742405
100.0,0.0028506453522604077
100.0,0.0011109580083599679
100.0,0.0012948004292490313
100.0,0.0006892313058739062
100.0,0.0014814884002510786
100.0,0.0006461110149454447
100.0,0.012085262639606287
100.0,0.011276258832283493
100.0,0.0021614548447680838
100.0,0.0011003577416137565
100.0,0.0008602197571139622
100.0,0.0009821540711319743
100.0,0.0011091330844291173
100.0,0.00448826298615253
100.0,0.0009462077696491218
100.0,0.001024198709212222
100.0,0.001078005350949126
100.0,0.0021082847791825954
100.0,0.002253247750762227
100.0,0.0010436378278455768
100.0,0.0011522531085381062
110.0,-0.0004746811657918331
110.0,0.03617802821820084
110.0,-0.00179936858428893
110.0,-0.001620295960591003
110.0,0.06455029741816774
110.0,-0.006221012941538665
110.0,0.0005795176602275891
110.0,-0.005842873910921667
110.0,-0.0020578991172780837
110.0,0.03979495063819976
110.0,0.001156652731405665
110.0,-0.00626362859112824
110.0,-0.0034060994900506365
110.0,0.03950096651365348
110.0,0.004070370397383466
110.0,-0.0006671508415581154
110.0,-0.006009144044038067
110.0,0.0009204892825277728
110.0,-0.00179936858428893
110.0,-0.0056054742440976
110.0,-0.0051023445060808656
110.0,0.002960837956290564
110.0,0.000859064566983714
110.0,0.029721825140249975
110.0,-0.00179936858428893
110.0,-0.0039939059534040726
110.0,-0.004934592548087087
110.0,0.0005598316590473659
110.0,0.0023018258895789088
110.0,-0.0005833145257355983
110.0,0.000427477391553565
110.0,-0.00179936858428893
110.0,0.0006519703857426087
110.0,0.0014070238191740388
110.0,-0.005547297153079342
110.3036117858803,0.001299833926955219
115.0,0.0008336833321254102
115.0,0.0008832516810607627
115.0,0.0007580244147081635
115.0,0.0007717293249330452
115.0,0.0007498878552326454
117.47868578745644,0.0008713189565572279
120.0,0.0004868677367743376
120.0,0.0007106133592676119
120.0,0.0003000071680372679
120.0,0.00071689012899758
120.0,0.0002565872364413743
120.0,0.0003668100820381245
120.0,0.0005244262680108606
120.0,0.00028583249101486264
120.0,0.0003365451646700998
120.0,-0.0005385780075347123
120.0,0.000594292745812142
120.0,0.0007844613788732459
120.0,0.000642211075985739
120.0,0.0005205133271949844
120.0,0.0025121102866035127
120.0,0.0005113708612286803
120.0,0.0002519063467485418
120.0,0.0007844613788732459
120.0,0.0007280541502049252
120.0,0.0005979362137972713
120.0,0.0003529101980423803
120.0,0.0005003466804945523
120.0,-0.000795408418326055
120.0,0.0004870423082400554
120.0,0.0006247991851305953
120.0,0.0007351312367557337
120.0,0.00024983838542208845
120.0,0.0005937611771914795
120.0,0.0005864234862782689
120.0,0.0002984875471945592
120.0,0.00025445317529376
120.0,0.0002571692041856024
120.0,0.00024983838542208845
120.0,0.000532940158168272
120.0,0.00029184623026122264
120.7832594398729,0.000452840992468557
125.0,0.0002137489992568235
125.0,0.016518730297835474
125.0,1.358418359393363e-05
125.0,8.078789202815808e-05
125.0,-0.0009296545688626842
125.0,-5.3278437330876656e-06
125.0,0.0003268661317937646
125.0,1.358418359393363e-05
125.0,0.00010699151828423319
125.0,6.43942345489934e-05
125.0,0.00012739489375910963
125.0,7.348696684421127e-05
125.0,0.00017200947387842493
125.0,0.0002188399511994116
125.0,2.6792635973586196e-05
125.0,0.000269551394349078
125.0,-0.0003038049501104819
125.0,-8.981444394210235e-05
125.0,0.00017217121843075695
130.0,0.0006222540600426017
130.0,0.0012750603236741983
130.0,0.001457306391222951
130.0,-0.0022122538794717085
130.0,0.00015722260165729104
130.0,-0.00014927538767553044
130.0,0.0002576457966168382
130.0,0.000208108514373604
130.0,0.0004188300307110323
130.0,0.0004381972493992165
130.0,4.9702962818987664e-05
130.0,0.0009020639297810909
130.0,0.00029695392181231504
130.0,0.00012045159491529737
130.0,0.00019980571121784121
130.0,0.0008951229932583742
135.0,0.00037884894639196554
135.0,0.00015874419997844458
135.0,0.0002855094395512391
135.0,0.00013356104394871623
135.0,0.0005574960493423762
135.0,-0.0001176964845777578
135.0,6.476127138676613e-05
135.0,8.026403338370889e-05
135.0,-0.0006710925686586897
135.0,0.00017215847123056032
135.0,0.00013495428221342993
135.0,-0.00012296172413625182
135.0,0.00013256455142207025
135.0,7.731937966844661e-05
135.0,0.00015677022087857772
135.0,-0.0004788936053414637
135.0,0.00010083211841099908
135.0,0.00021150879815269138
135.0,-4.089513714123768e-05
135.0,-0.0006421340435252322
135.0,-0.00010280215619920304
135.0,5.814927946137333e-05
135.0,0.0004913564641741195
135.0,0.0002468542529602498
135.0,9.093451737347325e-05
135.0,0.0004243124985160842
135.0,-0.0007623499137503545
135.0,0.00019092076196596108
135.0,4.8104933485309083e-05
135.0,0.00013431374163412136
135.0,0.00048594507308417093
135.0,0.0004385911350093142
135.0,-0.0001299149480276132
135.0,0.00016268664195142387
135.0,0.00020717153112092388
135.0,0.00046196164748985876
135.0,-0.0006094714619327261
135.0,8.71405769751079e-05
135.0,0.0004903558483407153
135.0,3.746191726264983e-05
135.0,-0.0002743921332262982
135.0,-0.0006555021830362001
135.0,4.991043547062743e-05
135.0,0.0005534701320542036
135.0,0.0001556082903785487
135.0,7.460451989798064e-05
135.0,0.0002252655360288885
135.0,0.0002108989408894935
135.0,2.1084910725234867e-05
135.0,0.0002452607028778074
135.0,8.483317525257597e-05
135.0,0.0001572734927109448
135.0,0.00011625720628305739
135.0,0.0004465580660256161
136.48321978365584,0.00014669993920295656
137.14299608226335,-2.2045969972019652e-05
138.0,-9.779731741558722e-05
140.0,0.00013483414994421816
140.0,0.000175360813751535
140.0,0.0003906721616099058
140.0,0.0009064627100629246
140.0,0.0001134006774404529
140.0,-0.00023916774157752262
140.0,0.0003266319079300383
140.0,0.0005726887809868512
140.0,-5.2432844565336675e-05
140.0,0.00016732705029748684
140.0,9.770987431693917e-05
140.0,6.382152435981452e-05
140.0,9.770987431693917e-05
140.0,0.00030877711820378675
140.0,0.00030085482707673135
140.0,2.3599895485935533e-06
140.0,2.8460834454750847e-05
140.0,0.00016054016494819194
140.0,0.00012542253925299258
140.0,0.00036882422481636736
140.0,-4.205154412996981e-05
140.0,0.00012956232336935715
140.0,-0.00150383686073127
140.0,8.599053521071946e-05
140.0,0.00014857482370815022
140.0,4.72979082668358e-05
140.0,0.0004490747621544274
140.0,0.00034782775636534583
140.0,-9.674101377884085e-05
140.0,0.0009064627100629246
140.0,4.49909576145122e-05
140.0,0.0001562672062554413
140.0,2.790218899211845e-05
140.0,2.791572976753198e-05
140.0,0.00037302120453080496
140.0,-0.00010033615831804023
140.0,5.676397883928081e-06
140.0,0.0005661872349897787
140.0,0.00010106050449692344
140.0,0.00012799869806033872
140.0,6.405244788318626e-05
140.0,0.00020781500801013422
140.0,1.8156823260564246e-05
140.0,-7.108057825525302e-05
140.0,3.674666045082091e-05
140.0,0.00010815688556820838
140.0,9.315893304260575e-05
140.0,0.00015480578546711688
140.0,0.00024327980310735736
140.0,0.00010835944840308796
140.0,0.00010590100499782317
140.0,4.204212366533594e-05
140.0,0.00018328718858214946
140.0,0.00010835944840308796
140.0,-7.308586417292642e-05
140.0,9.849008853366553e-05
140.0,0.00021895787331086873
140.0,0.00025153943311235285
140.0,2.2228598328775815e-05
140.0,5.615478997344195e-05
140.0,-0.0006931259230948534
140.0,5.6306960321591426e-05
140.0,2.789042458292863e-06
140.0,0.000175360813751535
140.0,4.074638177350484e-05
140.0,3.9926989841768606e-05
140.0,-0.0008311264549655783
140.0,2.0278128404367357e-05
140.0,0.00012916055831556432
140.0,3.217065582644094e-05
140.0,0.0005022872366155027
140.0,0.00010892206993375089
140.0,0.00012158315215118434
140.0,0.00015025571996942134
140.0,-0.0004883064026794361
140.0,0.00016299692370194907
140.0,0.0004490747621544274
140.0,0.0005121497738398656
140.0,0.0002188040859706495
140.0,7.692265655530469e-05
140.0,0.0001605655653034363
140.0,0.00018108168850776435
140.0,0.00011383194342668453
140.0,0.00013201149750684266
140.0,-4.262254938123319e-05
140.0,2.791572976753198e-05
140.0,0.0007302715381918061
140.0,0.0007289349730750792
140.0,5.539319345131041e-05
140.0,-7.53328684543481e-05
140.0,0.0001595533482773623
140.0,3.7383928748054934e-05
140.0,-4.861887776983754e-06
140.0,-2.04860088313169e-05
140.0,2.490544973061564e-05
140.0,-0.0005486090911600307
140.0,-0.0004883064026794361
140.0,0.00014591948357748578
140.0,0.0003746136466011885
140.0,0.0011356954505841192
140.0,0.00019180534299204245
140.0,-0.0005383252847811865
140.0,-7.53328684543481e-05
140.0,-0.0006770097993818509
140.0,8.007877426945997e-06
140.0,-0.0007079021159500146
140.0,-9.783804911489751e-05
140.0,0.039709982088698484
140.0,-6.68517481905299e-05
140.0,0.00011924469218929404
140.0,0.00031178641493204937
140.0,8.90176369329337e-05
140.0,0.0005661872349897787
140.0,0.000175360813751535
140.0,0.00014813715343772456
140.0,0.0009063583231221958
140.0,0.0009793913799415674
140.0,0.00015570457497548918
140.0,0.00013306780619444785
140.0,0.0001706492251648124
140.0,5.859966015268337e-05
140.0,7.628136628840657e-05
140.0,0.00011332257751352089
140.0,6.595787591005226e-05
140.07074699499643,0.00019483094279029215
142.5,-0.00039872314400630517
142.5,-0.00015455389708537564
142.5,-0.00029234130268192596
142.5,-0.0003697041025659763
142.5,-0.00042251064473471187
142.5,-3.4366375023095236e-05
142.5,-0.00016739446704098693
142.8125317337765,9.399507685962003e-06
142.8525564177348,-0.0004227158221539824
143.0,-0.000201976743821991
145.0,-0.0001609793810672142
145.0,-0.00031463543238107773
145.0,-0.00019325315654017953
145.0,-0.00031468940537749757
145.0,-0.00017077744170627854
145.0,-0.00022152592912935576
145.0,-0.00020757944944725987
145.0,0.00016724821667876832
145.0,-0.00032554701471447083
145.0,0.00016467437501241532
145.73446124792696,-0.0003821980708659621
147.7316319316673,-0.0002079793734146909
150.0,-0.00048206415021829585
150.0,-0.0004650320018577132
150.0,-0.00016057278769559898
150.0,-0.00023864432920608588
150.0,-0.00018852355685411
150.0,-0.000197876361947539
150.0,-0.0007397693366992959
150.0,-0.0004961607520158435
150.0,-0.00024407642153950176
150.0,-0.00022148853092466544
150.0,-0.00016338264903323265
150.0,-0.0001678357718439115
150.0,-0.00021779160325610005
150.0,-0.00026484669546140044
150.0,-0.0003191195082542676
150.0,-0.00029279392343613074
150.0,-0.00023877014996165333
150.0,-0.0002782677957978446
150.0,-0.0003287090880544505
150.0,-0.00037296833811318247
150.0,-0.00028567684190566124
150.0,-0.0003453079897574062
150.0,-0.0003569867162763645
150.0,-0.00028570758461761935
150.0,-0.0003679754476196999
150.0,-0.00036677441844571574
150.0,-0.00014607533629290684
150.0,-0.0011938067695049324
150.0,-0.0006717329362735346
150.0,-0.00041979871510002415
150.0,-0.0003253603054709539
150.0,-0.000762641574235296
150.0,-0.0003846335679925736
150.0,-0.0006198172446365255
150.0,-0.00048499664040161717
150.0,-0.00039979995714642613
150.0,-0.0010307196064770988
150.0,-0.000846303709554795
150.0,-0.000812914942250225
150.0,-0.00029292929715856684
150.0,-0.00013075521582596659
150.0,-0.0001341924112798501
150.0,-3.8338392868750645e-05
150.0,-0.0003332857320516686
150.0,-0.000641334444161097
150.0,-0.0004205954793394169
150.0,-0.0004354162648905283
150.0,-0.00027062218752220874
150.0,-0.0002455946729594885
150.0,-0.00031415281736999845
150.0,-0.0001958886890074533
150.0,-0.0003580549507025964
150.0,-0.0002410384442366209
150.0,-0.0002456691735985302
150.0,-0.0003355568307338076
150.0,-0.0006114248634593332
150.0,-0.004594051315777338
150.0,-0.00041979871510002415
150.0,-0.0007496076918116494
150.0,-0.0005125778232822272
150.0,-0.000798873386378195
150.0,-0.000967251831487017
150.0,-0.0001283510944312372
150.0,-0.00018285700430569794
150.0,-0.0003399521180144986
150.0,-0.00037747191191875534
150.0,-0.0002911725013722574
150.0,-0.0002708778665262667
150.0,-0.0007289915394896168
150.0,-0.0004344537535417126
150.0,-0.000278514516364123
150.0,-0.0004311310502091733
150.0,-0.0014431890632215494
150.0,-9.952489694321336e-05
150.0,-0.00029214653413593765
150.0,-0.0004285128746804475
150.0,-0.00017046838561926087
150.0,-7.328466505984344e-05
150.0,-0.00020329392575390223
150.0,-0.0013239899066760622
150.0,-0.00042308608755023137
150.0,-0.0007197503172601563
150.0,-0.0003806620360269317
150.0,-0.0003795820350216063
150.0,0.00014933192160926544
150.0,-0.0002851791483399227
150.0,-0.0002973538628576934
150.0,-0.0013076725681442616
150.0,-8.588026353767375e-05
150.0,-0.0003097656770809902
150.0,-0.00029164265926271435
150.0,-0.0002338542142249281
150.0,-0.00011953908346937682
150.0,-0.0002039487716553673
150.0,-0.00025714927417427717
150.0,-0.0011299082213269461
150.0,-0.0007221985921587352
150.0,-0.0002805526519821123
150.0,-0.0003576601181114397
150.0,-0.00027062218752220874
150.0,-0.0032691773966170724
150.0,-0.0004205954793394169
150.0,-0.0003432993199136477
150.0,-0.0002830181633308437
150.0,-0.00019433279922719283
150.0,-0.00027846085552228524
150.0,-2.9211140828624246e-05
150.0,-0.00026878145187371553
150.0,-0.00030171636553167806
150.0,-0.0005605624035371818
150.0,-0.0003443453794658872
150.0,-0.00012052414681324406
150.0,-0.0032578229901625445
150.0,-0.0004589231281414506
150.0,-0.0002838161222429685
150.0,-0.00022716316270699843
150.0,-0.0005736534960128403
150.0,-0.0002942064456830081
150.0,-0.00042073699818094887
150.0,-0.0002994898617628446
150.0,-0.00035863135435741823
150.0,-0.0010307196064770988
150.0,-0.0002972519252102831
150.0,-0.000432236643874899
150.0,-0.00047595387738358363
150.0,-0.00023328574349727255
150.0,-0.00027343892098591886
150.0,-0.00017169036540426227
150.0,-0.000307538158673808
150.0,-0.0002456691735985302
150.0,-0.0010386153082069733
150.0,-0.0003634168492780905
150.0,-0.0007674665936862556
150.0,-0.00013474592808192416
150.0,-0.0003662402684098765
150.0,-0.0004456840857958055
150.0,-0.0002492893206965648
150.0,-0.0003871316496315673
150.0,-0.000314715117399455
150.0,-0.0004289407625960988
150.0,-0.0011041622477497258
150.0,-0.0003689287588332759
150.0,-0.0002456328087310221
150.0,-0.00033666263300055366
150.0,-0.0003893325108486188
150.0,-0.00016861713881530574
150.0,1.8328483878203906e-07
150.0,-0.00046062724614594767
150.0,-0.0004556149272572791
150.0,-0.000478120688479265
150.0,-0.0005535172572700806
150.0,-0.0004894600885675968
150.0,-0.000303814725684341
150.0,-0.0004813299995689316
150.0,-0.0002918295699685907
150.0,-0.0002661794598998657
150.0,-0.0002833183009908302
150.0,-0.00015950910874266042
150.0,-0.0010651989837171456
150.0,-0.000997905066448976
150.0,-0.00023374465722379134
150.0,-0.0010452961234534183
150.0,-0.0005419682824374034
150.0,-0.0008632706608965345
150.0,-0.000307538158673808
150.0,-0.001022640352356589
150.0,-2.6829756183954856e-05
150.0,-0.0002573244255977972
150.0,-0.0010038647788443193
150.0,-0.00016443933960876228
150.0,-0.00044331763711544383
150.0,-5.953390544119564e-05
150.0,-0.0005634372708202284
150.0,-0.00036683095803688833
150.0,-0.0002918295699685907
150.0,2.793576258936537e-06
150.0,-0.0010677630097720916
150.0,-0.000338630000243463
150.0,-7.803037167524139e-05
150.0,-0.00036506059891085115
150.0,-0.0011396850674942865
150.0,-0.0007011359974241492
150.0,-0.0008411572751102775
150.0,-0.0007256932599383452
150.0,2.6956881279095192e-05
150.0,-0.00025865611682409284
150.0,-0.00027380523596286135
150.0,-0.001326907924147328
150.0,-0.0002484692016086297
150.0,-0.0003211125078828041
150.0,-0.00047407159786207165
150.0,-0.0011817061452440501
150.0,-0.0005569130574230098
150.0,-0.0003476479449533456
150.0,-0.0010651989837171456
150.0,-0.0004292832045230376
150.0,-0.0002538186704232499
150.0,-0.0013239899066760622
150.0,-0.00035421138396094073
150.0,-0.0003224224894559738
150.0,-0.000267041859504123
150.0,-0.0011299082213269461
150.0,-0.00023875876437300092
150.0,-0.0001754283478642586
150.0,-0.0005194111670247156
150.0,-0.00031998035557079425
150.0,-0.00030939177712898145
150.0,-0.0010929389775152518
150.0,-0.00032055523980410185
150.0,-0.009244298928360511
150.0,-0.000746703835411407
150.0,-0.00033715046691556603
150.0,-0.0006350073792704142
150.0,-0.0003415405027437052
150.0,-0.00029171844810646383
150.0,-0.00033899939972368556
150.0,-0.0004202888238988947
150.0,-0.00039603167600480674
150.0,-0.00023824902396947815
150.0,-0.00023708163336493414
150.0,-0.0005762742697896625
150.0,-0.0007496076918116494
150.0,-0.00041590726565894116
150.0,-0.0005130950966301225
150.0,-0.0002453203198885359
150.0,-0.00031467897324355865
150.0,-0.001032336398716107
150.0,-0.0006318433756336797
150.0,-0.0007682754087306301
150.0,-0.00071735117848497
150.0,-0.000275887078044637
150.0,-5.1607762433933786e-05
150.0,-0.0003459886464703715
150.0,-0.0003680604686000476
150.0,-0.0004631460777122017
150.0,-0.0003680604686000476
150.0,-0.00031061990218821307
150.0,-0.0013076725681442616
150.0,-0.001472307084984172
150.0,-0.000307538158673808
150.0,-0.00019813128173093702
150.0,-0.0001427110017243545
150.0,-0.000700041883450074
150.0,-0.0001914331992673774
150.0,-0.0010055816047652862
150.0,-0.00013141303927654278
150.0,-0.0008332526678404553
150.0,-0.0002562266490630277
150.0,-0.0005140666301687167
150.0,-0.00045659043344446065
150.0,-0.000327445871735532
150.0,-0.000735358721303577
150.0,-0.0010055816047652862
150.0,-0.0002687836209137321
150.0,-0.00029135261461472385
150.0,-0.0005503282006882996
150.0,-0.0004961845999273555
150.0,-0.00027394057283851677
150.0,-0.0006641312001670442
150.0,-0.0013239899066760622
150.0,-0.0009659905010747395
150.0,-0.0004194994190541195
150.0,-0.0007148410314289437
150.0,-0.00028997595151341725
150.0,-0.0007183598865056933
150.0,-0.0004081031522341566
150.0,-0.00034034158551079883
150.0,-0.00019486931175719015
150.0,-0.000274852262772088
150.0,-0.0004273143766944904
150.0,-0.0002228792467882012
150.0,-0.0005764280906923905
150.0,-0.0011552750560276243
150.0,-0.0002664207794481237
150.0,-0.00026498092392895613
150.0,-0.0009236348752596112
150.0,-0.0005948182545489542
150.0,-0.0002911725013722574
150.0,-0.00036681041808873244
150.0,-0.0004046172308068162
155.0,-0.0004937116595621748
155.0,-0.0004939454479001459
155.0,-0.00023119850481335172
155.0,-0.0009330231407686923
155.0,-0.0004718386691551701
155.0,-0.00023126841368107358
158.0,-0.0007673732181598713
158.05567509487906,-0.0005806993011479283
159.85444292104853,-0.0005990754092751694
160.0,-0.0005665299489077205
160.0,-0.0010297844953701062
160.0,-0.0006107622294380551
160.0,-0.0033801165352610654
160.0,-0.0006463322404008065
160.0,-0.003076634806100684
160.0,-0.003413136174416461
160.0,-0.0006838981550966073
160.0,-0.000591171480484368
160.0,-0.0005393661938121925
160.0,-0.0006352842714162023
160.0,-0.0004302077518346293
160.0,-0.00030012006973868035
160.0,-0.0009545524398916673
160.0,-0.0005837929638929896
160.0,-0.000572763097221386
160.0,-0.0007054942079849513
160.0,-0.0003511424623028644
160.0,-0.0006344505064583618
160.0,-0.0006041892370275078
160.0,-0.0003825585793762157
160.0,-0.0005971645369990053
160.0,-0.0006062681379398584
160.0,-0.00031635513364719714
160.0,-0.0003714465616487301
160.0,-0.0004508804503080538
160.0,-0.0007127151448531692
160.0,-0.0005773766592934336
160.0,-0.0005336209459320046
160.0,-0.00035040008750238533
160.0,-0.0011933533088720422
160.0,-0.0003354209996387131
160.0,-0.0005535307141030841
160.0,-0.0005926308348909925
160.0,-0.001211207976426027
160.0,-0.0010796975283461974
160.0,-0.0006523080489584992
160.0,-0.0004276182342232477
160.0,-0.000662470250249167
160.0,-0.000504413566076325
160.0,-0.00027452423475367467
160.0,-0.0005430349625549065
160.0,-0.0006339190286400133
160.0,-0.00046969482846556784
160.0,-0.0005342024480478631
160.0,-0.0003555636144512005
160.0,-0.0011932923430146099
160.0,0.0004321912370842532
160.0,-0.00035040008750238533
160.0,-0.0005577867996832734
160.0,-0.0005465847664343713
160.0,-0.00038464777177423074
160.0,-0.00045272756838571874
160.0,-0.00028149870855906297
160.0,-0.00028486009412107975
160.0,-0.000647787104883759
160.0,-0.001222867223052399
160.0,-0.0007664292633143685
160.0,-0.00031901470677562203
160.0,-0.000405592212294315
160.0,-0.0005349368152170766
160.0,-0.0007255643010439737
160.0,-0.00037538614835195254
160.0,-0.0012929479923408272
160.0,-0.0006069653083185566
160.0,-0.00036348472003995146
160.0,-0.0003090547904672674
160.0,-0.0007039454713181907
160.0,-0.0005274060679356188
160.0,-0.000742413294421705
160.0,-0.0003502980036202215
160.0,-0.00037765658424635543
160.0,-0.0006351088431705384
160.0,-0.0005503805083563043
160.0,-0.0006667083702538357
160.0,-0.00039368769431219757
160.0,-0.0034590760164496
160.0,-0.0007839888981076952
160.0,-0.0003657961871731292
160.0,-0.00038036180597568106
160.0,-0.0005847651733140552
160.0,-0.00039023005417079663
160.0,-0.0005641900043210914
160.0,-0.00040428005143727894
160.0,-0.0008586344327528953
160.0,-0.0002582240080800754
160.0,-0.0034169776828941556
160.0,-0.0005322029535179451
160.0,-0.0006183597690338201
160.0,-0.000559378363123848
160.0,-0.0006271463347220429
160.0,-0.0011114647936663312
160.0,-0.0007581059593846199
160.0,-0.0003263617509280629
160.0,-0.0006062681379398584
160.0,-0.0008800051317157791
160.0,-0.0005972705373909837
160.0,-0.00030012006973868035
160.0,-0.0009619168970958518
160.0,-0.0008500833192847817
160.0,-0.0014161032284810426
160.0,-0.000858775681939142
160.0,-0.0004532344356110328
160.0,-0.00042428259539690626
160.0,-0.000292294412713932
160.0,-0.0006231476867066063
160.0,-0.00042200462711238185
160.0,-0.0006155554628132319
160.0,-0.00026179877317153747
160.0,-0.0011522033616864712
160.0,-0.0005798432166831675
160.0,-0.0010819033675496489
160.0,-0.0010811450836963885
160.0,-0.000549382765000779
160.0,-0.0006084061409866774
160.0,-0.00030012006973868035
160.0,-0.00028486009412107975
160.0,-0.0012343822966994415
160.0,-0.0007260959774050271
160.0,-0.0004292182013383558
160.0,-0.00030012006973868035
160.0,-0.0005991346992043185
160.0,-0.000709119014293212
160.0,-0.0004891226369578459
160.0,-0.0008360162312838595
160.0,-0.0005824438931220025
160.0,-0.00037949596260124105
160.0,-0.0005222262402445967
160.0,-0.000417877509264637
160.0,-0.0003728678935261726
160.0,-0.0005885041339137864
160.0,-0.00033733331295372597
160.0,-0.0004089221308490219
160.0,-0.00388988448348114
160.0,-0.00045070470324198446
160.0,-0.0004584782358546669
160.0,-0.0008753020964799886
160.0,-0.003447358463449229
160.0,-0.0002871269010799675
160.0,-0.0008860313444843257
160.0,-0.00037092929560865413
160.0,-0.0003263617509280629
160.0,-0.000662470250249167
160.0,-0.0011966272592987234
160.0,-0.0008238214824291113
160.0,-0.0009254656111725949
160.0,-0.0005898880129440985
160.0,-0.0009631926699923171
160.0,-0.0003382740034876337
160.0,-0.0011949034380714229
160.0,-0.003773906444212592
160.0,-0.000698955233137117
160.0,-0.0004472201696680526
160.0,-0.0005672722448667481
160.0,-0.0003830973194869147
160.0,-0.000375761260839377
160.0,-0.0006791384712137463
160.0,-0.0003787604941067755
160.0,-0.0010068730876882776
160.0,-0.00035999179284804605
160.0,-0.0007505855612254037
160.0,-0.0003129767212680603
160.0,-0.000581445304070031
160.0,-0.0007255643010439737
160.0,-0.0006603761649900856
160.0,-0.0003354209996387131
160.0,-0.0005888968306727429
160.0,-0.0009120759929495095
160.0,-0.0011392718110946587
160.0,-0.00031884259316343564
160.0,-0.00019576113574057934
160.0,-0.00041440485619354087
160.0,-0.0005541530035993837
160.0,-0.000819712549929964
160.0,-0.0009817262892639015
160.0,-0.0011050786418663541
160.0,-0.0006171021716886236
160.0,-0.0005474043594291075
160.0,-0.0006257605808385269
160.0,-0.0008616518360688057
160.0,-0.000824009634369791
160.0,-0.0005821032314204264
160.0,-0.00041718457418754557
160.0,-0.0003222392524616548
160.0,-0.0006730909476231605
160.0,-0.0019201726075052052
160.0,-0.0002741974655879839
160.0,-0.00026462015798499566
160.0,-0.0005633582012146325
160.0,-0.0005979195916722828
160.0,-0.0016416210213839567
160.0,-0.00035341171743477335
160.0,-0.00078468458397804
160.0,-0.00019162397797585335
160.0,-0.00046183914108002323
160.0,-0.00039467512189118176
160.0,-0.0006230544525787764
160.0,-0.0006041892370275078
160.0,-0.000434590561436042
160.0,-0.0004224213328903767
160.0,-0.00035040008750238533
160.0,-0.0005349368152170766
160.0,-0.00045206566848973403
160.0,-0.00035728569812450226
160.0,-0.0003663826723571077
160.0,-0.000625603753841348
160.0,-0.0006162583705804931
160.0,-0.0006646647834009921
160.0,-0.00039371116008637285
160.0,-0.00033892510507564806
160.0,-0.0006091746100622292
160.0,-0.00039585638086416387
160.0,-0.0005989836513361042
160.0,-0.00021718794090650322
160.0,-0.0005886380741984603
160.0,-0.000264730055099681
160.0,-0.0011392718110946587
160.0,-0.0005937110009435379
160.0,-0.0010700111714027978
160.0,-0.0004609599963513659
160.0,-0.0007038931886748929
160.0,-0.0003433812042634358
160.0,-0.0005277112651201405
160.0,-0.0014492149825310469
160.0,-0.00032066461514771496
160.0,-0.000415908136633038
160.0,-0.0007294377309357897
160.0,-0.0005903266214500895
160.0,-0.0003336886488198133
160.0,-0.0010619302269353583
160.0,-0.0007875910421544168
160.0,-0.00038617784506633443
160.0,-0.0003171853797417893
160.0,-0.0006676681243048448
160.0,-0.0005050006010332315
160.0,-0.0005721493151559921
160.0,-0.000652494519947634
160.0,-0.0003688725671640821
160.0,-0.00028235719750724695
160.0,-0.0004870966371303556
160.0,-0.0003818105284396481
160.0,-0.0006084366404199162
160.0,-0.0003787459917645836
160.0,-0.0005940633899676573
160.0,-0.0004987380032906529
160.0,-0.0003416031605940167
160.0,-0.0004672977412469062
160.0,-0.0005633582012146325
160.0,-0.0003432333768779812
160.0,-0.0009380978211013123
160.0,-0.00057105815195155
160.0,-0.0008860313444843257
160.0,-0.0005744050193426439
160.0,-0.00030012006973868035
160.0,-0.0004143758617245736
160.0,-0.0005669011676412412
160.0,-0.0004926313825639664
160.0,-0.0010973411638145738
160.0,-0.0006031623356491155
160.0,-0.0005914741567553658
160.0,-0.004431393899208399
160.0,-0.00043540253292598583
160.0,-0.0005081437768805653
160.0,-0.0005127375727596305
160.0,-0.00048365067609688856
160.0,-0.000549168084576397
160.0,-0.00037864307842554184
160.0,-0.00044351371150766554
160.0,-0.0005490787473450158
160.0,-0.0007137498962665412
160.0,-0.0003475374840351892
160.0,-0.00030637978283158554
160.0,-0.000858775681939142
160.0,-0.0003131821274230591
160.0,-0.0005151064366315383
160.0,-0.000378306318275801
160.0,-0.0011392718110946587
160.0,-0.0004210101140350683
160.0,-0.0006393984993121295
160.0,-0.0003944329493731014
160.0,-0.00035532653745237096
160.0,-0.0003834525107829483
160.0,-0.0006028749314448684
160.0,-0.0005471255476909728
160.0,-0.0005370190847061944
160.0,-0.00039395739864998765
160.0,-0.0008427024223910351
160.0,-0.00034714342032653514
160.0,-0.0005979195916722828
160.0,-0.00030012006973868035
160.0,-0.0002990813471191118
160.0,-0.0005596495219125444
160.0,-0.00038779342678847093
160.0,-0.0002940991235102845
160.0,-0.0005995494793392374
160.0,-0.0006389722937146279
160.0,-0.0009005796098362584
160.0,-0.0007223406806347553
160.0,-0.0005915942438342685
160.0,-0.00032513020352663855
160.0,-0.0004029303270756074
160.0,-0.0005859316781567004
160.0,-0.0002677679484506865
160.0,-0.0005759652603862272
160.0,-0.0005089243313411477
160.0,-0.00040986748665267563
160.0,-0.00038268668592278073
160.0,-0.0003171853797417893
160.0,-0.00037949596260124105
160.0,-0.0005419692074605418
160.0,-0.0007217587400908905
160.0,-0.0006065453254788855
160.0,-0.0003336886488198133
160.0,-0.0005004960453022463
160.0,-0.0008360162312838595
160.0,-0.0003524661973735772
160.0,-0.0005100192292284867
160.0,-0.000426960130555726
160.0,-0.00047164803681813244
160.0,-0.0006530604597402568
160.0,-0.00032986803930413366
160.0,-0.0006591269613674691
160.0,-0.0004160986514619323
160.0,-0.0003085559414679853
160.0,-0.0006655314483042919
160.0,-0.00048481487662094876
160.0,-0.0005070758301517107
160.0,-0.0003924134275147668
160.0,-0.0006118262600024974
160.0,-0.0003856685591667114
160.0,-0.0006744748266534724
160.0,-0.00034192984327218964
160.0,-0.0006744748266534724
160.0,-0.0005640837624695227
160.0,-0.000643566704329909
160.0,-0.0006204817715801255
160.0,-0.0006648263387005444
160.0,-0.0011940202706369897
160.0,-0.0012645339202519991
160.0,-0.0009569057118030583
160.0,-0.0006561646898774296
160.0,-0.0005865407422213652
160.0,-0.0007144453579416453
160.0,-0.0007175539452664645
160.0,-0.0005212905959843624
160.0,-0.0005735849948984139
160.0,-0.0005940147139213045
160.0,-0.0004954743281421384
160.0,-0.00029846967500511126
160.0,-0.0009671604273236952
160.0,-0.0004285652967858681
160.0,-0.0005963192867919635
160.0,-0.00032513901769483345
160.0,-0.0004458513752952753
160.0,-0.00034192984327218964
160.0,-0.000652303400794246
160.0,-0.00029846967500511126
160.0,-0.0005258568049544552
160.0,-0.000338339182472426
160.0,-0.0003823565142014381
160.0,-0.001124998567832571
160.0,-0.0006242835448962403
160.0,-0.00041209490172325184
160.0,-0.00033185932068929
160.0,-0.0011562201868473559
160.0,-0.00044640819817810877
160.0,-0.0006475674353075319
160.0,-0.00046969482846556784
160.0,-0.003961484593751529
160.0,-0.0005661564918828598
160.0,-0.0005458586081217472
160.0,-0.0003481672350030983
160.0,-0.0006447116777084641
160.0,-0.0004217188524549684
160.0,-0.0010751013192953128
160.0,-0.0005595907461194297
160.0,-0.0005301697978564384
160.0,-0.0006042868639408282
160.0,-0.0005869335855239383
160.0,-0.0010082875299682612
160.0,-0.00046991076686181025
160.0,-0.0006083727411724354
160.0,-0.00039536666029628685
160.0,-0.0009566826346421314
160.0,-0.0004461401022133586
160.0,-0.00032066461514771496
160.0,-0.00048174777675132015
160.0,-0.0002644211740364644
160.0,-0.0005679138279380324
160.0,-0.0003201693496854198
160.0,-0.0007236486161612389
160.0,-0.00043820824009669344
160.0,-0.0006673087290059253
160.0,-0.0004116049581357308
160.0,-0.0005833957972797635
160.0,-0.0003861281367265819
160.0,-0.0005566679177966686
160.0,-0.000819712549929964
160.0,-0.0003203296920633567
160.0,-0.0006410324755992103
160.0,-0.0009566826346421314
160.0,-0.0006273152497087637
160.0,-0.00047742413480129914
160.0,-0.0005816081351601446
160.0,-0.0005796558971571733
160.0,-0.00031952477844938797
160.0,-0.0006056255314920375
160.0,-0.0006712771552498894
160.0,-0.0003748009571578757
160.0,-0.0005374290241954603
160.0,-0.0003278470811020233
160.0,-0.00034192984327218964
160.0,-0.001137197675766262
160.0,-0.00032082198516743786
160.0,-0.0002705946174653877
160.0,-0.0007147221056876068
160.0,-0.0005464447015898181
160.0,-0.00028235719750724695
160.0,-0.0006782458739938993
160.0,-0.000480394975928352
160.0,-0.0003616436751760348
160.0,-0.00030635736422423773
160.0,-0.00033197645177183657
160.0,-0.0003389832213258189
160.0,-0.00028235719750724695
160.0,-0.0012143411179409392
160.0,-0.00133274039647636
160.0,-0.0006285302137523548
160.0,-0.0003901630943127856
160.0,-0.0003162699758661645
160.0,-0.00032791030701630045
160.0,-0.0003708429084219793
160.0,-0.00034071236113043004
160.0,-0.0005967473619672495
160.0,-0.0003140936761810112
160.0,-0.0005011131433508357
160.0,-0.0004959540137890204
160.0,-0.0003640843258301368
160.0,-0.0007077351352629001
160.0,-0.0003432333768779812
160.0,-0.0006393984993121295
160.0,-0.0006686403337259103
160.0,-0.00045196027247961944
160.0,-0.0005207771248593303
160.0,-0.0005290699523769746
160.0,-0.0003510432929554521
160.0,-0.00019786006386587557
160.0,-0.0005607386817365369
160.0,-0.0005911294526555178
160.0,-0.0012820651025163318
160.0,-0.00030976707922874717
160.0,-0.00034303106094587247
160.0,-0.0005510468924780396
160.0,-0.0003416031605940167
160.0,-0.00027664767116439536
161.05649951400335,-0.000347514682779548
165.0,-0.0021357006366244644
165.0,-0.002448743213125816
165.0,-0.0012083126103897305
165.0,-0.0004045092758070747
165.0,-0.0006257666871438064
165.0,-0.0004379301979778608
165.0,-0.0005917340305923763
165.0,-0.000565369144671556
165.0,-0.000979332669162546
165.0,-0.0018927868070588378
165.0,-0.003144436093232075
165.0,-0.0010123796763575378
165.0,-0.002447499616631734
165.76202473351992,-0.0004966719144734206
167.0,-0.0005146155093420504
167.0,-0.0005190948973469196
170.0,-0.0006299588271440111
170.0,-0.0005673718597478825
170.0,-0.0006251090532232411
170.0,-0.0003398073899290361
170.0,-0.0012426681981389236
170.0,-0.0022864016489846243
170.0,-0.00038600128964943195
170.0,-0.0006165421853655099
170.0,-0.0005928238158586753
170.0,-0.0006299588271440111
170.0,-0.005083597894001358
170.0,-0.0003826399777493245
170.0,-0.0006787502172119999
170.0,-0.0006363767971204988
170.0,-0.0005612385382465235
170.0,-0.0005942126641142062
170.0,-0.0004993896593282137
170.0,-0.000713690669970792
170.0,-0.0004057627699437049
170.0,-0.0004904800583960514
170.0,-0.00034276640402299897
170.0,-0.0005452283842924881
170.0,-0.00048274350251203426
170.0,-0.0005222537434297279
170.0,-0.0005748787682395176
170.0,-0.0012707576714327394
170.0,-0.000611516235296157
170.0,-0.0002936612173071346
170.0,-0.0004098543579238047
170.0,-0.00036142176868488626
170.0,-0.0004930384153323829
170.0,-0.0010473493212122334
170.0,-0.0003498572388947387
170.0,-0.00031444819654746645
170.0,-0.0006334729150951546
170.0,-0.0013673500921679844
170.0,-0.002611210004582793
170.0,-0.0004760000310274613
170.0,-0.0007679895012570955
170.0,-0.0012405172828641763
170.0,-0.0005495144753972082
170.0,-0.0006129612509904033
170.0,-0.0014386050024455918
170.0,-0.0005307322472507481
170.0,-0.0013542224920365792
170.0,-0.00035731959080985756
170.0,-0.0011217283839100992
170.0,-0.0008461239812350983
170.0,-0.00032870764368734775
170.0,-0.0005375409566250178
170.0,-0.0017453824308212515
170.0,-0.0003398073899290361
170.0,-0.0006403738854684755
170.0,-0.0005530137437744376
170.0,-0.0007026536211774051
170.0,-0.00048442008820001695
170.0,-0.0006168202495068825
170.0,-0.0005882703991262945
170.0,-0.0022864016489846243
170.0,-0.00039999919498560774
170.0,-0.0003900022957713121
170.0,-0.0005354587167057435
170.0,-0.0005392525334083707
170.0,-0.0006847268806798759
170.0,-0.0075938324750040795
170.0,-0.0006637945829813163
170.0,-0.0005894600599106571
170.0,-0.0004229974722658744
170.0,-0.0013338536926592417
170.0,-0.0005724333083815201
170.0,-0.0004025358897878084
170.0,-0.002425723252315692
170.0,-0.0012516354249246789
170.0,-0.00044250659699620904
170.0,-0.0007342022595959282
170.0,-0.00037438490328029
170.0,-0.0009015302743664708
170.0,-0.0006364827471989033
170.0,-0.0005179759749291963
170.0,-0.000452903811340082
170.0,-0.000644343667433523
170.0,-0.0005198995535303564
170.0,-0.0006310991206616506
170.0,-0.0024131035000729785
170.0,-0.0005930668922487581
170.0,-0.0012614735373818336
170.0,-0.00147685713787166
170.0,-0.0005330763941915477
170.0,-0.0006129612509904033
170.0,-0.00121903661154942
170.0,-0.0014848664960094452
170.0,-0.000323654336123893
170.0,-0.0004822368788087488
170.0,-0.0012695608934037178
170.0,-0.000376809632883166
170.0,-0.00032536396177709233
170.0,-0.0006313182068722413
170.0,-0.000553142893231225
170.0,-0.000675974167517925
170.0,-0.00038983263882374787
170.0,-0.0010814284948297177
170.0,-0.00034382864091092233
170.0,-0.0013854485200453398
170.0,-0.0005370756624092845
170.0,-0.0009204347280694414
170.0,-0.00022614772114363046
170.0,-0.0007324688429307167
170.0,-0.0006303372379820181
170.0,-0.0011569555428288573
170.0,-0.0004841742897753906
170.0,-0.0005307322472507481
170.0,-0.0004987995107165966
170.0,-0.0005269440666779994
170.0,-0.0003421153024349846
170.0,-0.0003795866262467863
170.0,-0.0003723704971249395
170.0,-0.0004628062799786985
170.0,-0.00039760024397078706
170.0,-0.000583524415455991
170.0,-0.0008491189986947353
170.0,-0.00045823148361002434
170.0,-0.0004156801230738134
170.0,-0.0006595018388687299
170.0,-0.0005463143019273219
170.0,-0.0015434589403962229
170.0,-0.0007448936792689347
170.0,-0.0008013656757781915
170.0,-0.0014985528114554998
170.0,-0.00037261188478090394
170.0,-0.0008071034024870953
170.0,-0.0008773919448308744
170.0,-0.0007222012742225225
170.0,-0.0007466340675356337
170.0,-0.0009348144231474859
170.0,-0.0013943470173735622
170.0,-0.0007325096427131605
170.0,-0.00040690974205262145
170.0,-0.0004784675400755638
170.0,-0.0003302030498754138
170.0,-0.0012242177572703778
170.0,-0.0007360727100682098
170.0,-0.000984253286283421
170.0,-0.0006512693045752106
170.0,-0.0004019902350094671
170.0,-0.0005389778118764541
170.0,-0.0011363979240309146
170.0,-0.0014243758198416762
170.0,-0.0007243706397677932
170.0,-0.0010044316139183685
170.0,-0.0010908080338449444
170.0,-0.0004007538890596268
170.0,-0.00031012316271966916
170.0,-0.00042010395422101743
170.0,-0.0004613134601627661
170.0,-0.0007346344947457335
170.0,-0.00038228654416527476
170.0,-0.0010770175707510812
170.0,-0.0011058862534482588
170.0,-0.0004010226417705592
170.0,-0.0007346344947457335
170.0,-0.0011881494869090232
170.0,-0.00035699259815797285
170.0,-0.0005393744717471043
170.0,-0.0011839674386181212
170.0,-0.0006165421853655099
170.0,-0.000422968056346685
170.0,-0.00040094180241481855
170.0,-0.0001933868404580753
170.0,-0.0006860667388354575
170.0,-0.0004620925394888222
170.0,-0.0004662606828988017
170.0,-0.0005802977689750697
170.0,-0.00030348359322389243
174.0,-0.0034825870656910946
175.0,-0.000403341391945101
175.0,-0.0003084158463089309
175.0,-0.0027970473157205083
175.0,-0.0005784270641126609
175.0,-0.0004936058776291768
175.0,-0.00041049147983317777
175.0,-0.0005154750511439345
175.0,-0.001709022360292136
175.0,-0.0005282034670872928
175.0,-0.0006109289327510463
175.0,-0.0006107318139641037
175.0,-0.0009746046818799785
175.0,-0.0003470934832758142
175.0,-0.00046473624434287557
175.0,-0.0005815038783521879
175.0,-0.0005568709584088077
175.0,-0.0003371347730194015
175.0,-0.00033014479922364694
175.0,-0.0006277118298500708
175.0,-0.0005901792183777371
175.0,-0.000656665095037914
175.0,-0.0005413103303972791
175.0,-0.0005480592781977266
175.0,-0.0004076468872764462
175.0,-0.00038257245988221637
175.0,-0.0005149357203999092
175.0,-0.0005700508502528445
175.0,-0.0008620094731348092
175.0,-0.0006816020490690744
175.0,-0.0003965772058710703
175.0,-0.0004198645810917569
175.0,-0.0009952337933073767
175.0,-0.000664856582348917
175.0,-0.0006315838706857976
175.0,-0.0005024812707724968
175.0,-0.0006322229827969208
175.0,-0.0004933766370086309
175.0,-0.0004966739914081094
175.0,-0.0006646135518602748
175.0,-0.0003368989607645576
175.0,-0.0006746302542911242
175.0,-0.00044420816712455283
175.0,-0.0012993327469525407
175.0,-0.00045370992173678944
175.0,-0.0008628396303795782
175.0,-0.0004031152462860162
175.0,-0.0003941128412370363
175.0,-0.0011868527888039754
175.0,-0.0005039826742653401
175.0,-0.0004949616436811649
175.0,-0.0005390195285912678
175.0,-0.0006477108341191499
175.0,-0.0006521621947627645
175.0,-0.0005975277485394925
175.0,-0.0006432161667482478
175.0,-0.0008627154646939246
175.0,-0.0005535136408469821
175.0,-0.0005129089666841585
175.0,-0.0006798624932757879
175.0,-0.0006390293058004031
175.0,-0.00036177303247954647
175.0,-0.0004095217488941537
175.0,-0.00048589061899364155
175.0,-0.0003273984484220948
175.0,-0.0005499529290829169
175.0,-0.0006048102310897133
175.0,-0.0006055935107742007
175.0,-0.0005517455231129671
175.0,-0.00024109446146344116
175.0,-0.0007171744986808153
175.0,-0.0003279534629149208
175.0,-0.0004422343051841946
175.0,-0.00032983986281027224
175.0,-0.0005071854522543144
175.0,-0.0005498506386292098
175.0,-0.00034710123859603854
175.0,-0.0009526200889171556
175.0,-0.0005998577864863645
175.0,-0.0008492782380040501
175.0,-0.0006764296205406586
175.0,-0.0009336295747440494
175.0,-0.0006098687775356588
175.0,-0.0005082963650980146
175.0,-0.00042661064479814295
175.0,-0.00037337226703921086
175.0,-0.00047558655785909774
175.0,-0.00035258596151992617
175.0,-0.0006027431053585719
175.0,-0.0007490384805803166
175.0,-0.0005158041545691648
175.0,-0.0006354606083589516
175.0,-0.0006197247579561147
175.0,-0.0003133400643740015
175.0,-0.00035334260876107235
175.0,-0.00045903332905260734
175.0,-0.0005476597866771231
175.0,-0.0003498385033241374
175.0,-0.0006085904812630823
175.0,-0.0006511816606302834
175.0,-0.0015301553283989596
175.0,-0.000623783891120874
175.0,-0.0003611948405504623
175.0,-0.0006782210129154298
175.0,-0.0006014471373936934
175.0,-0.0004905568491647518
175.0,-0.0005129636476749054
175.0,-0.0015301553283989596
175.0,-0.0005317081717508242
175.0,-0.0006161139250807224
175.0,-0.0008627154646939246
175.0,-0.0005100241985608015
175.0,-0.0005257126410031839
175.0,-0.00037775448226348875
175.0,-0.00046888732781427044
175.0,-0.0003418664980158389
175.0,-0.0007001855718649152
175.0,-0.0005499229976506407
175.0,-0.0005188802697001421
175.0,-0.0004766628014735695
175.0,-0.000777284053753537
175.0,-0.00038477751867746214
175.0,-0.0006488594764060788
175.0,-0.0007491602744889933
175.0,-0.0004282516277131343
175.0,-0.00046398082575844536
175.0,-0.0006225580279185319
175.0,-0.0005480592781977266
175.0,-0.0005723284486821088
175.0,-0.0005071854522543144
175.0,-0.0005096866790384638
175.0,-0.0005273713568657232
175.0,-0.0007334195562674706
175.0,-0.0007255913787920944
175.0,-0.00048698114471202914
175.0,-0.0007144355545419885
175.0,-0.0005380237840895337
175.0,-0.0004766628014735695
175.0,-0.0006236379330500256
175.0,-0.0007383851051702183
175.0,-0.00042892728990981464
175.0,-0.000637546544043197
175.0,-0.000605286466021262
175.0,-0.003018697768074285
175.0,-0.0004600389975474911
175.0,-0.0005234707757423377
175.0,-0.00047916034768784066
175.0,-0.0003993313665156996
175.0,-0.00113854597531619
175.0,-0.0005841479292491616
175.0,-0.0006007161361625511
175.0,-0.0003368989607645576
175.0,-0.0006305395704281474
175.0,-0.00031640384529912257
175.0,-0.0005147929057858021
175.0,-0.0004422981647733965
175.0,-0.0006168008760897668
175.0,-0.0006287507188381286
175.0,-0.0004323153576303103
175.0,-0.00038948562099077623
175.0,-0.00043916492771406483
175.0,-0.00046175477771919263
175.0,-0.0005553286176744859
175.0,-0.0007135951164238684
175.0,-0.0009176556165081652
175.0,-0.0007292308266567414
175.0,-0.00041049147983317777
175.0,-0.0003482590186928228
175.0,-0.00052970373416423
175.0,-0.0005219579448716061
175.0,-0.0011765106963980197
175.0,-0.0005409109677816797
175.0,-0.0005269317643037422
175.0,-0.0006405199182708482
175.0,-0.0003892206761844437
175.0,-0.0006862093912918315
175.0,-0.0006173863064681508
175.0,-0.0005743180564419488
175.0,-0.00043370295334007296
175.0,-0.0006289556125712548
175.0,-0.00037995018608298555
175.0,-0.0005249022071885932
175.0,-0.00042129055559090575
175.0,-0.0006665825025875448
175.0,-0.0003927059238393486
175.0,-0.00037699070082279087
175.0,-0.00043069911413008704
175.0,-0.0005544947228455141
175.0,-0.000352691507173058
175.0,-0.00040716123641238344
175.0,-0.0009277763663901206
175.0,-0.0006489869091870171
175.0,-0.00033514740923697736
175.0,-0.00046977487981230407
175.0,-0.0005338261553221189
175.0,-0.0005497660466053297
175.0,-0.000850936225348591
175.0,-0.00048782621279592846
175.0,-0.00047546495809807325
175.0,-0.0003264106884996542
175.0,-0.0005967641569313025
175.0,-0.0006288136501895195
175.0,-0.0006244601544249824
175.0,-0.0004908835774649433
175.0,-0.0004940598468411333
175.0,-0.0003487856521532097
175.0,-0.0005224110791355466
175.0,-0.000334504752407821
175.0,-0.0004938355322735045
175.0,-0.0005375408165143297
175.0,-0.0006352640399087552
175.0,-0.00046419174956824274
175.0,-0.0012209194317835312
175.0,-0.00039282896359363085
175.0,-0.0006700490104363424
175.0,-0.0004293781707008484
175.0,-0.0005490785877073597
175.0,-0.0006818480485041615
175.0,-0.0003084158463089309
175.0,-0.00046933906937779196
175.0,-0.0005868680753792133
175.0,-0.00043126322241932914
175.0,-0.001462343886908906
175.0,-0.00032748449353708225
175.0,-0.0006278218902079912
175.0,-0.000677118915402783
175.0,-0.00034555503744021634
175.0,-0.0006308580193092252
175.0,-0.0005521044980932935
175.0,-0.00047730183486564555
175.0,-0.0005320903846607184
175.0,-0.00032124807629874244
175.0,-0.0004088486146396634
175.0,-0.0005584041351867968
175.0,-0.0004028320744515952
175.0,-0.0005230718989840661
175.0,-0.00041473470059193835
175.0,-0.0005417161302614247
175.0,-0.0003376459107393993
175.0,-0.001081198701156445
175.0,-0.00042393630522256036
175.0,-0.0006577827343920855
175.0,-0.0003739089338364182
175.0,-0.0003468869675030777
175.0,-0.0004896705020173605
175.0,-0.00029584133602351454
175.0,-0.0005256508017020718
175.0,-0.0005945584160720978
175.0,-0.0013113112042742437
175.0,-0.0007096009679957364
175.0,-0.0004626115648435857
175.0,-0.0003084158463089309
175.0,-0.0004302632846072687
175.0,-0.0003717411064677075
175.0,-0.0006507128294256448
175.0,-0.00031539975958415177
175.0,-0.0003848840646441924
175.0,-0.0003571137364957803
175.66293081678754,-0.0005543931492701964
177.0,-0.00040909975141969384
178.0,-0.0006129648828593193
180.0,-0.0006918136307070086
180.0,-0.0007582266053213223
180.0,-0.0007661122882040505
180.0,-0.0003779713414409987
180.0,-0.0009587374463826652
180.0,-0.0006485166022113083
180.0,-0.0011071312273910807
180.0,-0.0005012712048545168
180.0,-0.000760320485244437
180.0,-0.0003523974327140804
180.0,-0.0005176157541467026
180.0,-0.0007206965797230856
180.0,-0.0013335639559128856
180.0,-0.0005120397048355344
180.0,-0.0003765275833915929
180.0,-0.0015023848698971565
180.0,-0.0008676877556247404
180.0,-0.0003493444714775138
180.0,-0.005689196844536384
180.0,-0.0005012712048545168
180.0,-0.0009399986708125607
180.0,-0.0008972857899730253
180.0,-0.0006074584955774336
180.0,-0.0011304735331347435
180.0,-0.0004522005185349471
180.0,-0.0003523974327140804
180.0,-0.0015023848698971565
180.0,-0.00024418887671820677
180.0,-0.0006865841213681817
180.0,-0.000592464139393858
180.0,-0.000599400345745188
180.0,-0.0006575590986475455
180.0,-0.0004837522730155366
180.0,-0.0022385105212471552
180.0,-0.0005816490237512824
180.0,-0.0011841838279171978
180.0,-0.000559027827719982
180.0,-0.0005927505807033051
180.0,-0.0007035910171424431
180.0,-0.0004052152092134769
180.0,-0.0008972857899730253
180.0,-0.000553953111469608
180.0,-0.0007002231685958026
180.0,-0.00026082342404850923
180.0,-0.000574952027185322
180.0,-0.0032343342625293318
180.0,-0.0006665578363489171
180.0,-0.004322114355438892
180.0,-0.0007743697823438989
180.0,-0.0004837522730155366
180.0,-0.0007931377569034434
180.0,-0.0005610175573737352
180.0,-0.0007035910171424431
180.0,-0.0006450085179677585
180.0,-0.0008164391836682382
180.0,-0.0005157076379300935
180.0,-0.0005946435899866391
180.0,-0.0008317432960121114
180.0,-0.0007351479397659879
180.0,-0.00036149742923390386
180.0,-0.0005268359012376256
180.0,-0.004329832256406893
180.0,-0.0003588903699181979
180.0,-0.004322114355438892
180.0,-0.00129302953470741
180.0,-0.0005922142411651741
180.0,-0.001273005822436884
180.0,-0.000603687314716452
180.0,-0.00045094451666273934
180.0,-0.002154021537365818
180.0,-0.0006605148772493455
180.0,-0.0002907827150227039
180.0,-0.0017674074550407981
180.0,-0.000599400345745188
180.0,-0.00036862770363869636
180.0,-0.0006488169287543038
180.0,-0.0007405571292334216
180.0,-0.00028411794478186306
180.0,-0.0016376412000445153
180.0,-0.0007432834795471861
180.0,-0.00038262715611061523
180.0,-0.0015023198503760261
180.0,-0.0003990580542625926
180.0,-0.0003447890979361294
180.0,1.3963861642396174e-05
180.0,-0.0005132020082755644
180.0,-0.0006835028748684666
180.0,-0.0027976107160754956
180.0,-0.0006714722507966097
180.0,-0.0008185563134362315
180.0,-0.0005271743789049282
180.0,-0.0006624202572635626
180.0,-0.0007387930442037979
180.0,-0.00047637601221716053
180.0,-0.0005777262298207396
180.0,-0.00042921574015061613
180.0,-0.0007876958704947843
187.0,-0.010819103277621032
190.0,-0.001414457962279165
190.0,-0.0006739750535705835
190.0,-0.0011986048739172947
190.0,-0.001460885759321359
190.0,-0.0016266146631393385
190.0,-0.0007324779647664794
190.0,-0.0005293381286376415
190.0,-0.0034894360481048286
190.0,-0.000729936675416303
190.0,-0.0011931639668278445
190.0,-0.0016078357501649728
190.0,-0.0006739750535705835
190.0,-0.001107731466642372
190.0,-0.0007304716249483247
190.0,-0.0005436782433715372
190.0,-0.0007164961397876798
192.87318390798453,-0.0008704094840387897
200.0,-0.0003472174675536499
200.0,-0.0023523286185219137
200.0,-0.00041222822423490945
200.0,-0.0004380176376431885
200.0,-0.0004942303787779514
200.0,-0.0004773190829193854
200.0,-0.0005252405471448362
200.0,-0.0004717708463626943
200.0,-0.0003891711410316169
200.0,-0.0005550530020940066
200.0,-0.0007184226725546789
200.0,-0.0004726919268548029
200.0,-0.00036821876446181304
210.0,-0.0012178872955515652
210.0,-0.0012450626251832122
210.0,-0.0015622952589878988
210.0,-0.000966566581954263
210.0,-0.0012450626251832122
210.0,-0.0012577865714405725
214.89145436560398,-0.0005959635334567857
220.0,-0.0005595859171294591
250.0,-0.0013171777968184926
300.0,-0.0005425217431347274
394.0,-0.00039283786089051783
450.0,-0.0003566837453439664
500.0,-0.0007861947481421357
