OH/Si,SHAP value
0.0,-0.00037923286199699615
0.0,-0.00041698953977256864
0.0,-0.0003340085206692508
0.0,-0.0003999007391436419
0.0,-0.0007031975831355942
0.0,-0.0005045512023228234
0.0,-0.001141347177116283
0.0,-0.0005900229217724836
0.0,-0.0007932684309715693
0.0,-0.0008551627394803663
0.0,-0.0004563106763391583
0.0,-0.0002944396841130259
0.0,-0.0005940069544973484
0.0,-0.00041633101261013265
0.0,-0.00041647318616408555
0.0,-0.0006646015464579505
0.0,-0.00037100202948914083
0.0,-0.0005129414021903186
0.0,-0.00034767176792532036
0.0,-0.00048327587924141304
0.0,-0.0006116042475510095
0.0,-0.0005061052017946009
0.0,-0.0006905531888514278
0.0,-0.0008534677914060721
0.0,-0.0004078694661639122
0.0,-0.0007255941998241037
0.0,-0.0003243118392023457
0.0,-0.000681207593204334
0.0,-0.0005355872232878144
0.0,-0.000501925952569438
0.0,-0.00037852164399492286
0.0,-0.0007670180244524174
0.0,-0.0003719732174285716
0.0,-0.0003291713072366243
0.0,-0.00032123344927350987
0.0,-0.0009260619878853237
0.0,-0.0003939364519007436
0.0,-0.0007537355413176883
0.0,-0.000446909525715423
0.0,-0.00034767176792532036
0.0,-0.00040979589302648573
0.0,-0.0003538917114700601
0.0,-0.0013218281475418248
0.0,-0.0003180551563111212
0.0,-0.0007313474464060149
0.0,-0.00048399613634611966
0.0,-0.000538001039192168
0.0,-0.0004795549702706388
0.0,-0.0004024370380969024
0.0,-0.00040034457931559047
0.0,-0.00047199824339678174
0.0,-0.0005053879102133897
0.0,-0.00030808075939090456
0.0,-0.00043867292698838674
0.0,-0.00034245420279967724
0.0,-0.0008244656662713917
0.0,-0.0004812349074401793
0.0,-0.0006570702905279134
0.0,-0.0007159764848386949
0.0,-0.0005252770814737986
0.0,-0.0003399349140179326
0.0,-0.00033939407303808705
0.0,-0.0008133867039416225
0.0,-0.0008534677914060721
0.0,-0.0004594994601364824
0.0,-0.00045374630771898174
0.0,-0.00044164612000699324
0.0,-0.00040146817684686917
0.0,-0.0007286705960844646
0.0,-0.0005627809209768175
0.0,-0.00032906080491372855
0.0,-0.00074308792521624
0.0,-0.0003927674076946339
0.0,-0.00043702110575028115
0.0,-0.0004352281486983263
0.0,-0.00038853767260331684
0.0,-0.0005307679861330846
0.0,-0.0009440158764352041
0.0,-0.0004915340398354347
0.0,-0.00044242032794505285
0.0,-0.00033630733562072684
0.0,-0.0003271261808671797
0.0,-0.0005901899115171379
0.0,-0.0004216303393972697
0.0,-0.0006492693461886359
0.0,-0.0004279940208614246
0.0,-0.00046292259907035327
0.0,-0.001478188841848063
0.0,-0.00035564721192830624
0.0,-0.0005389060409320632
0.0,-0.000391420381952348
0.0,-0.000835517164647199
0.0,-0.0002418145126835375
0.0,-0.0006345516659225032
0.0,-0.0003520601383033586
0.0,-0.0011104797089071256
0.0,-0.0003494521267251793
0.0,-0.0005765788573912067
0.0,-0.00042102304883944076
0.0,-0.0004418192503124308
0.0,-0.0007398193586499377
0.0,-0.0005575061996722524
0.0,-0.00032089691365275646
0.0,-0.0006925873153625559
0.0,-0.00044450189648361096
0.0,-0.0004300280392968368
0.0,-0.0006845461873750242
0.0,-0.0003621680370358854
0.0,-0.0007094104216959701
0.0,-0.0014144262668571953
0.0,-0.002627905456983155
0.0,-0.0003964634834013392
0.0,-0.0006738462744994054
0.0,-0.00037689724226066233
0.0,-0.0007444455949702677
0.0,-0.00044578582059813705
0.0,-0.0007443332231064603
0.0,-0.000510237518999792
0.0,-0.005688196643991108
0.0,-0.00040766501709685153
0.0,-0.0003989422085540482
0.0,-0.00043249306544674687
0.0,-0.002819309676267445
0.0,-0.000840627345819202
0.0,-0.0003243118392023457
0.0,-0.0003544783637126893
0.0,-0.00047222626766541133
0.0,-0.00030035746455879585
0.0,-0.0004119734028026798
0.0,-0.0007111923349350498
0.0,-0.00045374630771898174
0.0,-0.0004043275216462994
0.0,-0.0007036031087050743
0.0,-0.0006699631127601015
0.0,-0.0009827646011565249
0.0,-0.00422612695948493
0.0,-0.0005427438370120427
0.0,-0.00047051362032722946
0.0,-0.0003712167924284598
0.0,-0.00042595725002893053
0.0,-0.000527081291740448
0.0,-0.0004058711100185176
0.0,-0.002819275117613426
0.0,-0.0004370205054430236
0.0,-0.0004047819139062499
0.0,-0.0004257123777926123
0.0,-0.00043199677316057953
0.0,-0.00020674745486464835
0.0,-0.0005181306600767172
0.0,-0.0004005724551847618
0.0,-0.00032987555296599817
0.0,-0.0005166311298208227
0.0,-0.0003990953161097298
0.0,-0.0007712410088555943
0.0,-0.00041254205615414645
0.0,-0.0002492160834597478
0.0,-0.0006392223569578414
0.0,-0.00040034457931559047
0.0,-0.0006674043791137316
0.0,-0.00034425684237573083
0.0,-0.0004893567626466696
0.0,-0.000672132179328924
0.0,-0.0003181435222215865
0.0,-0.0004105983863891371
0.0,-0.00042973614168292663
0.0,-0.00031660849498588747
0.0,-0.0005478331921203409
0.0,-0.0025777413607101294
0.0,-0.0003518047497219571
0.0,-0.0006727043514720365
0.0,-0.0020768044926679236
0.0,-0.000666843231596625
0.0,-0.00037575313863249886
0.0,-0.00045017799271765717
0.0,-0.00036182352177839094
0.0,-0.0005143404738840381
0.0,-0.0004276206145116671
0.0,-0.0006092780633352768
0.0,-0.0007091220615379633
0.0,-0.0008749568121625867
0.0,-0.00041682915155043015
0.0,-0.0006686444944080957
0.0,-0.000346242178015809
0.0,-0.00042706874987082457
0.0,-0.0008402222098265375
0.0,-0.0004795549702706388
0.0,-0.00043439258095213115
0.0,-0.000493591087922832
0.0,-0.0006292617922690581
0.0,-0.0005064171405330143
0.0,-0.00034558867466053666
0.0,-0.00043656513443226933
0.0,-0.0006536390712087563
0.0,-0.00041754934929092813
0.0,-0.000503651199010378
0.0,-0.0008431955369959342
0.0,-0.0004437746399098908
0.0,-0.0003814321980955843
0.0,-0.0003213182651774804
0.0,-0.0007144647771125656
0.0,-0.0003646521283293233
0.0,-0.0003403641682932525
0.0,-0.000559101482293334
0.0,-0.0008631164540684885
0.0,-0.0008006189279780523
0.0,-0.00042416112575112885
0.0,-0.00039816249702823424
0.0,-0.0006385020114976396
0.0,-0.0003236614811104048
0.0,-0.00035082313610484446
0.0,-0.0003955159269042064
0.0,-0.0016812379935205598
0.0,-0.000717135775407707
0.0,-0.0005109515277609669
0.0,-0.0011763315392024321
0.0,-0.0008006189279780523
0.0,-0.00031241081519370854
0.0,-0.0011249999942782266
0.0,-0.0004047819139062499
0.0,-0.0004851345802487793
0.0,-0.0007095141215693466
0.0,-0.0005051189831311878
0.0,-0.0007428957549102987
0.0,-0.0007888745037657089
0.0,-0.0003185076522807497
0.0,-0.0003309954342866618
0.0,-0.00043024332839062494
0.0,-0.00032095920263440877
0.0,-0.00033172794685907067
0.0,-0.0009797824005141717
0.0,-0.0004081280799643865
0.0,-0.0004538642041915564
0.0,-0.00037103360029187843
0.0,-0.0007618511861298091
0.0,-0.0005542327166234952
0.0,-0.0006918159881525867
0.0,-0.0005512582548146233
0.0,-0.0004022490875042957
0.0,-0.000510237518999792
0.0,-0.0005219267189676741
0.0,-0.00042585146652347717
0.0,-0.0007037422899531454
0.0,-0.0003668636585387364
0.0,-0.0006539939914200914
0.0,-0.0003740375140593762
0.0,-0.0003884353865214551
0.0,-0.0007110799630712424
0.0,-0.00040958408662897336
0.0,-0.0006549071924233075
0.0,-0.0006353598910198001
0.0,-0.0003760265721151281
0.0,-0.00045588191872190264
0.0,-0.00037756041247558996
0.0,-0.000756283239511051
0.0,-0.0004022490875042957
0.0,-0.0003006188305135995
0.0,-0.0004064823990161337
0.0,-0.0003414918713962006
0.0,-0.0011728073397195879
0.0,-0.0005126264662516616
0.0,-0.00042124017354274747
0.0,-0.00037004873258241833
0.0,-0.00044285548650642296
0.0,-0.00041375501225335943
0.0,-0.000624910074271533
0.0,-0.00041988658021185557
0.0,-0.0004092543795349543
0.0,-0.0005340367037670472
0.0,-0.00045949881496753575
0.0,-0.0007281098436071942
0.0,-0.0006546202322440361
0.0,-0.0005208207956437317
0.0,-0.0002234522671759497
0.0,-0.00036681819401713155
0.0,-0.0004303519182901534
0.0,-0.00044992222689733263
0.0,-0.00033147307305273583
0.0,-0.0004933833941710189
0.0,-0.0007930995448561732
0.0,-0.00040662400900474976
0.0,-0.0004863267590975408
0.0,-0.00031704311723136685
0.0,-0.0006559868393720313
0.0,-0.0008775293403622396
0.0,-0.00041441165813643896
0.0,-0.0005883500578537701
0.0,-0.0005114976282534953
0.0,-0.0003271170036202756
0.0,-0.0009886632809046096
0.0,-0.018428040457706473
0.0,-0.00045827215934411377
0.0,-0.0005219267189676741
0.0,-0.00024680866920988136
0.0,-0.00041698953977256864
0.0,-0.00041499314926815193
0.0,-0.0006225419596296046
0.0,-0.0004227326668346723
0.0,-0.00038495381457222114
0.0,-0.0004640426354413752
0.0,-0.0003803692172897614
0.0,-0.0005218231239497759
0.0,-0.0013849130353709512
0.0,-0.0006536390712087563
0.0,-0.00038567009835994683
0.0,-0.0005132580287286227
0.0,-0.00033997285833697226
0.0,-0.0007371698413793751
0.0,-0.0007213133291124547
0.0,-0.0007513950002052091
0.0,-0.0004041412209115397
0.0,-0.00042846737186408426
0.0,-0.0006501650079847442
0.0,-0.000301935264499897
0.0,-0.0003484837918427069
0.0,-0.0003384915306386603
0.0,-0.0005216195921478688
0.0,-0.00028365739715667873
0.0,-0.0007391040223544187
0.0,-0.00035050851516078987
0.0,-0.000624910074271533
0.0,-0.00044022868275779006
0.0,-0.00041263347689749673
0.0,-0.0003155064629157417
0.0,-0.0004822244051028293
0.0,-0.0007854661676814287
0.0,-0.00032089691365275646
0.0,-0.00035268399848662504
0.0,-0.0005210295593869871
0.0,-0.0005264365426903803
0.0,-0.00033622171560932363
0.0,-0.00034506017412387423
0.0,-0.0003346476415123211
0.0,-0.0005273625679824992
0.0,-0.0003847719200436449
0.0,-0.0002643921369571143
0.0,-0.00047198766714377804
0.0,-0.0005649013089254821
0.0,-0.00036351310828870866
0.0,-0.0006578670732245897
0.0,-0.0006330926100160879
0.0,-0.00016613803681385085
0.0,-0.00045134379094264725
0.0,-0.000624910074271533
0.0,-0.0003211380612477087
0.0,-0.0009642617566017628
0.0,-0.0003949384997148338
0.0,-0.0002991081357015956
0.0,-0.0005268217662194272
0.0,-0.0004058711100185176
0.0,-0.00035162286604419095
0.0,-0.000672132179328924
0.0,-0.00035634040169728304
0.0,-0.0008312724988525103
0.0,-0.0003508767771291185
0.0,-0.0003472276958734198
0.0,-0.0007179674487789793
0.0,-0.0019243134792315125
0.0,-0.00044042953295840565
0.0,-0.00037775459104733786
0.0,-0.0008402222098265375
0.0,-0.00036425586611799044
0.0,-0.0005070090023620162
0.0,-0.00037902302336762764
0.0,-0.0003435951602275682
0.0,-0.000809400848133554
0.0,-0.0006320384769683007
0.0,-0.0006527023797197227
0.0,-0.000404044765559294
0.0,-0.0002986915546984668
0.0,-0.0006440851753395778
0.0,-0.0006261422521309336
0.0,-0.00033997285833697226
0.0,-0.0005574830348623223
0.0,-0.0007259931523934184
0.0,-0.0007282035225801187
0.0,-0.0003757853716384466
0.0,-0.0003408572941188864
0.0,-0.0005032301065881812
0.0,-0.0005281381995578877
0.0,-0.00045508220626819213
0.0,-0.00035873038641386806
0.0,-0.0007971290181768747
0.0,-0.0003309954342866618
0.0,-0.000720915100865802
0.0,-0.0012285053112720023
0.0,-0.0007573963504977422
0.0,-0.0005239366160628649
0.0,-0.00036168470674496304
0.0,-0.00045374630771898174
0.0,-0.0006895607730336545
0.0,-0.0006324668923178175
0.0,-0.000891506217570213
0.0,-0.0005761823247898463
0.0,-0.0008180772318994573
0.0,-0.00041960181459444205
0.0,-0.00034073698185845414
0.0,-0.0003135285594296078
0.0,-0.0006035792225682017
0.0,-0.0006581604445625954
0.0,-0.0004277032281022161
0.0,-0.0004494397573102739
0.0,-0.00042503204188623525
0.0,-0.002061681917685908
0.0,-0.00038486050763359835
0.0,-0.000716143919970127
0.0,-0.0006564346606190957
0.0,-0.0006472673058821043
0.0,-0.0007115982951939535
0.0,-0.0007583541126462191
0.0015999999999999999,-0.0004557039989617683
0.0018181818181818186,-0.00041270151185925986
0.0022222222222222222,-0.0004174614217277927
0.0022222222222222222,-0.0004174614217277927
0.002608333333333333,-0.0004313162992017856
0.0028571428571428576,-0.00041696477576734124
0.004000000000000001,-0.00040513084819827444
0.01,-0.00044186744024056723
0.015999999999999993,-0.0002586315328119433
0.015999999999999997,-0.0006046806922007984
0.016,-0.00047693760531418504
0.016,-0.00046367453837530947
0.016000000000000004,-0.00042662941415849974
0.016000000000000004,-0.0002996316067800884
0.016000000000000004,-0.00030348104266039803
0.016000000000000004,-0.0002774613153723756
0.016000000000000004,-0.0002586315328119433
0.019374999999999993,-0.00045066356157007296
0.019999999999999993,-0.00027468545025766393
0.019999999999999993,-0.00027468545025766393
0.02,-0.0002813047810033202
0.023999999999999997,-0.0003839979508899131
0.024,-0.0003839979508899131
0.024,-0.00042166322997956774
0.024,-0.00039373029281138637
0.024000000000000004,-0.00039325373207190254
0.024000000000000004,-0.00032685005564137313
0.024000000000000004,-0.00027446970484190446
0.024000000000000004,-0.00042166322997956774
0.024000000000000004,-0.0003877469750325346
0.024000000000000004,-0.0002790253478329604
0.024000000000000004,-0.000709902282500241
0.024000000000000004,-0.0004683646096192266
0.02433333333333333,-0.0001519977947195155
0.029062499999999998,-0.00031555083672086414
0.029761904761904746,-0.00048664505740515107
0.029761904761904746,-0.0004554680329461036
0.029761904761904746,-0.00048664505740515107
0.03129999999999999,-0.00037996046302646205
0.03129999999999999,-0.0004828947909175058
0.03129999999999999,-0.00047534399271918255
0.03129999999999999,-0.00037996046302646205
0.03199999999999999,-0.0003904122075227387
0.03199999999999999,-0.00039925293882933015
0.03200000000000001,-0.0002308509183801644
0.03599999999999998,-0.00047984578955652526
0.03599999999999998,-0.0005666593982682295
0.03999999999999997,-0.0003519114954837578
0.03999999999999997,-0.0002087365572844495
0.03999999999999997,-0.00014164428906660687
0.03999999999999997,-0.0002829561800499713
0.039999999999999994,-0.0002432256413255484
0.039999999999999994,-0.0004087024542394316
0.039999999999999994,-0.0018882007836017898
0.039999999999999994,-0.00022757771214267097
0.040000000000000015,-0.0002308509183801644
0.040000000000000015,-0.0004087024542394316
0.04000000000000003,-0.00040313396285348706
0.04000000000000003,-0.0004582412732032319
0.04000000000000003,-0.0003270923508109507
0.04000000000000003,-0.0003296827789031902
0.04000000000000003,-0.0003321461183804927
0.04000000000000003,-0.00026386771711063914
0.04000000000000004,-0.0003843581426997782
0.04199999999999998,-0.0005287370994494036
0.04200000000000001,-0.011056401295402979
0.04200000000000002,-0.0004493920420557968
0.042087542087542076,-0.00042631206818063343
0.042087542087542076,-0.0004194048546941399
0.04299999999999999,-0.00036741768006639175
0.043,-0.00035817227717998174
0.04655737704918032,-0.00037101245915345846
0.04761904761904764,-0.0005009248022337867
0.04799999999999999,-0.0002362015353282918
0.047999999999999994,-0.00022923671897822858
0.047999999999999994,-0.00034078996879471034
0.047999999999999994,-0.0002345681888057062
0.048,-0.0003920520161482844
0.048,-0.0028251874001908083
0.048,-0.00022236775380455736
0.048000000000000015,-0.0003436230295850701
0.048000000000000015,-0.00019378171860507214
0.04800000000000002,-0.0003563899107730566
0.04800000000000002,-0.0005152087056436803
0.04800000000000002,-0.0003563899107730566
0.04800000000000003,-0.00040213309455397136
0.049999999999999975,-0.00439427339555722
0.04999999999999999,-0.00035198041123657843
0.049999999999999996,-0.00035198041123657843
0.049999999999999996,-0.0004887864446126393
0.050000000000000024,-0.00033711538304667747
0.05333333333333334,-0.00045173165583470987
0.055999999999999994,-0.00026097162320321026
0.055999999999999994,-0.00022034500180539312
0.05600000000000001,-0.00042110950956573
0.05600000000000001,-0.00042445720277786236
0.06,-0.0003253639546104884
0.060000000000000005,-0.0003499461016982248
0.060000000000000005,-0.00037189206421811154
0.060000000000000005,-0.0002981340887640752
0.060000000000000005,-0.00033547134484862226
0.06000000000000001,-0.0002656025060188471
0.06002400960384156,-0.00041878891007335377
0.060606060606060566,-0.0004862918907075218
0.06399999999999996,-7.182346152851616e-05
0.06399999999999999,-0.00025355359021285207
0.064,-0.00023632195343646195
0.064,-0.0004529132801125187
0.064,-0.0004396502131736432
0.064,-0.0001077130684270904
0.06400000000000002,-0.00034296610836753044
0.06400000000000002,-0.000556407336668927
0.06400000000000002,-0.001805321584248923
0.06400000000000002,-0.00032515966702133757
0.06400000000000002,-0.000175825427963353
0.06639999999999999,-8.974929024743753e-05
0.06640000000000003,-0.00011089544295841066
0.06640000000000003,-0.00013589953122081816
0.06666666666666664,-0.0003497670405754436
0.06999999999999998,-0.00043096471266883756
0.06999999999999999,-0.00038371459553594603
0.06999999999999999,-6.580908453213508e-05
0.06999999999999999,-0.0005655468729920173
0.07,-0.0004052648687008109
0.07000000000000003,-0.000728313920730114
0.072,-0.0002668765141940464
0.072,-0.0003051261590317334
0.072,-0.00033636947345023604
0.072,-0.00030565875062829454
0.072,-0.00018386614547237837
0.072,-0.00016724374131176932
0.07200000000000001,-0.00015713699423026785
0.07200000000000002,-0.003034987973811995
0.07207207207207207,-0.0005423597581541182
0.07499999999999998,-0.00030739713972756697
0.07499999999999998,-0.00030739713972756697
0.07499999999999998,-0.00020994130355677653
0.07499999999999998,-0.0003479022204844919
0.075,-0.00011454847248581371
0.07999999999999999,-0.001311882121368549
0.07999999999999999,-0.0007322680678250093
0.07999999999999999,-0.0011377572650018897
0.08,-0.002781073989219879
0.08,-0.0007916597931593515
0.08,-0.0008237435984763819
0.08,-0.00027139666085816634
0.08,-0.0002613173081357674
0.08,-0.00038729587958332145
0.08,-0.00029906592441706996
0.08,-0.0002781053110081155
0.08,-0.00027691196889530184
0.08,-0.00039339456698383
0.08000000000000002,-0.0008105045985039813
0.08000000000000002,-0.0004147094264387707
0.08000000000000002,-0.00039793808302869527
0.08000000000000002,-0.00041933934913371523
0.08000000000000003,-0.00017468721364381523
0.08499999999999998,-0.00021755311893031983
0.08799999999999998,-0.0002803289107772417
0.088,-0.0002234665954555609
0.088,-0.00034456660670143516
0.088,-0.0003001197134043433
0.088,-0.000215322322838452
0.088,-0.00024821646380267866
0.088,-0.0002984340358300751
0.088,-0.0002765923891994573
0.088,-0.00012852412280711122
0.088,-0.0005014675977108804
0.088,-0.0011421026945521015
0.08800000000000001,-0.00023875179763762887
0.08800000000000001,-9.553393334000781e-05
0.08800000000000001,-0.0002422638601068413
0.08800000000000001,-0.000788740307667414
0.08800000000000004,-0.0001500753499344152
0.08800000000000004,-0.0003537672491740003
0.08800000000000005,-8.911553311922874e-05
0.08800000000000005,-0.0002863282029859915
0.08800000000000005,-0.0007744570975249756
0.08800000000000005,-0.0008876904538390481
0.08800000000000005,-0.0003537672491740003
0.0888,-0.0004063488873929387
0.09,-0.0001551113399621853
0.09000000000000005,-0.00041464267322744553
0.09299999999999997,-0.00020221999682939153
0.09333333333333334,-0.0007313281794471305
0.09333333333333334,-0.00028081852276915116
0.09333333333333334,-0.0005161319231811657
0.09599999999999999,-0.0030785747616391586
0.096,-0.0003725997162889388
0.096,-0.0003046908045753873
0.096,-0.0004385355521929964
0.096,-0.00027739245897156605
0.096,-0.0004286740662251087
0.096,-0.00019880770296682522
0.09600000000000004,-0.0024712068011319044
0.09600000000000004,-0.002310736747902742
0.09600000000000004,-0.0029453117223655705
0.09999999999999995,-0.0006556942441756189
0.09999999999999996,-0.002535010035153964
0.09999999999999998,-0.0006539909395929666
0.09999999999999999,-0.0006539909395929666
0.09999999999999999,-0.000426438823822473
0.09999999999999999,-0.00020906484569321534
0.09999999999999999,-0.0003040613441531426
0.09999999999999999,-0.0017775176107116437
0.09999999999999999,-0.00030258255728982965
0.09999999999999999,-0.0003244808643214528
0.1,-0.0006539909395929666
0.1,-0.0006539909395929666
0.1,-0.0004226813679946673
0.1,-0.0006539909395929666
0.1,-0.0006539909395929666
0.10000000000000002,-0.00032340446363738706
0.10000000000000002,-0.000177723154009757
0.10000000000000005,-0.0006937142982849687
0.10000000000000005,-0.0006556942441756189
0.10000000000000007,-0.0006386515108264656
0.10000000000000007,-0.000540865892945659
0.10200000000000004,-0.0006899063796623927
0.10400000000000004,-0.00018166534872433174
0.10400000000000006,-0.0004753668212870671
0.11038961038961038,8.632477363792878e-05
0.11100000000000002,-0.0016344143895267004
0.11199999999999999,-0.0006469079391345985
0.112,-0.0005509193161722827
0.112,-0.0003279674675848694
0.11200000000000003,-0.0002519564672843061
0.11200000000000003,-0.000371758342024051
0.11200000000000003,-0.0001069749048366693
0.11200000000000003,-0.0004215673366516178
0.11200000000000004,-0.00028836806296519057
0.11200000000000004,-0.00025240943167475864
0.11688311688311688,8.606409459501893e-05
0.11700000000000002,-0.0003849158540241592
0.11999400029998501,-1.766838106825228e-05
0.11999999999999997,-0.00021799990706023264
0.11999999999999997,-0.0002882002646094939
0.11999999999999998,-0.0002598176425229904
0.11999999999999998,-0.000261551727630372
0.12,-0.000381974057483954
0.12000000000000001,-0.00046019662225549454
0.12000000000000001,-5.8030139885699404e-05
0.12000000000000002,-0.0005551750734517342
0.12000000000000002,-0.00034354456199494346
0.12000000000000005,3.668392315413094e-05
0.12000000000000005,8.846877542264776e-05
0.12337662337662336,0.00010700915128170249
0.12400000000000008,-0.00045675243437966233
0.12499999999999999,-0.0005070620675016077
0.125,-0.0019487305810307787
0.125,-0.0016611846432419534
0.128,-0.000239634434111437
0.128,-7.044102489530209e-05
0.128,6.270686087253005e-05
0.12800000000000003,-0.0002711885838236301
0.1321428571428571,-4.108377552403243e-05
0.1333333333333333,-0.0001674528531049953
0.1333333333333333,-0.00018131849624813116
0.135,-0.0027115297459661563
0.13599999999999993,-0.00030510813227506846
0.136,-0.00011081157361873882
0.14199999999999993,-0.0005022862580951642
0.14200000000000002,-0.0009399761965508971
0.14285714285714285,-0.0004536339080744718
0.14399999999999996,-0.00012539247665661443
0.14399999999999996,-0.0001275207926183291
0.14399999999999996,-0.00010734725590866595
0.14399999999999996,-7.81147723870891e-05
0.14399999999999996,-0.0001230819793480213
0.14399999999999996,-0.00010828682688551222
0.144,-0.00017171091932516444
0.144,-0.0003229854138772194
0.144,-0.00031658098530816607
0.144,-0.0004406238321009683
0.144,-0.00030511976169275256
0.14400000000000002,-0.0002392376025572477
0.14400000000000002,0.00015010468687739245
0.14400000000000002,6.646622631070966e-05
0.14400000000000002,-0.00019971474109444222
0.14400000000000002,-0.00016511147935834817
0.14400000000000002,-0.00015621682885355478
0.14400000000000002,-0.00017678731755785932
0.14400000000000002,-0.00024490082376747637
0.14400000000000002,-0.00022187953533890468
0.14400000000000002,-0.0002366252333938114
0.14400000000000002,-0.00027146477538861943
0.14400000000000002,-0.00027687980108680513
0.14400000000000002,0.0003462825819118531
0.14400000000000004,-0.00023558721548105053
0.14400000000000004,-0.0002479599425672824
0.148,-0.0001717807881084642
0.148,-0.0001717807881084642
0.14800000000000002,0.0018124422399147637
0.14999999999999994,-0.0001990512262155684
0.14999999999999997,-0.0006535504447098655
0.15,-9.931654863599512e-05
0.15,-0.0013578629628933916
0.15,-0.0024238873732005733
0.15,-0.001412932926254512
0.15,-0.00023488558164152894
0.1513333333333333,-5.569956497053639e-05
0.15133333333333335,-0.00010808635139245177
0.15133333333333335,-0.00018420850590880096
0.15133333333333335,-0.0001315328737700716
0.15200000000000002,-6.68593746346668e-05
0.15200000000000002,-7.777800498054729e-05
0.1533333333333333,-0.003004321539077373
0.15333333333333335,-0.003004321539077373
0.15874999999999995,-0.0022531460984342175
0.15875,-0.002869478251748889
0.15875000000000006,-0.0016744514714976616
0.15909090909090906,-0.0014733898786725775
0.15999999999999995,-0.00040318100033458996
0.15999999999999995,-0.0011494990790555622
0.15999999999999995,0.0001329966265242964
0.15999999999999995,-0.00022347823672484905
0.15999999999999995,-0.0003386822639219883
0.15999999999999995,-0.00022151654496533718
0.15999999999999995,-0.00023958774354333672
0.15999999999999998,-0.00022626942071998551
0.15999999999999998,2.1480085956390332e-05
0.15999999999999998,-0.00017534598701627235
0.15999999999999998,-0.00026051991713715535
0.16,-0.0003688509091861139
0.16,-2.4557909924138206e-05
0.16,-0.00031860215117580497
0.16,-0.0004081254550651448
0.16,-0.0003414348570166989
0.16,-0.0002179620994231017
0.16,-0.00032042485875488115
0.16,-0.0003517602022626461
0.16,-0.0003548792456467451
0.16,-0.0003228360819984542
0.16000000000000003,-6.15418128748517e-05
0.16000000000000003,6.488279551281587e-05
0.16000000000000003,0.000323361878565423
0.16000000000000003,-0.0014961473421386485
0.16000000000000003,-9.960060327888863e-05
0.16000000000000003,-0.0002887146329025638
0.16000000000000006,6.197365664401626e-05
0.16000000000000006,-0.0012603533711726294
0.161,-0.00019394874662038958
0.16136363636363632,-0.00021923752699160178
0.16666666666666663,-0.0016615780897107422
0.16666666666666663,-0.0018275838869244874
0.1666666666666668,-0.0003081363464188728
0.1666666666666668,-0.0003335228120828443
0.1666666666666668,-0.0004492159170167159
0.1666666666666668,-0.0002495938275264819
0.1666666666666668,-0.0003446136290380835
0.16799999999999998,-0.0003394443987095955
0.16999999999999998,-0.0016795132353160107
0.16999999999999998,-0.00048218187283065095
0.17000000000000007,-0.0005289164703824319
0.172,-0.0004652831299136866
0.17200000000000001,-0.0007574401606244708
0.17200000000000001,-0.00045724073401790866
0.1724137931034483,-0.0004382087356744391
0.17280000000000015,-0.0001717066813961833
0.17333333333333334,-0.00013029771835841952
0.17600000000000002,-0.0002465549788649069
0.17600000000000013,-0.0002910880219758595
0.17601760176017606,-7.016695599862135e-05
0.17799999999999996,-0.00041663855189692117
0.17799999999999996,-0.0004172712410809078
0.17799999999999996,-0.000334644486955593
0.178,-0.00033746231068234326
0.178,-0.00033410807963211764
0.178,-0.00033410807963211764
0.17800000000000005,-0.0003051652221643249
0.17800000000000005,-0.00031472182169622176
0.17800000000000007,-0.00045339922884620945
0.17828571428571427,-0.0011536791819081482
0.17878787878787883,-0.000373167077004902
0.17878787878787883,-0.000373167077004902
0.1799999999999999,-0.00017954223831807508
0.17999999999999997,-0.00018857589859077822
0.18,-0.00024542824279577975
0.18000000000000002,-0.00014896828835726398
0.18000000000000005,0.00011858429299690606
0.18000000000000005,1.3809520802839308e-05
0.18000000000000005,-7.253577491960165e-05
0.18000000000000008,-2.6046891381134738e-05
0.18000000000000008,0.00011289621783692169
0.18000000000000008,-2.9072624813300608e-05
0.18000000000000008,-5.2669947992222996e-06
0.18000000000000016,-0.00023674627529151907
0.181339,-0.0003093019460600216
0.18333333333333338,-0.0003432817043838597
0.1839080459770115,-0.0002971753406000721
0.1839080459770115,-0.0005554775259594796
0.18939393939393934,-0.0003001590196884844
0.1893939393939394,-0.00026674114442255586
0.18939393939393942,-0.0002666015221965877
0.18939393939393945,-0.00026703804078395915
0.1893939393939395,-0.00026767014859251076
0.1893939393939395,-0.00025873793873578386
0.1893939393939395,-0.00026767014859251076
0.1893939393939395,-0.00031118758731853575
0.1894,-0.0005642420309012386
0.1894,-0.00039406204313091234
0.19008000000000003,-0.0002264809175608848
0.19119999999999998,-0.00034407948211532483
0.19166666666666662,-0.0007336167731342757
0.19166666666666662,-0.0007336167731342757
0.1919999999999999,-0.0001657092991132229
0.19199999999999998,-0.0003714320023242405
0.19199999999999998,0.00010968803458545566
0.19199999999999998,-0.000128309981831489
0.19199999999999998,-0.00013817862711543166
0.19200000000000006,-0.0001596126114128883
0.1920000000000001,-0.00015929953117465434
0.19679999999999995,-0.0003549615650544593
0.19999999999999984,-0.0007264361867493845
0.19999999999999984,-0.0007264361867493845
0.19999999999999987,-0.0003201635417795977
0.19999999999999987,-0.0003201635417795977
0.1999999999999999,-0.00040769865810215097
0.1999999999999999,-0.0004580943937492354
0.1999999999999999,-0.0006294201681651996
0.1999999999999999,-0.00080243948821812
0.1999999999999999,-0.00031129143872254733
0.1999999999999999,-0.0004041094503902713
0.1999999999999999,-0.0015907574799576914
0.19999999999999993,-0.0006051666966927367
0.19999999999999993,-0.00031835328824599495
0.19999999999999993,-0.0003031970380889263
0.19999999999999993,-0.0003032011416515917
0.19999999999999993,-0.00040595285100592936
0.19999999999999993,-0.00030280925791680127
0.19999999999999993,-0.000487840111987311
0.19999999999999993,-0.0002933555820567499
0.19999999999999993,-0.0003445913200282659
0.19999999999999993,-0.0002884959149317501
0.19999999999999993,-0.000487840111987311
0.19999999999999993,-0.0003576253589835204
0.19999999999999993,-0.00023047816501635095
0.19999999999999993,-0.0004115759034999513
0.19999999999999993,-0.0003646524903327818
0.19999999999999993,-0.0004673240449580554
0.19999999999999993,-0.000366532642254397
0.19999999999999993,-0.00024267239956657618
0.19999999999999993,-0.0003032011416515917
0.19999999999999993,-0.00030218853147646565
0.19999999999999993,-0.0002884959149317501
0.19999999999999996,-0.0006834121210102834
0.19999999999999996,-0.00031144851338125724
0.19999999999999996,-0.0003163010276067957
0.19999999999999996,-0.0005985674354073068
0.19999999999999996,-0.00026783486392070754
0.19999999999999996,-0.00021506238159154487
0.19999999999999996,-0.00030350080825552
0.19999999999999996,-0.0002979563354773864
0.19999999999999996,-0.0002262354905158332
0.19999999999999996,-0.00032158627114506024
0.19999999999999996,-0.00030389269199031043
0.19999999999999996,-0.00020724575294033852
0.19999999999999996,-0.0003450934142041463
0.19999999999999996,-0.0003586999850664097
0.19999999999999998,-0.0002891498044159699
0.19999999999999998,3.7560780544624865e-05
0.19999999999999998,-0.0006999511051649246
0.19999999999999998,-0.0004101346450328184
0.19999999999999998,-0.00043927165040168957
0.19999999999999998,-0.0003457040187485089
0.19999999999999998,7.965892547398616e-06
0.19999999999999998,-0.0002841433969243201
0.19999999999999998,-0.0011670288167408825
0.19999999999999998,-0.000305246217294706
0.19999999999999998,-0.000596616992419461
0.2,-6.863188004926495e-05
0.2,0.00029901353389125645
0.2,-0.0003004869407352822
0.2,-0.0004278648627548748
0.2,-0.0002941814788903711
0.2,-0.0006379324469583805
0.2,0.00025037790271475313
0.2,-0.0001246828117444174
0.2,-0.00041632575706631886
0.2,-0.0035365867486959295
0.2,-0.0030075725993654948
0.2,-0.00028202651289486655
0.2,-0.00030650255125884104
0.2,-2.7821103490758233e-05
0.2,-0.0011485437294698338
0.2,-0.0002674023636889159
0.2,-0.0003070226239956174
0.2,-0.000532834861216818
0.2,0.002131150276484235
0.2,-0.00023962069409770435
0.2,-0.00093129237531229
0.2,-0.00015088152307493063
0.2,-0.0002416827137580859
0.2,-0.00030122128180886477
0.20000000000000004,-0.00029837641034747984
0.20000000000000004,-0.0002458392950286991
0.20000000000000004,-0.0003168952920506016
0.20000000000000004,-0.0008168338337308759
0.20000000000000004,-0.0003004869407352822
0.20000000000000004,0.0001595646649744147
0.20000000000000004,-0.0007881610085500914
0.20000000000000004,-0.0007981516379158906
0.20000000000000004,-0.00033633690507210587
0.20000000000000007,-0.00032348800882203005
0.20000000000000007,-0.00036280552400101137
0.20000000000000007,-0.0004457390493552512
0.20000000000000007,3.7114588152584745e-05
0.2000000000000001,-0.0004634683680909675
0.2000000000000001,-0.0008052086985293024
0.2000000000000001,-0.00029315454201837875
0.20000000000000012,3.108387566258888e-05
0.20000000000000012,-0.000131442797310953
0.20000000000000012,-0.00012495456820376164
0.20699999999999985,-0.0004717942423824739
0.2079999999999999,-0.0004985092217342855
0.20999999999999988,-0.0002988900554881061
0.20999999999999996,-0.0005282042231029654
0.21333333333333332,-0.0003276970118390778
0.21399999999999997,-0.00021230357636495197
0.21500000000000008,-0.0018204969645602676
0.2178056084944187,-8.367677864892582e-05
0.21999999999999986,-0.000357414320463434
0.21999999999999995,-0.001233090388957773
0.21999999999999995,-0.0012222801024786988
0.2220000000000001,-0.000608352408377307
0.22399999999999995,-0.00010837132500563365
0.22399999999999998,-0.0005552756669632338
0.22399999999999998,-0.00042560011974948923
0.22640000000000016,-0.00026802883491268675
0.22800000000000004,-0.00021473058608042863
0.22857142857142862,-0.0003579807891828371
0.23000000000000018,2.392078479312035e-05
0.23699999999999996,-0.00038170335441128146
0.23699999999999996,-0.00038223976173475674
0.23700000000000015,-0.0003850575854615071
0.2399999999999999,-0.00035566534465164036
0.23999999999999994,-0.0005428580482448156
0.23999999999999996,-0.0004176206160184693
0.23999999999999996,-0.00012912250291035942
0.23999999999999996,-0.00015871097183663943
0.24,-0.00013204332477881502
0.24,-0.00019893494242526188
0.24,-0.0005907841578821167
0.24000000000000002,-0.00026603363119730074
0.24000000000000002,-8.623013438388157e-05
0.24000000000000002,-0.0002642230404520994
0.24000000000000002,-0.0017524217004046242
0.24000000000000005,-9.285455346969406e-05
0.24000000000000005,-0.0001517860534512336
0.24000000000000005,-0.00016469738864538142
0.2400000000000001,-0.0002208526495358102
0.24002400240024008,-8.912665453301336e-05
0.24399999999999997,-0.0002857993644686451
0.24496644295302,-0.00025273167247868696
0.24496644295302009,-0.00024643790274646115
0.24496644295302009,-0.0003930633731119818
0.24496644295302009,-0.0002255974100413828
0.24496644295302009,-0.00022830367502417172
0.2449664429530201,-0.000275968462374886
0.2449664429530201,-0.00017706093818963995
0.2449664429530201,-0.00021249169235283412
0.2449664429530201,-0.00037201713605217337
0.2449664429530201,-0.00030943037927913205
0.24496644295302017,-0.0003743886684794343
0.24496644295302017,-0.00037761195147029825
0.24496644295302017,-0.00030017352028005546
0.24496644295302017,-0.0003606287354104725
0.24496644295302017,-0.00019238615612701627
0.24499999999999997,-0.0017979403562907775
0.245,-0.0017979403562907775
0.24500000000000005,-0.0017849638381013976
0.24600000000000005,-0.0003707443381945774
0.24799999999999991,-0.00040107453277323695
0.24799999999999991,-0.00028381879553400464
0.24999999999999994,-0.00044800955412826956
0.24999999999999997,-0.0004895855745204699
0.25,-0.000302243485742894
0.25,-0.0008119722835347342
0.25,-0.0006728178058182119
0.25,-0.00027911959986377165
0.25,-0.0005138594958807594
0.25,2.241224632172007e-06
0.25,-0.0004236045900654811
0.25000000000000006,-0.0002788468438728772
0.25000000000000006,-0.00042309122393853086
0.25000000000000006,-0.0005344708403337347
0.25000000000000006,-0.00020909304984759584
0.2500000000000001,-0.00015364788918518618
0.253,-0.0005518202129306655
0.2559999999999999,-0.0005613103709334068
0.25599999999999995,-0.0001490598767185794
0.256,-0.00015061751568745525
0.256,-0.00020729842419158718
0.25600000000000006,-0.00017944852665191294
0.25600000000000006,-0.0001516810236028965
0.2599999999999999,-0.0003377801199655716
0.25999999999999995,-0.000487983894525926
0.26,0.0009188596289777262
0.26,-0.00028905205468003143
0.26,4.4449331376523626e-06
0.26,0.0009188596289777262
0.26,-0.00013616922338629238
0.26000000000000006,-0.0003170338734126051
0.26000000000000006,-0.0005832531581898682
0.26000000000000006,-0.0003167478436642685
0.26999999999999996,-0.002593381260679157
0.26999999999999996,-0.0027456086189985296
0.26999999999999996,-0.002418689721854235
0.27199999999999996,-0.000314706965396233
0.27999999999999986,-0.0002594898042795766
0.27999999999999997,-0.0003012728768932015
0.27999999999999997,-0.00017601514475139396
0.28,-0.0001956213193564396
0.28,-0.0001933626099301355
0.28,-0.00015860618790792952
0.2800000000000001,-0.0001352826399180346
0.2819999999999999,-0.00024227222586387182
0.28439388553146117,-0.00022641185904758294
0.285076923076923,-0.00027178556548044044
0.28600000000000003,-0.00037482822584641656
0.2879769618430526,-0.00020089991471965724
0.28999999999999987,-0.0005436711203212122
0.29000000000000004,-0.001342376554506529
0.2919999999999999,-1.519568902335542e-05
0.2919999999999999,-1.519568902335542e-05
0.29323076923076913,-0.00025832038935718086
0.29996250468691416,-0.00023816661226531123
0.2999625046869144,-0.0001398739196878227
0.29999999999999977,-0.0006802726987216357
0.2999999999999998,-0.0008456188388635676
0.2999999999999999,-0.0011097448051340026
0.2999999999999999,-0.00039778100253040833
0.2999999999999999,-0.0011097448051340026
0.2999999999999999,-0.0018054886745168838
0.29999999999999993,-0.0013435475780197296
0.29999999999999993,-0.0003497421422207865
0.29999999999999993,-0.00022408069652933425
0.29999999999999993,-0.0005973976337937
0.29999999999999993,-0.00038104785636684335
0.29999999999999993,-0.0004919740514329232
0.29999999999999993,-0.0004181432032408112
0.29999999999999993,-0.0006801570703018087
0.29999999999999993,-0.0005574422620060781
0.29999999999999993,-0.000574191302725785
0.29999999999999993,-0.00038269471444683583
0.3,-0.0005001877953500817
0.3,-0.00024583202272438143
0.3,-0.001223633475226211
0.3,-0.00041609410821918426
0.3,-0.0003707959418100847
0.3,-0.0003068395795003293
0.3,-0.004829562077303973
0.3,-0.008110861421766917
0.3,-0.0007045149695619556
0.3,-0.00045916574144628814
0.3,-0.00030610867106287094
0.3,-0.0004874125117111856
0.3,-0.004829562077303973
0.3,-0.0004391125973886663
0.30000000000000004,-0.0005871248203705221
0.30000000000000004,-0.00041710514018962187
0.30000000000000004,-0.0011224829613394824
0.30000000000000004,-0.0005769020831359775
0.30000000000000004,-0.0011225175601826903
0.30000000000000004,-0.0005923119915585551
0.30000000000000004,-0.0004924536368694995
0.30000000000000004,-0.0007013808483776817
0.30000000000000004,-0.0006901429065773412
0.30000000000000004,-0.00031290915465112296
0.30000000000000004,-0.000427467256300243
0.30000000000000004,-0.0005923119915585551
0.3000000000000001,-0.0003449212464433443
0.3000000000000001,-0.0004557369959918477
0.3000000000000001,-0.000336665288921322
0.3000000000000001,-0.0004663019799717738
0.3000000000000001,-0.0004277361123808148
0.3000000000000001,-0.0008495341482007881
0.3000000000000001,-0.00039770966347688763
0.3000000000000001,-0.00039695545125053693
0.30000000000000016,-0.0002951332381542814
0.30000000000000016,-0.0007564262915328986
0.30000000000000016,-0.0010144663851599468
0.30000000000000016,-0.00040008369537874045
0.303951367781155,-0.0001572919365752087
0.30999999961980007,-0.0021815754507069846
0.30999999965639996,-0.002233394290742155
0.31000000030999997,-0.0021815754507069846
0.3111111111111111,-0.0002531756723489177
0.3125,-0.0003049908726793029
0.31250000000000017,-0.00039909766239618527
0.31250000000000017,-0.000494104832672169
0.31399999999999995,-0.0008109730351436688
0.31400000000000006,-0.00023500856315410908
0.31999999999999984,-0.00032601549190000063
0.31999999999999984,-0.00041990266796011354
0.31999999999999995,-0.0003375263866596546
0.31999999999999995,-0.0002274754491155228
0.31999999999999995,-0.0005801701448000078
0.31999999999999995,-0.0005876853702107955
0.31999999999999995,-0.0005876853702107955
0.32,-0.0002636622262942964
0.32,-0.0003408645519764536
0.32,-0.0003796305468169929
0.32,-2.8572682185538e-05
0.32,-0.0003373651569678253
0.32,-0.00033100410508748833
0.32,-0.0009577474127547193
0.32000000000000006,-0.00031748933153130204
0.32000000000000006,-0.00032335691364798156
0.3200000000000001,-0.0004342350788274129
0.3200000000000001,-0.0002309886916329532
0.3200000000000002,-0.0003266926404605956
0.3200000000000003,5.5609401819522604e-05
0.3200000000000003,-0.00021913211347987234
0.3200000000000003,-0.00020973657268973236
0.3239669421487603,-0.0002613158125238144
0.3239669421487604,-0.00026132371371264415
0.3243333333333333,-0.0003234745766373992
0.3243333333333333,-0.00031760699452071964
0.32433333333333336,-0.00031760699452071964
0.3261538461538463,-0.00018434362738964816
0.3269999999999999,-0.00032580346425734535
0.329,-0.00033667993912295377
0.33,-0.00039770301546557447
0.33,-0.00027730009187097683
0.33,-0.00032432155252008744
0.33,-0.00027723982554632665
0.33,-0.00039770301546557447
0.33333333333333326,-0.00030662389309042107
0.33333333333333326,-0.0003360213681697484
0.33333333333333326,-0.00039086028116635006
0.33333333333333326,-0.00033463335601048875
0.3333333333333333,-0.0003179237578982903
0.33333333333333337,-0.0002353553431490569
0.33333333333333337,-0.0002736085916921497
0.33333333333333337,-0.0002736085916921497
0.33340000000000003,-0.00035549240363001917
0.33478260869565224,-0.0003161705746886219
0.336,-0.0003532209661150133
0.336,-0.00031662494982426367
0.3360000000000001,-0.0003532209661150133
0.3360000000000001,-0.0003532209661150133
0.3360000000000001,-0.0003532209661150133
0.3360000000000001,-0.0003177438059024692
0.3399999999999999,-0.0002913286605916169
0.3399999999999999,-0.000334505398390134
0.33999999999999997,-0.0003850747118847721
0.33999999999999997,-0.00038581680621924266
0.33999999999999997,-0.00039235194247666397
0.33999999999999997,-0.00039235194247666397
0.33999999999999997,-0.00040650895590626466
0.33999999999999997,-0.0004058131410754132
0.33999999999999997,-0.00033839554143171745
0.33999999999999997,-0.0003657244870944234
0.33999999999999997,-0.0003657244870944234
0.34,-0.0003931831141400416
0.3400000000000001,-0.0003400092945728802
0.3400000000000001,-0.0003253372449627779
0.3400000000000001,-0.00033926720023840965
0.342,-0.0015428996890942232
0.34999999999999987,-0.00045793549439282017
0.3499999999999999,-0.0016440113111802221
0.35,-0.003930367708097913
0.35000000000000003,-0.0005000242250514182
0.3500000000000001,-0.0004220078898049813
0.3500000000000001,-0.0004234204786674188
0.3505952380952382,-0.003389050897084615
0.35195776506819176,-0.0002652234495134882
0.3569999999999998,-0.00036675194927645666
0.36,-0.00024816428534528217
0.36,-0.0002598088172293661
0.36,-0.00024816428534528217
0.36,-0.0002100047013535048
0.36,-0.00014697188632874475
0.36,-0.000214514497856937
0.36,-0.0002100047013535048
0.36,-0.0001756985797645022
0.3600000000000001,-0.00033439431354040817
0.36000000000000015,0.00021866507841431586
0.36003600360036025,-0.0005128420105110377
0.3617021276595744,-0.00021850535210949846
0.36299999999999993,-0.0003589238925699847
0.3636363636363636,-0.0017251944990306239
0.3642857142857142,-0.0008977686680602777
0.3672,-0.0004322551386866716
0.3719999999999999,-0.0007100518508891744
0.37199999999999994,-0.0003537369660979248
0.37199999999999994,-0.00035106979543249366
0.372,-0.0005879846779601384
0.3720000000000002,-0.00033393752131056446
0.37264150943396257,-0.0006954961246824117
0.3733333333333337,-0.00045444365494841577
0.37740000000000007,-0.0005053267537676083
0.38167938931297696,-0.00046071621608613505
0.38199999999999995,-0.00035927680411186814
0.3839999999999999,-0.00031883547180819284
0.3839999999999999,-0.0003529331536513514
0.38399999999999995,-0.0003208872905166058
0.384,-0.00027260040539843315
0.384,-0.000312838703391183
0.384,-0.0003078456430857843
0.384061449831973,-0.00023267652781096328
0.38461538461538464,-0.00046039375605262916
0.38799999999999996,-0.002652963888899229
0.38799999999999996,-0.002650813355497274
0.388,-0.002650813355497274
0.39622641509433976,-0.0008348469230409765
0.39999999999999974,-0.00010161127763045289
0.3999999999999998,-0.0005765120950922676
0.39999999999999986,-0.00033034581614263726
0.39999999999999986,-0.00064334237697159
0.39999999999999986,-0.004360747834963135
0.39999999999999986,-0.0002507649191142855
0.39999999999999986,-0.0006340170653183267
0.39999999999999986,-0.00030646747399562237
0.39999999999999986,-0.0006503410402375522
0.3999999999999999,-0.0004905819823894162
0.3999999999999999,-0.0009223579365681108
0.3999999999999999,-0.0007533947953860217
0.3999999999999999,-0.013949813268046786
0.3999999999999999,-0.0010661027433370835
0.3999999999999999,-0.00040000131536498335
0.3999999999999999,-0.0003790774655927964
0.3999999999999999,-0.0003191109310581048
0.3999999999999999,-0.0012396020026437422
0.3999999999999999,-0.0004499305774860252
0.3999999999999999,-0.0003249197162286782
0.3999999999999999,-0.0005185194500514944
0.3999999999999999,-0.0005369328404210128
0.3999999999999999,-0.0006901798570770678
0.3999999999999999,-0.00024883954019843914
0.3999999999999999,-0.0008979291675385333
0.3999999999999999,-0.0006185832195042194
0.39999999999999997,-0.0004181605434561945
0.39999999999999997,-0.0003051221264621052
0.39999999999999997,-0.0005306300312644046
0.39999999999999997,-0.00046649238275912083
0.39999999999999997,-0.00032507795027381694
0.39999999999999997,-0.0018386185439305343
0.39999999999999997,-0.0006592089332165311
0.39999999999999997,-0.00048182745601038933
0.39999999999999997,-0.0030562474470095633
0.39999999999999997,-0.011441204616411618
0.39999999999999997,-0.0008230881056031523
0.39999999999999997,-0.0004907001959310521
0.39999999999999997,-0.0006611797064459251
0.39999999999999997,-0.0003398247630093241
0.39999999999999997,-0.00036944674374476223
0.39999999999999997,-0.00027116173209800664
0.4,-0.0010143918884088627
0.4,-0.0004706797083028102
0.4,-0.000601729141041168
0.4,-0.00043194937936066484
0.4,-0.0001960701580415077
0.4,-0.0012658371218113038
0.4,-0.000463587454489625
0.4,-0.0003929448985914684
0.4,-0.000231681837105267
0.4,-0.0026987647716314187
0.4,-0.0004242381395940056
0.4,-0.0004693904387222366
0.4,-0.00034856690080160087
0.4,-0.0005019351031621966
0.4,-0.0005522863823601798
0.4,-0.0009326154519843098
0.4,-0.0005534744308360427
0.4,-0.0004155921424060703
0.4,-0.000327917874609666
0.4,-0.00037963607315555923
0.4,-0.0004227165939644032
0.4000000000000001,-0.0002755684461388029
0.4000000000000001,-0.00026813870809326475
0.4000000000000001,-0.0001470556049370158
0.4000000000000001,-0.0002976659292232632
0.4000000000000001,-0.00027787227345374725
0.4000000000000001,-0.00044462736034783237
0.4000000000000001,-0.0004718081421261244
0.4000000000000001,-0.0005288625356063108
0.4000000000000001,-0.000524042571511127
0.4000000000000001,-0.0003699535419264221
0.4000000000000001,-0.0003998477358899041
0.4000000000000001,-0.0007677670639664989
0.40000000000000013,-0.00174572925263962
0.40000000000000013,-0.000311955186162723
0.40000000000000013,-0.00041974664237444067
0.40000000000000024,-0.0011870871576558637
0.40000000000000024,-0.0003908673493717171
0.4000000000000004,-0.0006107875041135762
0.4000000000000004,-0.0023492509082154393
0.40000000000000047,-0.0004522750551320505
0.41000000000000014,-0.0002240084207822172
0.412,-0.006055618686698414
0.4153846153846153,-0.00026974187919418414
0.4153846153846153,-0.00026974187919418414
0.4153846153846153,-0.00026974187919418414
0.416,-0.0003149495374707895
0.41600000000000015,-0.00033742340957950936
0.4179999999999999,-0.00031798352743237196
0.4180000000000001,-0.0003168897973341243
0.42000000000000004,-0.00040001398213628436
0.42000000000000004,-0.00037192902357951216
0.42000000000000004,-0.00035221489192067577
0.4200000000000001,-0.0009848536160836684
0.4200000000000001,-0.00023817068102983152
0.4200000000000001,-0.00026078144232391363
0.4200000000000001,-0.0009848536160836684
0.42999999999999977,-0.00031528343015699967
0.42999999999999977,-0.0003264995958157189
0.4299999999999999,-0.001809511042970541
0.43200000000000005,-0.00027332657005748
0.4320000000000001,-0.0005535721254661605
0.4320000000000001,-0.0003092787049254133
0.4320000000000001,-0.00027276543437809936
0.43921568627450985,-0.00022023605519973618
0.44000000000000006,-0.0003576239141832157
0.4400000000000001,-0.0004997479334471162
0.44199999999999995,-0.0022114007859818856
0.44200000000000006,-0.00306345479644107
0.44799999999999995,-0.0003618847461604153
0.44800000000000006,-0.000430464120180662
0.4499999999999999,-0.00044991526697513065
0.45,-0.0035656787018771663
0.45,-0.00038375990529687686
0.45,-0.00037046521472513047
0.45,-0.00044847734345501136
0.45,-0.0010869956323345594
0.45,-0.00038563156468347033
0.45,-0.0014363416520082582
0.45,-0.000498178979124525
0.45000000000000007,-0.0004630785946729499
0.4500000000000001,-0.0013065606223371343
0.4500000000000001,-0.0013065606223371343
0.4500000000000001,-0.0012231015984460057
0.4500000000000001,-0.0012231015984460057
0.4500000000000001,-0.0012231015984460057
0.45263157894736844,-0.0010114630741293411
0.454,-0.0005923499968606161
0.454,-0.0005923499968606161
0.4540000000000002,-0.0008555956909470664
0.45625000000000004,-0.0003977202610782921
0.4599999999999999,-0.00038986244394223886
0.45999999999999996,-0.00045090204248254763
0.46,-0.011829446080798231
0.46,-0.0004715573619580625
0.46000000000000013,-0.0005322602288775285
0.4619999999999999,-0.0004977297378007289
0.4700000000000002,-0.0004425720840551864
0.47000000000000025,-0.00028624882262521
0.47000000000000025,-0.0003561990619376495
0.4799040191961606,-0.00043632441254602374
0.47990401919616077,-0.0002123455944902208
0.4799999999999997,-0.000715381908728368
0.4799999999999998,-0.0005459930296798414
0.47999999999999987,-0.00014237645773248735
0.47999999999999987,-0.0011538046125459387
0.47999999999999987,-0.0002053787915226254
0.47999999999999987,-0.00026282065324890444
0.4799999999999999,-0.0007405755503994405
0.4799999999999999,-0.00026117270817290866
0.48000000000000004,-0.0006988238016694123
0.48000000000000004,-0.00041594413419523415
0.4800000000000001,-0.00020248223940498176
0.48400000000000004,-0.00042130759370010356
0.4854368932038836,-0.0003495228527771989
0.48810250152532014,-0.00044929774830538443
0.48888888888888876,-0.0027496911812734275
0.48888888888888876,-0.0027496911812734275
0.48888888888888876,-0.0027496911812734275
0.4900000000000001,-0.0005268679402077881
0.4932975871313674,-0.0005241492983746333
0.4952830188679243,-0.0007576203476445713
0.49597024178549287,-0.00028255568197952313
0.49597024178549287,-0.0002971940562360513
0.49597024178549287,-0.00030209191480235403
0.4999999999999995,-0.0012979975745369655
0.4999999999999998,-0.0006009127536579239
0.49999999999999983,-0.0018183701605876063
0.49999999999999983,-0.0003492438462603757
0.49999999999999983,-0.0006890871225785115
0.49999999999999983,-0.0008027151549779356
0.4999999999999999,-0.000621670414504111
0.4999999999999999,-0.0003835193266785946
0.4999999999999999,-0.000795704648925917
0.4999999999999999,-0.005784588522944788
0.4999999999999999,-0.0006725599310314566
0.4999999999999999,-0.0005210817602971836
0.4999999999999999,-0.0003673004814846992
0.4999999999999999,-0.0003649030055508915
0.49999999999999994,-0.0005411541107737534
0.5,-0.00026841562971847044
0.5,-0.000313118198216754
0.5,-0.0005410365473524615
0.5,-0.0033153434945386064
0.5,-0.0006167752412016684
0.5,-0.0024214257533542974
0.5,-0.00044943404403977115
0.5,-0.0006391159623560179
0.5,-0.00042775521583396603
0.5,-0.0032252532259303894
0.5,-0.0003057865418408456
0.5,-0.0033153434945386064
0.5,-0.0004258882539999291
0.5,-0.00029480236425866
0.5,-0.0006167752412016684
0.5,-0.0024091994647583233
0.5,-0.0006167752412016684
0.5,-0.0006514100603353902
0.5,-0.0003418440900608108
0.5000000000000001,-0.0003722756350334239
0.5000000000000001,-0.00036910169722452024
0.5000000000000001,-0.00035358448150808595
0.5000000000000001,-0.0003722756350334239
0.5000000000000001,-0.00031296606483519605
0.5000000000000002,-0.00045794459199218705
0.5000000000000002,-0.0008883880020670624
0.5000000000000002,-0.0006570350747675684
0.5000000000000002,-0.0003357461005690979
0.5000000000000002,-0.000614041031364148
0.5000000000000003,-0.0006520738461054749
0.5010400000000004,-0.0003868077252102641
0.5015200000000001,-0.000404306966971529
0.5015200000000003,-0.0003849799623586447
0.5015200000000004,-0.00038611747638748946
0.5075199999999999,-0.0004280240402250347
0.5075200000000001,-0.0003613638273402488
0.5076142131979695,-0.0005297913721172344
0.5076142131979695,-0.0004793751276375123
0.5076142131979695,-0.0004793751276375123
0.50784,-0.0004578234136370216
0.50784,-0.0004578234136370216
0.51,-0.0004592168116288456
0.5118362124120281,-0.00020526010755962274
0.5119999999999999,-0.000404895266823601
0.5119999999999999,-0.00043646803383963744
0.5119999999999999,-0.0004073616955677389
0.512,-0.0002592789374583289
0.512,-0.0002592789374583289
0.512,-0.00025058739235500263
0.512,-0.0002600007815498793
0.5154639175257733,-0.0005327150033438005
0.5187200000000001,-0.0003606562425152449
0.52,-0.0003768203714300272
0.52,-0.0003768203714300272
0.52,-0.0003636702925880328
0.52,-0.0003636702925880328
0.5200000000000001,-0.0003959338424618122
0.5200000000000001,-0.0026555301381417126
0.5208333333333333,-0.0006606575490349243
0.5208333333333334,-0.0007141566417950894
0.5208333333333334,-0.0007135959735969594
0.528052805280528,-0.00024969612970597593
0.5280528052805281,-0.00027535990650241624
0.5280528052805282,-0.0002055274516914496
0.5287199999999999,-0.0003034662423863245
0.5287199999999999,-0.00030807261453784227
0.5300000000000001,-0.0003579557402030411
0.5300000000000001,-0.0003518325878893373
0.5333333333333332,-0.001228471107193189
0.5333333333333332,-0.0003114382268292122
0.5333333333333332,-0.00034723753458791037
0.5333333333333333,-0.0004179431002913463
0.5333333333333333,-0.0003114382268292122
0.5333333333333337,-0.00025047855227871456
0.5399999999999999,-0.0007137269363594002
0.54,-0.001028852289330744
0.5400000000000001,-0.0010192804035161888
0.5420054200542004,-0.0003173417316346613
0.5420054200542005,-0.0003470803502101875
0.5420054200542005,-0.0003470803502101875
0.5420054200542005,-0.0003470803502101875
0.5420054200542006,-0.00035056007368750725
0.5438477226376615,-0.00027334109385266427
0.55,-0.0002738892861400962
0.55,-0.0002694043830603005
0.55,-0.0002858299717806843
0.5500000000000002,-0.00043950668829932676
0.5517241379310345,-0.0010141864770130881
0.5517241379310345,-0.0014826169809551565
0.5598320503848846,-0.0002067965249976946
0.5598320503848846,-0.00019239218346608144
0.5598320503848846,-0.00022447564147884757
0.5598320503848846,-0.00023833023343398468
0.5599999999999999,-0.00034793894445847486
0.5600000000000002,-0.00023029120095544245
0.5600000000000002,-0.0002430065035111451
0.5600000000000002,-0.0002577063521781248
0.5600000000000002,-0.0002762623032088057
0.5600000000000002,-0.00026812417604836345
0.57,-0.0003706610184336178
0.5714285714285715,-0.0006582476230307511
0.5749999999999997,-0.000766332675510352
0.5749999999999997,-0.0009352905563815573
0.5749999999999997,-0.0010401459231394563
0.5749999999999997,-0.000766332675510352
0.5749999999999997,-0.0006273598928196232
0.5749999999999997,-0.0005750592096244378
0.5750000000000002,-0.00046307195435095694
0.5750000000000004,-0.000904117963462611
0.5760000000000001,-0.0003063656940659975
0.58,-0.000860290206735174
0.5818181822454543,-0.00014030114908467978
0.5818181822454543,-0.00014658907765666338
0.5833333333333334,-0.00047011055012323335
0.587,-0.000930432272381901
0.5870000000000002,-0.001000598665119417
0.5880000000000002,-0.0010968979700228833
0.5940594059405938,-0.0004121999402584092
0.5997474747474748,-0.000667011054065062
0.5999999999999998,-0.000765233528412149
0.5999999999999998,-0.0029629066205513004
0.5999999999999999,-0.0006153601814303612
0.5999999999999999,-0.0005648162681826286
0.5999999999999999,-0.0018796771531306175
0.5999999999999999,-0.0005578503349098905
0.5999999999999999,-0.0006013657704926158
0.5999999999999999,-0.0005648162681826286
0.6,-0.0007584271484368247
0.6,-0.00044603899296208316
0.6,-0.0006898741405140622
0.6,-0.0017936105821713634
0.6,-0.0004610175593751137
0.6,-0.0012782538454967473
0.6,-0.000331104569593891
0.6000000000000001,-0.0005155771737651694
0.6000000000000001,-0.0005155771737651694
0.6000000000000001,-0.0003347858983503616
0.6000000000000001,-0.0003064652564882458
0.6000000000000001,-0.00034377960856862383
0.6000000000000002,-0.0008694979718039272
0.6000000000000002,-0.00035863850660624365
0.6000000000000002,-0.002670663208272473
0.6000000000000003,-0.0005831113068721
0.600240096038415,-0.0003784288600786988
0.6002400960384153,-0.0011966849262872738
0.6002400960384153,-0.0009135081980877616
0.6002400960384158,-0.0003687969639879868
0.6052000000000002,-0.0003570043779718158
0.6080414912190615,-0.0003997822197797703
0.6159999999999998,-0.0001946748865103448
0.62,-0.0003037888725982486
0.62,-0.0003037888725982486
0.62,-0.00028502088473513035
0.62,-0.00033075622705310443
0.62,-0.0003037888725982486
0.62,-0.00028502088473513035
0.6200000000000001,-0.00029766662866578087
0.6329999999999998,-0.000862509712697086
0.6330000000000001,-0.0008607078692036601
0.6330000000000001,-0.0008607078692036601
0.6330000000000001,-0.0008607078692036601
0.6360000000000001,-0.0024073489035063996
0.6399999999999999,-0.00011025273623057393
0.64,-0.0002750901910945083
0.6400000000000001,-0.00045440289476468033
0.6400000000000001,-0.00051680423973252
0.6400000000000003,-0.0002124321130986764
0.6400000000000003,-0.00018713035866435143
0.6557377049180331,-0.0002354393299617513
0.6599999999999997,0.00015737317777116683
0.6634146341463414,-0.00021073070715161906
0.6666666666666663,-0.00020533086241273748
0.6666666666666664,-0.00044932237946478803
0.6666666666666665,-0.0007506288502224576
0.6666666666666667,-0.00033898941188114604
0.6700000000000003,-0.00035967613504778975
0.6700000000000003,-0.00034307495457748955
0.6700000000000003,-0.0003465986534438376
0.6700000000000003,-0.0003536791705646311
0.6700000000000003,-0.00035567617289491114
0.6835897435897436,-0.0005130277666576496
0.6854138327927175,-0.00033869051611713476
0.6857142857142857,-0.0002830682547585215
0.6875000000000001,-0.0008872060215711296
0.6899999999999998,-0.007582573935001345
0.6933333333333332,-0.00036136462443379263
0.6999999999999997,-0.00035037294568165766
0.6999999999999997,-0.00039633671295773284
0.6999999999999997,-0.00029466585295748903
0.6999999999999997,-0.00028069335932847387
0.6999999999999998,-0.0006774706738035952
0.7,-0.0002975196540771851
0.7000000000000001,-0.00033865524964583996
0.7000000000000001,-0.0002898686060610814
0.7000000000000003,-0.008504012977426456
0.707,-0.0009401848603344282
0.7070000000000002,-0.0008564318008402958
0.7160000000000001,-0.007909409529700987
0.7199999999999998,-0.0006908160736127693
0.72,-0.0007415703467636149
0.72,-0.0007415703467636149
0.7200000000000003,-0.0002605000034616933
0.7234042553191488,-0.00030921636011578947
0.72468085106383,-0.0003294620989466151
0.73,-0.0002704175578920716
0.7360000000000002,-0.0004905371766054665
0.7360000000000002,-0.0004905371766054665
0.7466666666666666,-0.00021156993441279697
0.7499999999999998,-0.0008590972136373551
0.7500000000000001,-0.000665187381887985
0.7523809523809524,-0.00039782105228853935
0.7523809523809524,-0.00039782105228853935
0.7529999999999998,-0.0009562524774709306
0.7555555555555558,-0.00020159553679066405
0.7555555555555558,-0.00020159553679066405
0.7575757575757573,-0.0006595917886732653
0.7575757575757573,-0.00034168591591129125
0.7575757575757575,-0.0002694068973999654
0.7575757575757576,-0.0010589816173119228
0.7575757575757577,-0.0002883494156036248
0.7575757575757577,-0.00033024787662415563
0.7666666666666665,-0.00026730043540829746
0.7677543186180422,-0.0002468730963834799
0.7999999999999996,-0.00021913416512722516
0.7999999999999996,-0.00021963199517610653
0.7999999999999996,-0.0003660079197257009
0.7999999999999997,-0.0002362944910125378
0.7999999999999997,-0.00024607235438702153
0.7999999999999997,-0.0028844848920902178
0.7999999999999997,-0.00034777823297857884
0.7999999999999997,-0.031132377285964314
0.7999999999999997,-0.00023659607123699845
0.7999999999999997,-0.00023978046417724936
0.7999999999999998,0.0005958743935218192
0.7999999999999998,-0.00026194731562205833
0.7999999999999998,-0.0007435271492289482
0.7999999999999998,-0.00026194731562205833
0.7999999999999998,-0.0007752416373006124
0.7999999999999998,-0.0007740230928271064
0.7999999999999999,-0.0005198166936544259
0.7999999999999999,-0.00023135345637695202
0.7999999999999999,-0.0006469087885106461
0.7999999999999999,-0.0002246242380451216
0.7999999999999999,-0.00022511303744837644
0.7999999999999999,-0.000248791881481236
0.7999999999999999,-0.000553579835203898
0.7999999999999999,-0.0002671569012057436
0.7999999999999999,-0.00024513693051424185
0.7999999999999999,-0.00022179432644740154
0.7999999999999999,-0.0002145256695929437
0.7999999999999999,-0.0004093191012838895
0.7999999999999999,-0.00022179432644740154
0.7999999999999999,-0.00022229215649628297
0.7999999999999999,-0.0004609490192443017
0.7999999999999999,-0.0004140303934005759
0.7999999999999999,-0.009389067867195105
0.7999999999999999,-0.00023135345637695202
0.8,-0.0005518164325213519
0.8,-0.0004759044826710997
0.8,-0.00026268455927413336
0.8,-0.00033501129348945065
0.8,-0.0002373654604579885
0.8,-0.000272387883121287
0.8,-0.009489349223412687
0.8000000000000002,-0.0007194910432662852
0.8000000000000003,-0.0002463879177515013
0.8000000000000003,-0.00018615893846579817
0.8000000000000003,-0.013883758330036324
0.8000000000000003,-0.0009472561567574263
0.8000000000000003,-0.00021451876837416808
0.8000000000000004,-0.00039675616532402265
0.809787234042553,-0.0002163702021715449
0.8099999999999998,-0.0013758593190731356
0.8160493827160493,-0.00011214635318574282
0.8160493827160493,-0.00011214635318574282
0.8160493827160493,-0.00011214635318574282
0.8160493827160493,-0.00011149610969788946
0.8275862068965522,-0.0006068819519578132
0.8316008316008318,-0.0003242390985636892
0.8333333333333333,-0.0004085729126454149
0.8333333333333333,-0.0003560081348279814
0.8333333333333333,-0.00035697316464334443
0.867924528301887,-0.000131998226901954
0.8703703703703703,-9.501933188523443e-05
0.8703703703703703,-0.0001597477261357174
0.8729999999999997,-0.0006797904203950889
0.8729999999999997,-0.0006797904203950889
0.8730000000000002,-0.00062698662638955
0.88,-0.00013889905297925081
0.88,-0.00013889905297925081
0.88,-0.00013889905297925081
0.891089108910891,-0.00022134865154147584
0.8999999999999998,-0.0006416975247636416
0.8999999999999998,-0.000650577832032551
0.9000000000000001,-0.00010781300363113602
0.9000161681487472,-0.00010317055499734183
0.9130000000000001,-0.0003251673945621978
0.9199999999999999,-0.000648291499638003
0.9200000000000003,-0.0006073047551554536
0.9200000000000003,-0.0006073047551554536
0.93,-0.00018208201932421133
0.93,-0.0001503546772237906
0.93,-0.00015095913897838773
0.93,-0.00013992227734107
0.93,-0.00015095913897838773
0.93,-0.0001495592937134173
0.93,-0.00017186761602149404
0.9444444444444445,-0.00018547238103335868
0.9500000000000004,-0.00037224272118305474
0.9500000000000004,-0.00037224272118305474
0.9569999999999999,-0.00034930297526481873
0.9677419354838711,-0.00011752963393791387
0.9722222222222217,-0.008923257491093513
0.9722222222222222,-0.006674688894040346
0.9899999999999999,-0.000488481646152179
0.9900000000000001,-0.0005057235005874648
0.9950000000000001,-0.00027471312141492846
0.9999999999999998,-0.000188425225344741
1.0,-0.001755211289216305
1.0,-0.0002694066269834651
1.0,-0.00030312059663986375
1.0000000000000002,-0.0002198601616302093
1.0011494252873563,-0.0001318390688845708
1.0011494252873563,-0.00014896727927234596
1.0069364161849712,-0.00014073768401298874
1.0088924818108327,-8.15700940835549e-05
1.009282700421941,-0.0001283974803717308
1.0300000000000002,-0.0001203230968561589
1.0333333333333334,-0.00014722331136920595
1.0370000000000001,-0.0002898294074863439
1.0399999999999996,-0.0005414291055451261
1.0399999999999996,-0.0005414291055451261
1.0399999999999998,-0.0005246346901248513
1.05,-4.158983066585512e-06
1.05,-7.626058738083466e-05
1.05,5.025802185561525e-06
1.05,-7.626058738083466e-05
1.05,-2.7602762120541878e-05
1.0625000000000004,-0.00044848654859832345
1.0699999999999998,-0.00034759866486798105
1.07,-0.000143436821920716
1.07,-0.00013678966043478865
1.07,-0.00013689760213362787
1.07,-0.00014242359738202197
1.0729999999999997,-0.00030880380525551306
1.0999999999999992,-0.003668723557047747
1.0999999999999999,-0.0009170449082166126
1.1000000000000003,-0.0005121662172926577
1.1394230769230764,-0.0008600740746180283
1.1394230769230778,-0.000773997264689844
1.1570000000000005,-0.00022394893246182086
1.1730000000000003,-0.00021935193725114617
1.2,-0.0003074075524397071
1.2,-0.0002451760876641843
1.2272727272727264,-0.0013013228874121092
1.2299999999999998,-0.00013854033550880768
1.249999999999999,-0.003925872025005472
1.2499999999999993,-0.003925872025005472
1.2499999999999998,-0.006970608353624903
1.2499999999999998,-0.005477954240444575
1.2499999999999998,-0.00015065007306369092
1.25,-0.007664018788329595
1.3000000000000005,-0.000551465918727778
1.3000000000000005,-0.0004950591293965368
1.3000000000000005,-0.00187971996083625
1.3000000000000005,-0.0020407725773259346
1.31,-0.0001370124905843587
1.4035087719298247,0.000280999677452779
1.4250000000000014,0.0019059026286180837
1.4305882352941177,7.205689853472498e-07
1.44,0.00046723754054860914
1.4400000000000002,-0.0005820500543637492
1.5200000000000002,0.0004325882925295312
1.5200000000000002,0.0005813830029061215
1.5200000000000002,0.0004899786394293382
1.5200000000000002,0.0004546952757764623
1.5200000000000002,0.0004072113575223505
1.6000000000000005,0.0004933475166075728
1.6000000000000005,0.00039693042457354265
1.6000000000000005,0.000615537452729266
1.6000000000000005,0.0004933475166075728
1.6000000000000005,0.0006315835338820725
1.6000000000000005,0.003107543547716949
1.6000000000000005,0.0006315835338820725
1.6000000000000005,0.003107543547716949
1.952941176470589,0.0018791544295248593
1.9999999999999993,0.0016584655870075288
1.9999999999999993,0.000948275844026216
1.9999999999999993,0.00189161330911294
1.9999999999999993,0.002474556069195811
1.9999999999999996,0.0028457525488028105
1.9999999999999998,0.01181868875594041
2.0,0.01578821248189302
2.0,0.011625272356587474
2.0,0.01564397082733304
2.0,0.015224686889910067
2.0,0.0015373810662320292
2.0,0.011625272356587474
2.0,0.027306440847737458
2.0,0.011033551092958248
2.0,0.0014286699019220674
2.0,0.01578821248189302
2.0,0.031007420681535218
2.0,0.024027451452800337
2.0,0.012549173823812675
2.0625000000000004,0.015471222280908496
2.070588235294117,0.001780856799181242
2.1764705882352957,0.0006940183129880442
2.1764705882352957,0.0007888421342283018
2.1764705882352957,0.0007787595266562664
2.2000000000000006,0.020501398517021027
2.369281045751634,0.001007065593695949
2.402402402402402,0.0005492296463521651
2.453333333333333,0.00048305228404828336
2.453333333333333,0.00048305228404828336
2.4766666666666657,0.0005398133318741131
2.488888888888889,0.0010664142766239457
2.560000000000001,0.0009043975140844676
2.8,0.0004430317318656688
2.8,0.0004430317318656688
2.8,0.0004430317318656688
2.9999999999999996,0.00023559813843354542
2.9999999999999996,0.0005495239867304039
3.1999999999999993,0.00031950778404592835
3.2,0.001005169863912602
3.2,-0.0005472157199108641
3.2,-0.0015784378138901853
3.2,-0.00044003413764978123
3.2,0.00033982977078741934
3.2000000000000015,0.00028286182785662405
5.0,0.0002901625310296643
5.999999999999998,0.00030802979028580015
6.3999999999999995,0.0003382952769577219
6.3999999999999995,0.000283819842669202
6.3999999999999995,0.000283819842669202
7.433962264150942,0.0002621759408396462
7.999999999999998,0.00039089551878311644
7.999999999999998,0.00029544225299903544
7.999999999999998,0.00025483001296602143
8.0,0.00041128448405195546
8.2,0.0003686124714673411
9.111111111111112,0.0002771801348219251
9.638554216867476,0.00033507200249366603
12.799999999999997,0.0003103646808948831
18.0,0.00047255862673512933
18.0,0.00028247512653653437
26.571428571428577,0.00027565425295802206
338.3999999999999,0.0008151580730185504
358.4,0.0006716154060213147
358.4,0.0005999030301580567
